customer_id,first_name,last_name,gender,date_of_birth,phone,email,city,region_id,customer_segment,registration_date
1,Rishi,Kunda,Female,1995-11-12,9725176424,rishi.kunda1@gmail.com,Bhubaneswar,7,Regular,2023-11-12
2,Oliver,Mane,Female,1989-04-26,9044713783,oliver.mane2@gmail.com,Chennai,8,Regular,2024-09-19
3,Nitesh,Kannan,Male,1991-05-07,9276289032,nitesh.kannan3@gmail.com,Pune,10,Gold,2026-03-17
4,Jack,Mangat,Female,1975-11-20,9186345825,jack.mangat4@gmail.com,Jaipur,9,Platinum,2024-07-10
5,Kai,Shan,Male,1974-07-31,9965967274,kai.shan5@gmail.com,Bhubaneswar,8,Regular,2024-04-12
6,Ekansh,Bawa,Male,2004-04-06,9192065376,ekansh.bawa6@gmail.com,Chennai,9,Regular,2026-07-22
7,Ekavir,Keer,Male,1992-01-08,9504426807,ekavir.keer7@gmail.com,Noida,8,Regular,2024-08-10
8,Forum,Kade,Female,1988-04-12,9256220547,forum.kade8@gmail.com,Visakhapatnam,6,Regular,2024-04-25
9,Benjamin,Chowdhury,Male,1997-06-18,9634336648,benjamin.chowdhury9@gmail.com,Lucknow,6,Silver,2026-05-26
10,Ekapad,Khanna,Male,1979-10-21,9764913169,ekapad.khanna10@gmail.com,Kolkata,10,Regular,2025-12-15
11,Ladli,Sachdev,Female,2007-02-12,9779724157,ladli.sachdev11@gmail.com,Mysore,3,Silver,2025-10-14
12,Niharika,Gara,Female,2003-12-30,9140172250,niharika.gara12@gmail.com,Warangal,12,Regular,2024-06-08
13,Pushti,Toor,Male,1982-06-18,9974180427,pushti.toor13@gmail.com,Kolkata,1,Regular,2026-06-21
14,Omisha,Chawla,Male,1993-11-11,9818321648,omisha.chawla14@gmail.com,Hyderabad,8,Regular,2025-11-27
15,Anjali,Rout,Male,2002-05-26,9532462702,anjali.rout15@gmail.com,Mumbai,2,Regular,2025-04-18
16,Osha,Sankar,Female,1993-06-19,9189590110,osha.sankar16@gmail.com,Hyderabad,10,Regular,2025-05-04
17,Madhav,Chakrabarti,Male,2001-11-17,9855616887,madhav.chakrabarti17@gmail.com,Kolkata,11,Silver,2024-05-06
18,Mohammed,Tella,Male,1972-10-06,9999672954,mohammed.tella18@gmail.com,Hyderabad,10,Regular,2024-01-07
19,Ikbal,Banik,Female,1979-12-11,9767430358,ikbal.banik19@gmail.com,Chennai,7,Regular,2023-11-27
20,Dhruv,Swaminathan,Male,1993-12-17,9966549513,dhruv.swaminathan20@gmail.com,Pune,4,Regular,2025-03-24
21,Dayita,Hayre,Female,2004-12-28,9557509220,dayita.hayre21@gmail.com,Nashik,12,Regular,2023-12-09
22,Yash,Dass,Male,1990-04-07,9193166872,yash.dass22@gmail.com,Pune,5,Silver,2024-12-22
23,Dhriti,Dixit,Male,1981-07-12,9501444678,dhriti.dixit23@gmail.com,Delhi,1,Silver,2024-07-09
24,Tejas,Dave,Female,2000-04-18,9327330642,tejas.dave24@gmail.com,Bangalore,12,Regular,2026-06-05
25,Jalsa,Karnik,Female,1978-02-07,9594893032,jalsa.karnik25@gmail.com,Surat,11,Silver,2025-07-27
26,Vansha,Kapoor,Female,1993-07-13,9749933348,vansha.kapoor26@gmail.com,Chennai,4,Regular,2024-04-08
27,Ekta,Sabharwal,Female,1966-09-29,9033028235,ekta.sabharwal27@gmail.com,Noida,2,Silver,2024-07-25
28,Anusha,Bhattacharyya,Female,1979-02-01,9303285575,anusha.bhattacharyya28@gmail.com,Vijayawada,7,Regular,2026-07-24
29,Devansh,Sha,Male,1999-07-04,9615800697,devansh.sha29@gmail.com,Mumbai,9,Regular,2023-08-07
30,Alexander,Bal,Male,1983-05-15,9997225239,alexander.bal30@gmail.com,Jaipur,8,Regular,2024-08-22
31,Vrishti,Divan,Male,1980-02-09,9355344021,vrishti.divan31@gmail.com,Visakhapatnam,12,Silver,2024-08-14
32,Ekapad,Bajaj,Female,1989-09-22,9626749381,ekapad.bajaj32@gmail.com,Noida,2,Regular,2024-05-12
33,Rudra,Sarma,Female,1991-07-21,9791808589,rudra.sarma33@gmail.com,Bangalore,12,Regular,2026-04-10
34,Aarav,Rege,Female,1986-08-16,9194959023,aarav.rege34@gmail.com,Bhubaneswar,11,Regular,2026-07-19
35,Suhani,Som,Female,1998-02-05,9616318893,suhani.som35@gmail.com,Vijayawada,8,Regular,2026-02-18
36,Ganga,Brar,Female,2001-01-12,9165341615,ganga.brar36@gmail.com,Surat,7,Regular,2024-02-05
37,Lohit,Tata,Male,1988-03-17,9738949712,lohit.tata37@gmail.com,Kochi,2,Regular,2023-12-18
38,Osha,Luthra,Female,1981-05-29,9423755318,osha.luthra38@gmail.com,Nashik,6,Regular,2026-04-16
39,Nandini,Dara,Male,1976-09-29,9204573926,nandini.dara39@gmail.com,Kolkata,12,Regular,2026-03-22
40,Jackson,Batta,Female,1999-01-20,9366726254,jackson.batta40@gmail.com,Bangalore,8,Silver,2026-04-03
41,Bhavani,Nayar,Male,1981-09-20,9566275720,bhavani.nayar41@gmail.com,Warangal,5,Regular,2024-09-01
42,Sudiksha,Varma,Male,2001-09-18,9442014424,sudiksha.varma42@gmail.com,Hyderabad,4,Platinum,2024-06-29
43,Tejas,Batta,Female,1985-07-26,9680850442,tejas.batta43@gmail.com,Ahmedabad,3,Regular,2026-05-10
44,Vihaan,Nadkarni,Female,2007-10-02,9570517351,vihaan.nadkarni44@gmail.com,Pune,8,Regular,2023-11-18
45,Eshana,Sule,Female,2007-08-30,9981942799,eshana.sule45@gmail.com,Lucknow,12,Regular,2024-09-09
46,Gaurangi,Sathe,Female,1991-08-05,9155288591,gaurangi.sathe46@gmail.com,Coimbatore,7,Regular,2024-11-04
47,Arya,Shroff,Female,1973-07-05,9300518189,arya.shroff47@gmail.com,Hyderabad,8,Regular,2024-03-17
48,Indira,Prabhakar,Male,1995-08-12,9791679270,indira.prabhakar48@gmail.com,Kolkata,11,Regular,2026-01-11
49,Yashica,Bose,Female,1976-04-03,9794194649,yashica.bose49@gmail.com,Hyderabad,3,Regular,2024-04-20
50,Warhi,Chandran,Male,1999-02-28,9214842975,warhi.chandran50@gmail.com,Bangalore,1,Regular,2026-01-27
51,Ryan,Mukhopadhyay,Male,1975-02-14,9625076289,ryan.mukhopadhyay51@gmail.com,Surat,12,Regular,2024-02-06
52,Parth,Toor,Female,1992-07-28,9450989093,parth.toor52@gmail.com,Vijayawada,2,Silver,2025-03-20
53,Yuvraj,Arora,Male,1969-04-28,9976009179,yuvraj.arora53@gmail.com,Mysore,2,Regular,2024-08-17
54,Manan,Karpe,Male,1979-10-14,9971735780,manan.karpe54@gmail.com,Bangalore,5,Regular,2025-04-09
55,Veer,Khalsa,Male,1969-10-27,9855191403,veer.khalsa55@gmail.com,Lucknow,1,Platinum,2026-07-26
56,Omkaar,Kadakia,Male,1994-06-23,9212134247,omkaar.kadakia56@gmail.com,Mysore,2,Regular,2024-02-17
57,Chaman,Sura,Male,1998-12-12,9684324075,chaman.sura57@gmail.com,Bangalore,10,Regular,2024-10-21
58,Chaaya,Pandey,Male,1983-11-11,9251139657,chaaya.pandey58@gmail.com,Bhubaneswar,5,Silver,2024-03-03
59,Raagini,Taneja,Female,1994-08-03,9869331703,raagini.taneja59@gmail.com,Noida,7,Silver,2025-08-23
60,Eta,Guha,Male,2003-10-26,9410150888,eta.guha60@gmail.com,Hyderabad,5,Silver,2025-11-05
61,Advaith,Nayar,Female,1975-09-17,9401674302,advaith.nayar61@gmail.com,Bhubaneswar,1,Silver,2024-04-21
62,Bina,Ram,Female,1983-09-06,9756402581,bina.ram62@gmail.com,Lucknow,11,Silver,2025-06-05
63,Vihaan,Rout,Female,1983-08-25,9361236178,vihaan.rout63@gmail.com,Warangal,1,Regular,2026-01-22
64,Dominic,Ramachandran,Male,1971-10-25,9196732603,dominic.ramachandran64@gmail.com,Noida,6,Regular,2023-12-04
65,Rushil,Jani,Male,2002-08-10,9788673062,rushil.jani65@gmail.com,Bhubaneswar,1,Silver,2024-07-27
66,Ekansh,Dutta,Male,1999-12-21,9292919633,ekansh.dutta66@gmail.com,Ahmedabad,1,Regular,2024-11-08
67,Kalpit,Sami,Female,1980-07-13,9971395776,kalpit.sami67@gmail.com,Delhi,2,Regular,2026-05-13
68,Aarnav,Barad,Female,1978-05-01,9252880866,aarnav.barad68@gmail.com,Surat,11,Silver,2024-11-03
69,Kamya,Peri,Male,1996-04-07,9429473238,kamya.peri69@gmail.com,Vijayawada,1,Regular,2025-04-26
70,Anay,Dhawan,Female,1971-07-26,9050764255,anay.dhawan70@gmail.com,Delhi,6,Regular,2024-07-17
71,Darpan,Kashyap,Female,2004-03-17,9875800414,darpan.kashyap71@gmail.com,Jaipur,2,Silver,2025-12-20
72,Divya,Vala,Male,1970-05-27,9900620324,divya.vala72@gmail.com,Delhi,12,Platinum,2025-07-08
73,Sanaya,Bansal,Female,1985-02-17,9484371361,sanaya.bansal73@gmail.com,Mysore,3,Regular,2023-12-21
74,Zaid,Vora,Male,1970-12-04,9832282974,zaid.vora74@gmail.com,Mumbai,10,Silver,2025-12-17
75,Bimala,Thaker,Female,1971-07-08,9009902193,bimala.thaker75@gmail.com,Mumbai,4,Regular,2026-03-02
76,Tejas,Bail,Female,1983-07-14,9937489673,tejas.bail76@gmail.com,Nashik,8,Regular,2024-01-24
77,Manan,Saraf,Male,1989-06-19,9514210924,manan.saraf77@gmail.com,Vijayawada,12,Regular,2025-01-18
78,Eiravati,Kala,Male,2007-06-07,9132932543,eiravati.kala78@gmail.com,Kochi,9,Regular,2026-03-04
79,Gautami,Chahal,Female,1994-11-14,9776765808,gautami.chahal79@gmail.com,Bangalore,5,Regular,2025-12-20
80,Veda,Bandi,Male,1997-08-30,9272028105,veda.bandi80@gmail.com,Nashik,2,Gold,2025-06-30
81,Pushti,Chakrabarti,Female,1997-12-31,9039727177,pushti.chakrabarti81@gmail.com,Warangal,2,Silver,2023-08-13
82,Dhruv,Jani,Female,1973-11-27,9904495311,dhruv.jani82@gmail.com,Nashik,1,Silver,2024-02-12
83,Zashil,Varkey,Male,1998-07-18,9102423218,zashil.varkey83@gmail.com,Vijayawada,12,Regular,2025-08-25
84,Thomas,Sagar,Female,1989-05-13,9386771674,thomas.sagar84@gmail.com,Bangalore,11,Silver,2025-08-06
85,Oscar,Som,Female,2002-05-05,9098549726,oscar.som85@gmail.com,Chennai,11,Regular,2023-10-30
86,Maanav,Sanghvi,Female,1990-05-17,9422633077,maanav.sanghvi86@gmail.com,Pune,5,Regular,2024-02-16
87,Anamika,Chaudhry,Female,1974-09-18,9061372531,anamika.chaudhry87@gmail.com,Chennai,9,Platinum,2023-09-17
88,Gaurang,Kulkarni,Male,1978-06-25,9579330309,gaurang.kulkarni88@gmail.com,Kolkata,3,Regular,2024-05-28
89,Viraj,Nanda,Female,1991-06-16,9539109616,viraj.nanda89@gmail.com,Delhi,1,Regular,2025-04-04
90,Arin,Murthy,Female,2005-01-30,9142931037,arin.murthy90@gmail.com,Delhi,7,Regular,2026-04-08
91,Zansi,Pai,Female,1984-06-15,9456555044,zansi.pai91@gmail.com,Mysore,4,Regular,2025-11-13
92,Onveer,Murty,Male,1999-05-20,9198263594,onveer.murty92@gmail.com,Surat,10,Regular,2023-11-27
93,Ayushman,Joshi,Female,2001-12-08,9947588809,ayushman.joshi93@gmail.com,Nashik,1,Regular,2024-07-04
94,Noah,Kalla,Female,2002-02-03,9174753501,noah.kalla94@gmail.com,Lucknow,2,Regular,2024-08-30
95,Victor,Raval,Male,1970-02-03,9437413661,victor.raval95@gmail.com,Surat,1,Regular,2025-06-19
96,Max,Wali,Female,2007-07-23,9075362508,max.wali96@gmail.com,Mysore,3,Regular,2024-03-28
97,Yug,Mangal,Female,1979-07-19,9392435575,yug.mangal97@gmail.com,Chennai,11,Silver,2025-10-01
98,Rachit,Bhatti,Male,1974-02-10,9465712440,rachit.bhatti98@gmail.com,Chennai,9,Regular,2026-01-27
99,Aryan,Ramesh,Male,2006-10-12,9096373246,aryan.ramesh99@gmail.com,Jaipur,9,Silver,2026-03-17
100,Hardik,Seshadri,Female,1978-07-16,9250938378,hardik.seshadri100@gmail.com,Visakhapatnam,4,Silver,2023-08-31
101,Janaki,Dara,Female,1976-06-17,9406954311,janaki.dara101@gmail.com,Noida,10,Silver,2024-08-09
102,Vasudha,Sandhu,Male,1970-06-07,9818298134,vasudha.sandhu102@gmail.com,Nashik,4,Regular,2023-12-02
103,Damini,Anne,Male,1997-02-22,9600856978,damini.anne103@gmail.com,Lucknow,11,Regular,2025-10-19
104,Theodore,Kapoor,Female,1986-12-16,9660194825,theodore.kapoor104@gmail.com,Coimbatore,8,Regular,2023-11-21
105,Vrinda,Kale,Female,1970-08-07,9817402387,vrinda.kale105@gmail.com,Noida,6,Regular,2025-05-17
106,Ayush,Shah,Male,1988-07-08,9309166272,ayush.shah106@gmail.com,Pune,5,Regular,2024-08-20
107,Wishi,Dara,Male,1988-09-08,9752557131,wishi.dara107@gmail.com,Mumbai,7,Silver,2025-03-27
108,Indali,Chandran,Male,1990-01-14,9164815608,indali.chandran108@gmail.com,Nashik,5,Regular,2025-03-23
109,Anika,Kale,Male,1982-02-18,9649984605,anika.kale109@gmail.com,Warangal,11,Regular,2023-11-19
110,Hardik,Bhatti,Female,2000-12-20,9421009518,hardik.bhatti110@gmail.com,Nashik,3,Regular,2023-09-11
111,Umang,Dara,Male,1986-02-22,9154262093,umang.dara111@gmail.com,Chennai,2,Regular,2024-10-30
112,Januja,Bala,Male,1982-06-28,9960520263,januja.bala112@gmail.com,Kolkata,3,Silver,2025-03-18
113,Yashasvi,Goel,Female,1975-12-11,9161474939,yashasvi.goel113@gmail.com,Surat,5,Silver,2024-09-07
114,Anya,Babu,Female,1982-09-30,9835210335,anya.babu114@gmail.com,Chennai,10,Regular,2025-12-07
115,Faras,Deep,Female,1972-08-24,9472381015,faras.deep115@gmail.com,Ahmedabad,6,Regular,2026-07-18
116,Meera,Roy,Male,1971-11-17,9893252166,meera.roy116@gmail.com,Visakhapatnam,2,Silver,2025-01-08
117,Jeremiah,Cheema,Male,2005-05-18,9061192220,jeremiah.cheema117@gmail.com,Chennai,10,Platinum,2025-02-11
118,Tripti,Tandon,Male,2000-08-27,9517657223,tripti.tandon118@gmail.com,Kochi,10,Regular,2023-12-12
119,Lakshmi,Bains,Male,1996-11-11,9426359403,lakshmi.bains119@gmail.com,Pune,8,Gold,2026-02-28
120,Rudra,Lala,Female,1995-03-13,9132504516,rudra.lala120@gmail.com,Coimbatore,10,Regular,2024-09-10
121,Chasmum,Ranganathan,Female,1966-10-20,9453802855,chasmum.ranganathan121@gmail.com,Coimbatore,8,Regular,2026-01-19
122,Dalaja,Sharma,Female,1995-12-06,9473983491,dalaja.sharma122@gmail.com,Hyderabad,2,Silver,2025-03-06
123,Janya,Datta,Female,1999-12-27,9478609836,janya.datta123@gmail.com,Vijayawada,12,Regular,2025-08-07
124,Amruta,Rajagopal,Male,1968-10-27,9457589065,amruta.rajagopal124@gmail.com,Noida,5,Regular,2025-07-10
125,Zarna,Loyal,Male,2002-09-20,9573940017,zarna.loyal125@gmail.com,Hyderabad,2,Regular,2024-04-05
126,Rehaan,Pathak,Female,1991-03-19,9411642838,rehaan.pathak126@gmail.com,Ahmedabad,4,Regular,2024-10-12
127,Udant,Khurana,Male,2008-03-06,9516330379,udant.khurana127@gmail.com,Nashik,3,Silver,2024-05-06
128,Mohammed,Barad,Female,1980-05-11,9287520164,mohammed.barad128@gmail.com,Delhi,11,Silver,2024-10-25
129,Ojasvi,Rajagopalan,Male,1974-05-22,9180120682,ojasvi.rajagopalan129@gmail.com,Lucknow,12,Silver,2023-09-01
130,Samaksh,Vig,Male,1983-03-20,9760083148,samaksh.vig130@gmail.com,Hyderabad,6,Regular,2025-02-03
131,Gaurang,Cheema,Male,1978-11-17,9026370494,gaurang.cheema131@gmail.com,Kochi,4,Silver,2025-08-29
132,Chakradhar,Toor,Male,1981-02-17,9558632698,chakradhar.toor132@gmail.com,Kolkata,1,Regular,2026-07-26
133,Charan,Iyer,Male,1999-10-15,9272751022,charan.iyer133@gmail.com,Ahmedabad,3,Silver,2023-10-08
134,Oni,Saha,Female,1995-03-18,9533568802,oni.saha134@gmail.com,Hyderabad,1,Regular,2024-02-09
135,Hemang,Bhakta,Male,1968-10-07,9793903993,hemang.bhakta135@gmail.com,Coimbatore,5,Regular,2024-07-10
136,Nandini,Bansal,Female,1982-01-08,9094885370,nandini.bansal136@gmail.com,Bhubaneswar,6,Regular,2026-05-05
137,Luke,Randhawa,Female,1999-11-05,9578691795,luke.randhawa137@gmail.com,Ahmedabad,11,Silver,2023-10-07
138,Ayush,Basak,Female,1982-10-27,9452195876,ayush.basak138@gmail.com,Vijayawada,4,Gold,2024-10-23
139,Ryan,Bal,Female,1979-08-14,9052422807,ryan.bal139@gmail.com,Warangal,10,Regular,2024-08-24
140,Theodore,Nagar,Male,1971-06-12,9915219298,theodore.nagar140@gmail.com,Nashik,8,Regular,2025-12-23
141,Thomas,Zacharia,Male,1972-05-08,9288780179,thomas.zacharia141@gmail.com,Delhi,5,Regular,2024-10-21
142,Girik,Dhingra,Male,2004-03-06,9482264354,girik.dhingra142@gmail.com,Visakhapatnam,7,Regular,2024-12-02
143,Warinder,Bhagat,Male,2001-09-25,9623549341,warinder.bhagat143@gmail.com,Nashik,12,Regular,2023-08-24
144,Jagdish,Mallick,Male,1978-08-29,9953221812,jagdish.mallick144@gmail.com,Visakhapatnam,3,Regular,2025-08-19
145,Barkha,Chaudhari,Male,1984-12-11,9366090907,barkha.chaudhari145@gmail.com,Jaipur,7,Silver,2024-04-27
146,Dipta,Bansal,Female,1990-07-20,9393464069,dipta.bansal146@gmail.com,Ahmedabad,1,Regular,2024-03-26
147,Elijah,Badal,Male,1985-10-24,9463726701,elijah.badal147@gmail.com,Bangalore,12,Regular,2025-07-15
148,Ayush,Garde,Female,1999-12-05,9137470313,ayush.garde148@gmail.com,Mysore,7,Silver,2024-06-25
149,Tamanna,Dhillon,Male,1978-10-13,9048290688,tamanna.dhillon149@gmail.com,Hyderabad,1,Silver,2024-04-21
150,Nikita,Khatri,Female,1973-06-06,9526167868,nikita.khatri150@gmail.com,Mumbai,9,Regular,2024-02-15
151,Elijah,Kashyap,Female,1997-02-15,9980968623,elijah.kashyap151@gmail.com,Bhubaneswar,5,Regular,2023-12-15
152,Yug,Pau,Male,1984-09-19,9000392047,yug.pau152@gmail.com,Warangal,1,Silver,2023-08-17
153,Geetika,Vyas,Female,1985-12-25,9565149813,geetika.vyas153@gmail.com,Warangal,10,Silver,2026-08-02
154,Chanchal,Jaggi,Female,1976-07-22,9944886881,chanchal.jaggi154@gmail.com,Visakhapatnam,11,Regular,2025-12-22
155,Kai,Gade,Female,1990-05-04,9555943981,kai.gade155@gmail.com,Kolkata,5,Regular,2025-10-01
156,Harini,Chaudhary,Male,2007-02-28,9976551577,harini.chaudhary156@gmail.com,Pune,12,Regular,2024-04-11
157,Inaya,Sharma,Female,1978-04-04,9244617686,inaya.sharma157@gmail.com,Ahmedabad,9,Platinum,2025-01-02
158,Inaya,Basak,Male,1975-10-16,9186416327,inaya.basak158@gmail.com,Kolkata,3,Regular,2026-07-01
159,Manthan,Sehgal,Female,1994-04-26,9852015579,manthan.sehgal159@gmail.com,Jaipur,5,Regular,2026-04-01
160,Ekaraj,Jayaraman,Male,1982-06-27,9813341087,ekaraj.jayaraman160@gmail.com,Visakhapatnam,3,Regular,2024-08-30
161,Vansha,Talwar,Female,1972-01-07,9946742622,vansha.talwar161@gmail.com,Visakhapatnam,5,Platinum,2026-05-31
162,Daniel,Roy,Male,1977-09-29,9221708952,daniel.roy162@gmail.com,Bhubaneswar,8,Regular,2023-08-26
163,Maanas,Raman,Male,1980-11-28,9025630809,maanas.raman163@gmail.com,Chennai,2,Regular,2026-02-17
164,Yashodhara,Parikh,Male,1998-11-04,9162951964,yashodhara.parikh164@gmail.com,Vijayawada,1,Regular,2024-01-11
165,Eesha,Varty,Male,1998-01-04,9517142953,eesha.varty165@gmail.com,Visakhapatnam,1,Regular,2024-04-27
166,Umang,Ravel,Female,1981-07-26,9249082620,umang.ravel166@gmail.com,Bhubaneswar,5,Platinum,2023-12-21
167,Anthony,Suresh,Female,1972-04-14,9402005144,anthony.suresh167@gmail.com,Nashik,9,Silver,2025-10-01
168,Oeshi,Mand,Male,1969-04-12,9742936501,oeshi.mand168@gmail.com,Warangal,4,Silver,2025-10-01
169,Ishita,Tata,Male,1969-08-21,9498348470,ishita.tata169@gmail.com,Bhubaneswar,11,Regular,2024-05-19
170,Ati,Vyas,Male,1979-03-16,9977826190,ati.vyas170@gmail.com,Kochi,9,Regular,2025-03-25
171,Ojasvi,Malhotra,Female,1981-07-02,9313735521,ojasvi.malhotra171@gmail.com,Mysore,10,Silver,2026-01-19
172,Manthan,Dugar,Male,1977-01-06,9770556750,manthan.dugar172@gmail.com,Surat,11,Regular,2025-04-10
173,Oliver,Khare,Male,1994-08-07,9014781805,oliver.khare173@gmail.com,Kolkata,8,Regular,2023-08-06
174,Lakshmi,Gandhi,Male,1984-09-15,9193206196,lakshmi.gandhi174@gmail.com,Visakhapatnam,6,Regular,2024-11-16
175,Chaitanya,Rana,Female,1986-05-26,9439962027,chaitanya.rana175@gmail.com,Lucknow,5,Regular,2025-11-08
176,Charles,Om,Female,1983-10-16,9392598047,charles.om176@gmail.com,Warangal,8,Regular,2023-12-04
177,Panini,Deshmukh,Female,1994-02-12,9328020828,panini.deshmukh177@gmail.com,Kochi,7,Regular,2025-12-27
178,Naksh,Kala,Male,1982-08-30,9373512141,naksh.kala178@gmail.com,Delhi,3,Silver,2026-05-24
179,Krisha,Gandhi,Male,1984-02-28,9190388420,krisha.gandhi179@gmail.com,Warangal,7,Gold,2025-10-23
180,Sathvik,Boase,Male,1995-11-10,9621058207,sathvik.boase180@gmail.com,Mysore,1,Silver,2026-04-25
181,Jagat,Kapadia,Male,1996-05-06,9920919985,jagat.kapadia181@gmail.com,Mysore,10,Silver,2024-12-13
182,Maanav,Menon,Female,2004-06-28,9508850713,maanav.menon182@gmail.com,Kolkata,9,Regular,2023-12-29
183,Ikbal,Subramaniam,Female,1993-02-08,9610935624,ikbal.subramaniam183@gmail.com,Bhubaneswar,7,Silver,2025-10-11
184,Amara,Bajwa,Male,1999-07-15,9472751451,amara.bajwa184@gmail.com,Vijayawada,12,Regular,2024-04-16
185,Zaitra,Rajagopalan,Male,2001-10-27,9652478493,zaitra.rajagopalan185@gmail.com,Surat,10,Regular,2024-10-11
186,Anvi,Badami,Male,1972-07-06,9639815567,anvi.badami186@gmail.com,Hyderabad,9,Silver,2024-11-07
187,Damini,Toor,Female,1999-07-24,9133891139,damini.toor187@gmail.com,Mysore,3,Regular,2023-11-18
188,Mekhala,Mall,Male,1979-10-09,9030379100,mekhala.mall188@gmail.com,Chennai,8,Regular,2025-06-09
189,Brijesh,Borah,Female,1995-05-06,9046851453,brijesh.borah189@gmail.com,Lucknow,7,Platinum,2024-08-28
190,Hardik,Lal,Female,1966-09-04,9340882551,hardik.lal190@gmail.com,Vijayawada,3,Regular,2024-07-21
191,Reyansh,Ramanathan,Female,1996-09-16,9948864530,reyansh.ramanathan191@gmail.com,Visakhapatnam,12,Regular,2025-04-25
192,Lekha,Sha,Female,1982-09-13,9075233737,lekha.sha192@gmail.com,Kolkata,6,Regular,2024-10-27
193,Viraj,Malhotra,Male,1979-04-19,9939516251,viraj.malhotra193@gmail.com,Bhubaneswar,9,Regular,2024-06-24
194,Manthan,Sawhney,Male,1992-01-23,9967266959,manthan.sawhney194@gmail.com,Ahmedabad,1,Regular,2025-10-21
195,Ekansh,Bumb,Male,1992-03-26,9096724455,ekansh.bumb195@gmail.com,Mumbai,11,Silver,2024-05-01
196,Yashoda,Gandhi,Female,1994-05-14,9127609364,yashoda.gandhi196@gmail.com,Bhubaneswar,1,Regular,2025-03-08
197,Triya,Loke,Female,1990-09-21,9907048668,triya.loke197@gmail.com,Visakhapatnam,3,Gold,2024-03-06
198,Rushil,Agrawal,Male,1966-10-21,9606121860,rushil.agrawal198@gmail.com,Coimbatore,7,Silver,2025-09-03
199,Finn,Mammen,Male,1993-08-17,9317708664,finn.mammen199@gmail.com,Bangalore,12,Regular,2024-10-11
200,Xalak,Ahluwalia,Male,1988-05-23,9408128044,xalak.ahluwalia200@gmail.com,Lucknow,5,Regular,2024-02-18
201,Jasmit,Sani,Male,1988-12-21,9586420446,jasmit.sani201@gmail.com,Chennai,5,Regular,2024-08-16
202,Rachita,Atwal,Male,1973-12-18,9799898176,rachita.atwal202@gmail.com,Vijayawada,4,Regular,2026-06-18
203,Sathvik,Nair,Male,1976-04-11,9651789532,sathvik.nair203@gmail.com,Visakhapatnam,1,Gold,2024-08-24
204,Diya,Biswas,Female,2000-03-21,9750114939,diya.biswas204@gmail.com,Bangalore,2,Regular,2024-03-09
205,William,Palla,Male,1976-12-23,9079872685,william.palla205@gmail.com,Hyderabad,2,Regular,2023-10-04
206,Alexander,Bhakta,Female,1970-07-05,9705054921,alexander.bhakta206@gmail.com,Visakhapatnam,9,Regular,2023-12-23
207,Vidhi,Badami,Female,1985-07-12,9444677803,vidhi.badami207@gmail.com,Jaipur,10,Platinum,2024-07-17
208,Mitali,Lall,Female,1973-12-30,9574872117,mitali.lall208@gmail.com,Surat,1,Regular,2024-06-30
209,Frederick,Kapur,Female,1990-09-23,9520961552,frederick.kapur209@gmail.com,Mysore,11,Silver,2024-03-15
210,Naksh,Raju,Male,1969-06-16,9757584235,naksh.raju210@gmail.com,Bhubaneswar,9,Gold,2026-04-04
211,Jacob,Bajaj,Female,1987-10-05,9973990480,jacob.bajaj211@gmail.com,Vijayawada,4,Silver,2025-12-08
212,Anya,Mitter,Female,1999-12-12,9123649776,anya.mitter212@gmail.com,Mumbai,12,Gold,2024-05-11
213,Chakradhar,Agate,Male,1985-12-02,9158472768,chakradhar.agate213@gmail.com,Jaipur,10,Regular,2023-11-10
214,Vanya,Kar,Female,2003-01-28,9523476664,vanya.kar214@gmail.com,Warangal,10,Regular,2025-02-19
215,Sanya,Sathe,Female,1978-10-30,9449865409,sanya.sathe215@gmail.com,Pune,12,Regular,2025-01-05
216,Mekhala,Deo,Male,1976-04-02,9049899352,mekhala.deo216@gmail.com,Visakhapatnam,2,Regular,2024-06-26
217,Dominic,Deshmukh,Male,2000-03-01,9298658051,dominic.deshmukh217@gmail.com,Bangalore,6,Regular,2025-06-27
218,Gunbir,Gokhale,Female,1984-08-22,9597743554,gunbir.gokhale218@gmail.com,Coimbatore,8,Silver,2025-02-19
219,Isha,Tailor,Female,1974-10-22,9837693450,isha.tailor219@gmail.com,Vijayawada,5,Regular,2024-04-21
220,Manthan,Nagy,Female,1970-01-09,9729606826,manthan.nagy220@gmail.com,Surat,6,Gold,2025-10-26
221,Vansha,Guha,Male,1971-05-17,9536125063,vansha.guha221@gmail.com,Mysore,10,Regular,2024-10-29
222,Pooja,D’Alia,Female,1979-05-17,9995866150,pooja.d’alia222@gmail.com,Lucknow,6,Regular,2025-03-28
223,Yachana,Thakkar,Female,1983-05-25,9841181826,yachana.thakkar223@gmail.com,Nashik,4,Silver,2023-09-05
224,Vasana,Kapur,Female,2003-06-17,9617571479,vasana.kapur224@gmail.com,Vijayawada,1,Regular,2025-04-01
225,Harish,Sanghvi,Female,2007-02-13,9378254049,harish.sanghvi225@gmail.com,Bhubaneswar,4,Regular,2025-08-08
226,Gabriel,Kibe,Female,1979-07-06,9468254591,gabriel.kibe226@gmail.com,Lucknow,4,Regular,2025-08-16
227,Radhika,Uppal,Female,1975-06-08,9779959468,radhika.uppal227@gmail.com,Mumbai,7,Regular,2024-06-14
228,Onveer,Jaggi,Male,2005-11-20,9692302827,onveer.jaggi228@gmail.com,Lucknow,5,Regular,2025-03-22
229,Hemangini,Sani,Male,1995-03-12,9300086358,hemangini.sani229@gmail.com,Bhubaneswar,1,Regular,2025-06-29
230,Saanvi,Koshy,Male,1974-10-03,9999173708,saanvi.koshy230@gmail.com,Kochi,11,Regular,2025-03-20
231,Sai,Gour,Female,1975-10-20,9249663200,sai.gour231@gmail.com,Mysore,1,Silver,2025-11-08
232,Darpan,Ravi,Male,1968-05-03,9837064105,darpan.ravi232@gmail.com,Kolkata,6,Regular,2024-04-14
233,Manan,Devan,Male,1998-11-12,9192163871,manan.devan233@gmail.com,Noida,3,Platinum,2024-05-19
234,Xiti,Mangal,Male,2007-01-11,9491422602,xiti.mangal234@gmail.com,Vijayawada,9,Regular,2026-04-14
235,Wridesh,Comar,Male,2001-06-23,9365625591,wridesh.comar235@gmail.com,Kolkata,11,Gold,2024-12-27
236,Praneel,Bains,Male,1983-01-29,9201557628,praneel.bains236@gmail.com,Jaipur,1,Regular,2023-12-01
237,Brijesh,Sankaran,Male,1999-11-10,9661386548,brijesh.sankaran237@gmail.com,Mumbai,7,Silver,2024-03-03
238,Nidra,Gokhale,Male,1999-02-17,9069232752,nidra.gokhale238@gmail.com,Bangalore,3,Regular,2025-05-18
239,Charles,Buch,Male,1993-08-22,9345906210,charles.buch239@gmail.com,Nashik,11,Gold,2023-10-29
240,Yatan,Jayaraman,Female,2001-02-18,9667245617,yatan.jayaraman240@gmail.com,Nashik,5,Regular,2025-02-22
241,Girish,Gopal,Male,1970-04-06,9872791251,girish.gopal241@gmail.com,Bhubaneswar,3,Regular,2026-04-09
242,Pahal,Nanda,Male,1975-02-15,9256484560,pahal.nanda242@gmail.com,Mysore,9,Platinum,2024-02-10
243,Yug,Vyas,Male,1978-01-14,9172500967,yug.vyas243@gmail.com,Bhubaneswar,3,Regular,2026-02-11
244,Pavani,Cheema,Male,2004-02-07,9906494991,pavani.cheema244@gmail.com,Delhi,6,Gold,2026-02-07
245,Hema,Merchant,Female,1971-07-18,9330404045,hema.merchant245@gmail.com,Vijayawada,10,Gold,2026-05-16
246,Luke,Bora,Female,1980-02-15,9065645708,luke.bora246@gmail.com,Coimbatore,3,Regular,2026-01-08
247,Waida,Sagar,Male,1970-03-19,9753733959,waida.sagar247@gmail.com,Pune,10,Regular,2026-04-27
248,Rushil,Bhakta,Female,1972-07-24,9109604009,rushil.bhakta248@gmail.com,Noida,5,Regular,2025-07-11
249,Dhriti,Jani,Female,1991-06-17,9884919547,dhriti.jani249@gmail.com,Coimbatore,1,Regular,2026-07-14
250,Ranbir,Chokshi,Male,1970-10-21,9572974676,ranbir.chokshi250@gmail.com,Nashik,7,Regular,2026-03-01
251,Vedika,Raval,Female,1981-09-20,9079342928,vedika.raval251@gmail.com,Lucknow,1,Regular,2026-02-03
252,Damini,Khalsa,Male,1984-12-29,9867425413,damini.khalsa252@gmail.com,Kochi,10,Regular,2024-01-10
253,Samesh,Sastry,Female,1991-12-24,9648329835,samesh.sastry253@gmail.com,Kochi,7,Silver,2024-03-18
254,Warinder,Krishna,Female,1972-01-26,9400820693,warinder.krishna254@gmail.com,Chennai,10,Silver,2026-06-19
255,Ayushman,Parsa,Male,2006-11-05,9946245431,ayushman.parsa255@gmail.com,Hyderabad,5,Regular,2024-09-20
256,Udant,Kant,Male,1984-12-14,9060479701,udant.kant256@gmail.com,Kochi,5,Gold,2024-04-16
257,Zilmil,Bora,Female,1987-11-19,9403627462,zilmil.bora257@gmail.com,Pune,2,Regular,2025-10-16
258,Aadi,Dyal,Male,1969-03-06,9300792642,aadi.dyal258@gmail.com,Chennai,1,Silver,2025-06-07
259,Isha,Mand,Female,1990-12-31,9640196460,isha.mand259@gmail.com,Visakhapatnam,11,Regular,2025-01-11
260,Rachana,Patla,Male,1980-08-03,9418988128,rachana.patla260@gmail.com,Visakhapatnam,3,Regular,2025-11-20
261,Bachittar,Chakraborty,Male,1979-09-08,9494007960,bachittar.chakraborty261@gmail.com,Chennai,3,Silver,2023-12-23
262,Indrajit,Bal,Male,1983-07-24,9362358460,indrajit.bal262@gmail.com,Bhubaneswar,7,Regular,2024-12-28
263,Rayaan,Savant,Female,1980-01-08,9810351116,rayaan.savant263@gmail.com,Mysore,2,Silver,2024-12-02
264,Zilmil,Jha,Female,1972-06-03,9418183168,zilmil.jha264@gmail.com,Vijayawada,5,Platinum,2026-01-21
265,Jacob,Subramaniam,Female,1996-12-08,9435211251,jacob.subramaniam265@gmail.com,Chennai,4,Regular,2024-08-30
266,Indrajit,Sabharwal,Male,1979-11-21,9141969383,indrajit.sabharwal266@gmail.com,Visakhapatnam,2,Silver,2024-12-29
267,Oliver,Rau,Male,1976-07-05,9854870451,oliver.rau267@gmail.com,Coimbatore,6,Regular,2025-02-03
268,Hamsini,Ganguly,Female,2001-09-16,9464221397,hamsini.ganguly268@gmail.com,Bhubaneswar,9,Regular,2026-05-12
269,Aarna,Wason,Male,1986-05-04,9683019201,aarna.wason269@gmail.com,Nashik,4,Regular,2025-05-15
270,Mugdha,Char,Female,1977-12-31,9529124222,mugdha.char270@gmail.com,Nashik,5,Regular,2025-04-06
271,Jatin,Dugar,Female,1986-01-10,9413846162,jatin.dugar271@gmail.com,Pune,10,Silver,2025-11-28
272,Gauri,Nair,Female,1994-11-15,9079303059,gauri.nair272@gmail.com,Mumbai,2,Silver,2024-11-23
273,Robert,Raja,Male,1969-11-09,9571097253,robert.raja273@gmail.com,Hyderabad,5,Silver,2023-11-09
274,Baghyawati,Sandhu,Female,1976-09-09,9662370354,baghyawati.sandhu274@gmail.com,Visakhapatnam,12,Regular,2024-06-27
275,Adweta,Mahal,Male,2000-10-08,9507962601,adweta.mahal275@gmail.com,Noida,3,Regular,2024-03-22
276,Orinder,Saraf,Female,2003-01-03,9583490491,orinder.saraf276@gmail.com,Vijayawada,3,Regular,2026-01-27
277,Watika,Padmanabhan,Male,1984-07-25,9797682665,watika.padmanabhan277@gmail.com,Delhi,5,Gold,2024-03-26
278,Jason,Kapur,Male,2000-10-01,9291183851,jason.kapur278@gmail.com,Bhubaneswar,4,Silver,2026-01-17
279,Wridesh,Sridhar,Female,1997-10-10,9828992826,wridesh.sridhar279@gmail.com,Mysore,4,Regular,2026-01-07
280,Sanya,Pant,Female,1988-11-20,9933955221,sanya.pant280@gmail.com,Noida,4,Regular,2024-02-22
281,Aryan,Tandon,Female,2008-03-05,9467706811,aryan.tandon281@gmail.com,Kolkata,3,Regular,2026-05-05
282,Ekalinga,Halder,Male,2000-06-12,9027478153,ekalinga.halder282@gmail.com,Vijayawada,1,Regular,2025-01-11
283,Yochana,Nagy,Male,1974-07-04,9244257302,yochana.nagy283@gmail.com,Vijayawada,8,Silver,2023-09-23
284,Omya,Ravi,Female,1976-02-22,9449698795,omya.ravi284@gmail.com,Lucknow,1,Regular,2023-11-17
285,Urishilla,Peri,Female,1989-09-10,9325802433,urishilla.peri285@gmail.com,Noida,10,Regular,2024-06-20
286,Suhani,Mammen,Male,1998-08-20,9409006598,suhani.mammen286@gmail.com,Pune,8,Regular,2024-11-11
287,Yatan,Dixit,Male,1975-10-16,9997244165,yatan.dixit287@gmail.com,Surat,4,Regular,2023-12-23
288,Dalaja,Sachar,Female,1985-07-03,9118789123,dalaja.sachar288@gmail.com,Chennai,8,Regular,2023-08-05
289,Amaira,Ganesh,Female,2005-09-05,9851002588,amaira.ganesh289@gmail.com,Ahmedabad,5,Regular,2025-06-09
290,Yutika,Mandal,Male,1986-05-23,9280773596,yutika.mandal290@gmail.com,Vijayawada,1,Silver,2024-01-25
291,Gopal,Kannan,Male,1973-07-03,9243189288,gopal.kannan291@gmail.com,Noida,5,Platinum,2024-05-04
292,Zayan,Viswanathan,Female,1981-01-04,9088609350,zayan.viswanathan292@gmail.com,Bangalore,1,Gold,2025-08-22
293,Yash,Deol,Female,2001-12-03,9487242003,yash.deol293@gmail.com,Warangal,1,Regular,2024-12-31
294,Suhani,Sathe,Male,2007-12-21,9396850026,suhani.sathe294@gmail.com,Jaipur,4,Regular,2025-06-20
295,Victor,Khurana,Female,2000-07-20,9088304034,victor.khurana295@gmail.com,Delhi,9,Regular,2025-12-16
296,Pallavi,Sur,Female,1977-04-18,9766728921,pallavi.sur296@gmail.com,Coimbatore,4,Gold,2023-09-27
297,Yashoda,Dube,Male,1974-06-01,9410369146,yashoda.dube297@gmail.com,Mysore,11,Regular,2025-06-04
298,Meera,Wable,Male,1982-03-14,9345623016,meera.wable298@gmail.com,Jaipur,3,Silver,2026-07-07
299,Faraj,Amble,Male,1969-09-30,9176559837,faraj.amble299@gmail.com,Bangalore,3,Regular,2024-02-17
300,Rayaan,Munshi,Female,1992-02-19,9272896703,rayaan.munshi300@gmail.com,Vijayawada,12,Regular,2026-04-27
301,Omya,Oza,Male,1992-06-28,9602426435,omya.oza301@gmail.com,Visakhapatnam,6,Gold,2025-03-30
302,Ayush,Ahluwalia,Female,1989-01-05,9363961273,ayush.ahluwalia302@gmail.com,Kolkata,6,Regular,2026-04-01
303,Upkaar,Aurora,Female,1988-11-12,9678481982,upkaar.aurora303@gmail.com,Hyderabad,9,Regular,2024-03-22
304,Abdul,Butala,Female,1996-01-10,9361988796,abdul.butala304@gmail.com,Bangalore,8,Silver,2024-08-04
305,Anusha,Garde,Female,1993-05-13,9589997711,anusha.garde305@gmail.com,Delhi,8,Gold,2023-09-02
306,Umang,Parikh,Male,1979-10-02,9916753353,umang.parikh306@gmail.com,Kolkata,10,Regular,2024-04-04
307,Balveer,Mutti,Male,1997-11-29,9073161362,balveer.mutti307@gmail.com,Surat,11,Regular,2025-08-15
308,Charan,Wable,Male,1981-04-22,9579553862,charan.wable308@gmail.com,Bhubaneswar,1,Platinum,2024-01-02
309,Sanaya,Atwal,Female,2005-06-03,9786597822,sanaya.atwal309@gmail.com,Coimbatore,4,Silver,2023-11-17
310,Chaaya,Bakshi,Male,1989-06-19,9404486326,chaaya.bakshi310@gmail.com,Visakhapatnam,6,Regular,2024-04-22
311,Bhavna,Iyengar,Female,1995-07-18,9043060371,bhavna.iyengar311@gmail.com,Noida,12,Regular,2025-10-21
312,Rishi,Agrawal,Female,1982-05-08,9008039278,rishi.agrawal312@gmail.com,Vijayawada,11,Silver,2025-09-18
313,Radha,Vala,Female,1981-06-29,9460133829,radha.vala313@gmail.com,Kolkata,7,Platinum,2026-04-02
314,Garima,Bahl,Male,1971-06-24,9057174618,garima.bahl314@gmail.com,Bangalore,1,Platinum,2023-12-16
315,Azaan,Khurana,Male,2006-08-27,9447904988,azaan.khurana315@gmail.com,Lucknow,12,Regular,2026-04-09
316,Hemangini,Solanki,Female,2008-06-16,9425646547,hemangini.solanki316@gmail.com,Hyderabad,2,Regular,2025-05-27
317,George,Bajwa,Female,1994-09-14,9793795868,george.bajwa317@gmail.com,Bhubaneswar,8,Silver,2024-10-08
318,Faqid,Sundaram,Male,1983-11-15,9489209735,faqid.sundaram318@gmail.com,Bhubaneswar,11,Regular,2024-01-11
319,Girindra,Tank,Female,1968-06-09,9242666392,girindra.tank319@gmail.com,Mysore,5,Silver,2025-08-12
320,Manya,Patla,Female,1989-07-07,9575880555,manya.patla320@gmail.com,Mysore,8,Regular,2025-06-20
321,Raghav,Majumdar,Male,1997-11-25,9710326726,raghav.majumdar321@gmail.com,Hyderabad,1,Regular,2025-06-14
322,Bina,Dutt,Female,1991-01-03,9554043968,bina.dutt322@gmail.com,Bhubaneswar,11,Regular,2025-12-18
323,Mugdha,Kannan,Male,1990-03-01,9832785079,mugdha.kannan323@gmail.com,Mumbai,10,Regular,2025-08-04
324,Naveen,Mani,Male,1989-05-10,9206439820,naveen.mani324@gmail.com,Pune,9,Regular,2025-12-27
325,Pranav,Agarwal,Male,1991-01-18,9392791210,pranav.agarwal325@gmail.com,Vijayawada,5,Regular,2024-02-18
326,Dayamai,Master,Male,1966-12-01,9260909124,dayamai.master326@gmail.com,Coimbatore,5,Regular,2023-10-03
327,Damini,Bora,Female,1981-06-12,9463720900,damini.bora327@gmail.com,Kochi,1,Regular,2024-07-02
328,Dayamai,Bassi,Male,2000-01-09,9707828366,dayamai.bassi328@gmail.com,Pune,12,Regular,2026-05-22
329,Gaurika,Wali,Male,2008-01-14,9986046532,gaurika.wali329@gmail.com,Warangal,5,Regular,2024-05-21
330,Tripti,Tella,Male,1987-03-24,9440830522,tripti.tella330@gmail.com,Mysore,10,Regular,2023-12-09
331,Vrishti,Jhaveri,Female,1986-03-01,9730098858,vrishti.jhaveri331@gmail.com,Pune,5,Regular,2024-11-13
332,Bahadurjit,Gola,Male,1972-03-29,9830556212,bahadurjit.gola332@gmail.com,Vijayawada,7,Regular,2024-09-14
333,Xiti,Sarkar,Female,2004-09-26,9744448218,xiti.sarkar333@gmail.com,Noida,12,Regular,2026-02-23
334,Damini,Chawla,Female,1980-06-02,9863602653,damini.chawla334@gmail.com,Bangalore,12,Regular,2026-04-29
335,Harshil,Kar,Male,1980-05-07,9370176919,harshil.kar335@gmail.com,Nashik,5,Gold,2026-05-01
336,Forum,Bhavsar,Male,1972-10-10,9928629268,forum.bhavsar336@gmail.com,Hyderabad,11,Silver,2026-05-03
337,Aahana,Mall,Male,1996-04-23,9075833345,aahana.mall337@gmail.com,Hyderabad,11,Regular,2023-12-02
338,Luke,Minhas,Female,1989-05-15,9552808290,luke.minhas338@gmail.com,Jaipur,7,Regular,2026-03-28
339,Anay,Singhal,Male,1978-04-04,9278511671,anay.singhal339@gmail.com,Ahmedabad,12,Regular,2025-03-14
340,Anusha,Kara,Female,1999-09-07,9580870912,anusha.kara340@gmail.com,Pune,1,Regular,2025-05-22
341,Vihaan,Merchant,Female,1969-10-17,9970007801,vihaan.merchant341@gmail.com,Coimbatore,9,Regular,2025-12-17
342,Yochana,Bhardwaj,Female,1977-06-06,9289608707,yochana.bhardwaj342@gmail.com,Coimbatore,8,Silver,2024-01-15
343,Alka,Chowdhury,Male,1990-11-25,9404774117,alka.chowdhury343@gmail.com,Surat,7,Regular,2025-11-23
344,Noah,Basu,Male,2002-05-01,9581604614,noah.basu344@gmail.com,Mumbai,4,Regular,2026-07-08
345,Brinda,Pall,Male,1982-11-04,9676949636,brinda.pall345@gmail.com,Bangalore,4,Regular,2026-05-08
346,Damyanti,Banik,Male,1981-12-26,9239978254,damyanti.banik346@gmail.com,Chennai,9,Regular,2025-11-20
347,Jagat,Venkataraman,Male,2005-04-28,9474178409,jagat.venkataraman347@gmail.com,Mysore,1,Regular,2025-02-27
348,Frederick,Jha,Female,1991-03-01,9294591095,frederick.jha348@gmail.com,Mumbai,5,Regular,2024-06-04
349,Banjeet,Jain,Male,1996-08-03,9809756077,banjeet.jain349@gmail.com,Hyderabad,6,Platinum,2024-06-07
350,Alexander,Manda,Female,2005-02-16,9644563881,alexander.manda350@gmail.com,Mumbai,1,Regular,2024-04-04
351,Mekhala,Natt,Female,1984-03-24,9597556490,mekhala.natt351@gmail.com,Jaipur,7,Regular,2025-04-05
352,Krishna,Sanghvi,Male,1966-11-15,9186296156,krishna.sanghvi352@gmail.com,Bhubaneswar,12,Regular,2024-05-28
353,Ronith,Sule,Female,1972-05-28,9105554592,ronith.sule353@gmail.com,Hyderabad,6,Regular,2026-06-01
354,Quincy,Dhaliwal,Female,1979-09-23,9691811639,quincy.dhaliwal354@gmail.com,Lucknow,10,Regular,2024-04-14
355,Oeshi,Choudhary,Female,2002-12-22,9571699092,oeshi.choudhary355@gmail.com,Mumbai,5,Silver,2026-02-13
356,Azaan,Ravi,Female,1989-12-14,9845309113,azaan.ravi356@gmail.com,Noida,6,Regular,2024-02-12
357,Warjas,Srinivasan,Female,2001-05-31,9227875961,warjas.srinivasan357@gmail.com,Surat,8,Platinum,2024-03-29
358,Upkaar,Buch,Female,1968-03-02,9685247791,upkaar.buch358@gmail.com,Surat,10,Regular,2024-07-30
359,Wishi,Gopal,Male,1994-04-30,9309782434,wishi.gopal359@gmail.com,Bangalore,6,Regular,2024-02-15
360,Kashvi,Atwal,Female,1990-02-20,9260868554,kashvi.atwal360@gmail.com,Kolkata,1,Regular,2025-09-17
361,Sathvik,Tata,Male,1987-08-10,9321341426,sathvik.tata361@gmail.com,Surat,3,Regular,2025-08-04
362,Unnati,Vig,Female,1982-07-27,9747371488,unnati.vig362@gmail.com,Jaipur,5,Regular,2023-11-21
363,Ekiya,Sarma,Male,1980-02-15,9257361801,ekiya.sarma363@gmail.com,Surat,1,Regular,2026-05-19
364,Lakshit,Atwal,Female,1984-11-07,9944874904,lakshit.atwal364@gmail.com,Mysore,2,Regular,2024-01-14
365,Eta,Dua,Male,1988-01-17,9016106431,eta.dua365@gmail.com,Kochi,3,Regular,2024-05-19
366,Raagini,Chawla,Female,1985-08-03,9318907751,raagini.chawla366@gmail.com,Mysore,11,Regular,2026-01-26
367,Aashi,Mittal,Male,1998-06-28,9103102823,aashi.mittal367@gmail.com,Mysore,9,Regular,2023-12-24
368,Bhavna,Khalsa,Female,1966-08-13,9995872049,bhavna.khalsa368@gmail.com,Noida,2,Platinum,2026-06-23
369,Nilima,Raj,Male,1983-04-27,9079379020,nilima.raj369@gmail.com,Mysore,5,Regular,2024-06-04
370,Wazir,Jha,Female,1983-04-27,9197450932,wazir.jha370@gmail.com,Jaipur,11,Regular,2024-02-26
371,Pushti,Dass,Male,1978-08-01,9146167113,pushti.dass371@gmail.com,Coimbatore,2,Regular,2023-11-23
372,Nirja,Handa,Male,1997-01-30,9334362217,nirja.handa372@gmail.com,Noida,3,Silver,2025-06-10
373,Lekha,Dubey,Female,1968-08-22,9847871130,lekha.dubey373@gmail.com,Warangal,2,Regular,2025-04-21
374,Radhika,Sengupta,Female,1989-05-16,9410359352,radhika.sengupta374@gmail.com,Ahmedabad,7,Silver,2025-04-23
375,Tanish,Bhat,Female,1973-03-04,9884567589,tanish.bhat375@gmail.com,Jaipur,10,Silver,2024-09-03
376,Damini,Sunder,Male,1987-07-27,9379746932,damini.sunder376@gmail.com,Mysore,2,Silver,2023-11-15
377,Baljiwan,Dhar,Female,1977-01-09,9872237133,baljiwan.dhar377@gmail.com,Nashik,5,Regular,2023-09-08
378,Wridesh,Bali,Male,1985-10-05,9772434991,wridesh.bali378@gmail.com,Chennai,1,Regular,2025-05-13
379,Kavya,Mahal,Male,1999-07-16,9264643992,kavya.mahal379@gmail.com,Nashik,5,Regular,2025-08-22
380,Vritti,Kuruvilla,Female,1982-04-24,9660253964,vritti.kuruvilla380@gmail.com,Surat,6,Regular,2024-08-08
381,Christopher,Jha,Male,2003-05-21,9674696576,christopher.jha381@gmail.com,Bhubaneswar,2,Regular,2023-12-14
382,Ekansh,Basu,Male,1974-04-06,9745969546,ekansh.basu382@gmail.com,Vijayawada,12,Regular,2023-11-27
383,Guneet,Borra,Female,1989-12-25,9091976304,guneet.borra383@gmail.com,Coimbatore,10,Regular,2024-01-24
384,Hemang,Merchant,Female,2000-03-07,9502778368,hemang.merchant384@gmail.com,Chennai,1,Regular,2025-09-21
385,Indrajit,Patla,Female,1996-09-24,9398424410,indrajit.patla385@gmail.com,Noida,7,Regular,2026-06-22
386,Jyoti,Date,Male,1967-04-16,9314067612,jyoti.date386@gmail.com,Lucknow,5,Regular,2025-09-25
387,Rajeshri,Atwal,Male,1992-02-28,9143091034,rajeshri.atwal387@gmail.com,Noida,4,Gold,2025-02-20
388,Hritik,Krishna,Female,1987-08-13,9828295569,hritik.krishna388@gmail.com,Lucknow,5,Silver,2025-07-22
389,Diya,Naik,Male,1991-06-12,9520364957,diya.naik389@gmail.com,Delhi,1,Silver,2025-11-19
390,Triya,Balasubramanian,Female,1974-06-02,9706343676,triya.balasubramanian390@gmail.com,Pune,10,Silver,2024-02-23
391,Aachal,Krishnan,Female,1986-09-14,9182021990,aachal.krishnan391@gmail.com,Noida,8,Regular,2025-06-08
392,Triveni,Dara,Male,1973-08-31,9110529533,triveni.dara392@gmail.com,Visakhapatnam,4,Silver,2025-03-14
393,Pallavi,Patla,Female,1981-03-27,9274868353,pallavi.patla393@gmail.com,Kochi,12,Regular,2025-08-23
394,Frederick,Peri,Male,1991-12-21,9754568884,frederick.peri394@gmail.com,Chennai,3,Regular,2024-09-23
395,Bahadurjit,Zachariah,Female,2000-08-26,9936747283,bahadurjit.zachariah395@gmail.com,Mumbai,8,Regular,2024-04-07
396,Tanmayi,Bakshi,Male,1995-03-07,9402795041,tanmayi.bakshi396@gmail.com,Lucknow,8,Silver,2026-01-03
397,Banjeet,Manne,Female,1980-02-10,9536233062,banjeet.manne397@gmail.com,Coimbatore,2,Regular,2025-06-05
398,Hritik,Walla,Female,1979-05-11,9316925548,hritik.walla398@gmail.com,Vijayawada,9,Gold,2026-07-25
399,Damyanti,Choudhry,Male,1995-03-24,9784589283,damyanti.choudhry399@gmail.com,Warangal,3,Gold,2026-02-08
400,Noah,Badami,Female,1970-08-20,9259119185,noah.badami400@gmail.com,Warangal,1,Regular,2026-05-20
401,Lohit,Purohit,Male,1969-09-24,9187809112,lohit.purohit401@gmail.com,Hyderabad,2,Silver,2024-09-18
402,Oviya,Manne,Male,1976-02-27,9596474823,oviya.manne402@gmail.com,Bangalore,8,Silver,2025-06-25
403,Kala,Dewan,Male,1975-07-24,9196793745,kala.dewan403@gmail.com,Lucknow,6,Silver,2024-11-20
404,Ijaya,Prasad,Female,1997-08-24,9251462370,ijaya.prasad404@gmail.com,Warangal,4,Regular,2026-02-11
405,Yashoda,Vyas,Female,2003-08-07,9603287609,yashoda.vyas405@gmail.com,Ahmedabad,6,Regular,2025-04-25
406,Ayaan,Gokhale,Female,1988-07-17,9585897541,ayaan.gokhale406@gmail.com,Bangalore,10,Silver,2024-12-17
407,Gautami,Pall,Male,1984-08-12,9374589467,gautami.pall407@gmail.com,Visakhapatnam,4,Silver,2025-05-16
408,Upma,Mani,Male,1997-06-06,9013361608,upma.mani408@gmail.com,Coimbatore,5,Regular,2026-06-25
409,Anita,Brar,Male,1970-01-17,9749796633,anita.brar409@gmail.com,Visakhapatnam,8,Regular,2025-10-27
410,Vyanjana,Loyal,Male,1999-07-12,9964807660,vyanjana.loyal410@gmail.com,Hyderabad,1,Regular,2026-06-27
411,Watika,Srivastava,Female,1970-03-29,9015538741,watika.srivastava411@gmail.com,Visakhapatnam,9,Gold,2025-11-11
412,Kamya,Mandal,Female,1972-12-13,9226808176,kamya.mandal412@gmail.com,Delhi,1,Regular,2024-02-25
413,Lavanya,Mukhopadhyay,Female,1997-07-27,9413106655,lavanya.mukhopadhyay413@gmail.com,Lucknow,10,Regular,2024-11-01
414,Januja,Yadav,Female,1996-08-08,9042414786,januja.yadav414@gmail.com,Surat,6,Regular,2025-03-01
415,Hema,Bobal,Female,1981-07-08,9374142119,hema.bobal415@gmail.com,Jaipur,8,Silver,2026-02-22
416,Samar,Lal,Female,2007-12-12,9080198399,samar.lal416@gmail.com,Surat,10,Silver,2024-10-07
417,Yashvi,Subramaniam,Male,1975-03-10,9562918271,yashvi.subramaniam417@gmail.com,Bangalore,1,Regular,2024-07-02
418,Eiravati,Palla,Female,1969-10-10,9607489191,eiravati.palla418@gmail.com,Mysore,2,Gold,2026-07-22
419,Ladli,Raval,Male,1969-12-07,9487424574,ladli.raval419@gmail.com,Noida,12,Gold,2025-12-14
420,Yasti,Bassi,Male,1974-02-10,9916735772,yasti.bassi420@gmail.com,Mumbai,7,Gold,2025-06-03
421,Max,Bakshi,Female,1999-03-27,9734794877,max.bakshi421@gmail.com,Kolkata,12,Silver,2024-05-20
422,Megha,Amble,Male,2007-12-01,9860136938,megha.amble422@gmail.com,Nashik,7,Regular,2026-03-30
423,Chandani,Gola,Male,1973-09-15,9894661447,chandani.gola423@gmail.com,Mysore,7,Regular,2024-03-18
424,Rachit,Raj,Male,1971-02-09,9717679913,rachit.raj424@gmail.com,Kochi,7,Regular,2024-07-21
425,Aradhana,Patil,Male,1977-03-02,9190525226,aradhana.patil425@gmail.com,Chennai,11,Regular,2025-05-14
426,Bhanumati,Dave,Male,1999-09-05,9020355337,bhanumati.dave426@gmail.com,Coimbatore,1,Platinum,2025-04-12
427,Farhan,Rau,Male,1967-10-09,9987695827,farhan.rau427@gmail.com,Kolkata,5,Regular,2025-12-23
428,Yagnesh,Ratti,Female,1994-06-22,9467896724,yagnesh.ratti428@gmail.com,Kolkata,3,Silver,2025-10-21
429,Aarav,Seth,Male,1971-04-09,9808494763,aarav.seth429@gmail.com,Nashik,12,Regular,2025-04-04
430,Umang,Cherian,Male,2006-11-28,9493521610,umang.cherian430@gmail.com,Ahmedabad,2,Gold,2024-07-24
431,Nicholas,Ramesh,Male,1969-02-27,9755575075,nicholas.ramesh431@gmail.com,Noida,9,Gold,2023-09-07
432,Yoshita,Ganesan,Female,1974-09-01,9491114147,yoshita.ganesan432@gmail.com,Mumbai,1,Gold,2026-07-28
433,Jeet,Sodhi,Male,1986-04-30,9769688741,jeet.sodhi433@gmail.com,Jaipur,8,Silver,2025-01-06
434,Yatin,Hari,Female,1978-05-15,9630054536,yatin.hari434@gmail.com,Kochi,10,Regular,2025-04-26
435,Abeer,Tata,Male,1968-12-26,9671338043,abeer.tata435@gmail.com,Bangalore,4,Regular,2023-10-22
436,Imaran,Virk,Male,2001-11-07,9302652752,imaran.virk436@gmail.com,Warangal,9,Regular,2023-08-26
437,Michael,Chakrabarti,Female,1992-08-29,9050927060,michael.chakrabarti437@gmail.com,Chennai,9,Regular,2026-05-13
438,Chanchal,Iyengar,Male,1987-10-06,9095597366,chanchal.iyengar438@gmail.com,Kolkata,11,Regular,2023-09-24
439,Damyanti,Rajan,Female,1991-07-12,9307958950,damyanti.rajan439@gmail.com,Visakhapatnam,12,Regular,2025-08-11
440,Nirja,Chadha,Male,1975-08-24,9087650713,nirja.chadha440@gmail.com,Pune,2,Regular,2025-10-20
441,Unni,Walia,Male,1974-01-11,9825419105,unni.walia441@gmail.com,Delhi,7,Silver,2026-06-09
442,Siya,Nori,Male,1982-04-18,9300338245,siya.nori442@gmail.com,Nashik,2,Gold,2025-12-25
443,Urvashi,Bhatt,Female,1993-11-29,9164865240,urvashi.bhatt443@gmail.com,Delhi,2,Regular,2026-05-14
444,Eesha,Issac,Female,1985-06-23,9298834725,eesha.issac444@gmail.com,Delhi,5,Silver,2024-10-18
445,Vinaya,Bath,Female,1974-05-24,9179973578,vinaya.bath445@gmail.com,Nashik,9,Regular,2024-06-11
446,Radha,Koshy,Female,1989-08-07,9726455664,radha.koshy446@gmail.com,Kolkata,5,Silver,2025-06-16
447,Indira,Patla,Female,1980-09-24,9717780783,indira.patla447@gmail.com,Hyderabad,11,Regular,2025-11-18
448,Raksha,Bala,Female,1987-12-07,9681345444,raksha.bala448@gmail.com,Bangalore,8,Regular,2024-12-11
449,Vrinda,Kuruvilla,Male,1976-03-29,9429719235,vrinda.kuruvilla449@gmail.com,Mumbai,2,Regular,2024-03-29
450,Kamya,Keer,Male,2006-10-21,9647346275,kamya.keer450@gmail.com,Bangalore,11,Regular,2025-07-06
451,Jeevika,Dora,Female,1982-06-01,9738162763,jeevika.dora451@gmail.com,Pune,12,Platinum,2026-02-09
452,Jhalak,Sidhu,Male,1980-11-04,9048922768,jhalak.sidhu452@gmail.com,Ahmedabad,3,Regular,2025-09-08
453,Joshua,Gandhi,Male,1985-02-04,9807070072,joshua.gandhi453@gmail.com,Bhubaneswar,10,Regular,2025-09-26
454,Chandani,Shah,Female,2007-02-17,9175342381,chandani.shah454@gmail.com,Surat,6,Platinum,2025-01-09
455,Osha,Oza,Female,1993-03-17,9366181452,osha.oza455@gmail.com,Visakhapatnam,6,Regular,2026-02-08
456,Gavin,Samra,Female,1968-05-10,9599079426,gavin.samra456@gmail.com,Visakhapatnam,6,Regular,2025-12-09
457,Hemangini,Chandran,Male,1969-04-01,9535140412,hemangini.chandran457@gmail.com,Chennai,12,Regular,2025-06-03
458,Ekavir,Khanna,Female,1972-12-12,9211723508,ekavir.khanna458@gmail.com,Kolkata,5,Regular,2024-07-04
459,Gavin,Hayer,Male,1999-08-16,9578486088,gavin.hayer459@gmail.com,Kolkata,8,Silver,2024-02-10
460,Brijesh,Gupta,Male,2003-09-11,9084911350,brijesh.gupta460@gmail.com,Ahmedabad,5,Regular,2026-01-19
461,Jhalak,Chaudhary,Male,1996-01-02,9545159831,jhalak.chaudhary461@gmail.com,Noida,7,Regular,2023-09-09
462,Falak,Kala,Female,1977-04-29,9270218321,falak.kala462@gmail.com,Visakhapatnam,7,Silver,2024-11-18
463,Aradhana,Dash,Male,1973-06-07,9469735549,aradhana.dash463@gmail.com,Bhubaneswar,6,Regular,2023-08-19
464,Amol,Devan,Female,1995-09-19,9470015974,amol.devan464@gmail.com,Ahmedabad,4,Gold,2023-08-11
465,Madhavi,Mohanty,Female,1984-06-19,9131591438,madhavi.mohanty465@gmail.com,Nashik,8,Regular,2025-04-07
466,Gavin,Rajagopal,Male,1978-06-03,9825084816,gavin.rajagopal466@gmail.com,Visakhapatnam,5,Silver,2024-12-19
467,Bina,Sridhar,Female,1979-09-18,9853014368,bina.sridhar467@gmail.com,Coimbatore,6,Regular,2025-01-01
468,Bimala,Devan,Male,2003-02-10,9333772357,bimala.devan468@gmail.com,Visakhapatnam,7,Silver,2023-08-06
469,Champak,Gulati,Female,1994-02-04,9650613891,champak.gulati469@gmail.com,Jaipur,10,Gold,2026-05-16
470,Rehaan,Sami,Male,1989-05-16,9587876509,rehaan.sami470@gmail.com,Delhi,2,Regular,2024-11-04
471,Mason,Prashad,Male,2005-12-20,9331159945,mason.prashad471@gmail.com,Vijayawada,10,Regular,2025-02-21
472,Mitesh,Kalita,Male,1988-06-12,9088490184,mitesh.kalita472@gmail.com,Warangal,5,Regular,2026-02-15
473,Joshua,Krish,Male,1978-05-11,9030319232,joshua.krish473@gmail.com,Noida,10,Silver,2026-07-12
474,Imaran,Dhar,Female,1999-08-10,9784280854,imaran.dhar474@gmail.com,Noida,10,Regular,2023-09-04
475,Dayita,Karan,Female,1995-05-19,9309191194,dayita.karan475@gmail.com,Jaipur,4,Regular,2023-12-15
476,Abdul,Maharaj,Female,1972-08-10,9476763184,abdul.maharaj476@gmail.com,Bangalore,10,Regular,2026-04-29
477,Manan,Ganesan,Female,1994-05-19,9999832553,manan.ganesan477@gmail.com,Vijayawada,9,Regular,2023-11-21
478,Ekanta,Desai,Female,2004-05-15,9904461394,ekanta.desai478@gmail.com,Delhi,1,Regular,2025-04-19
479,Yashawini,Gulati,Female,1983-05-16,9575010097,yashawini.gulati479@gmail.com,Nashik,7,Regular,2024-01-16
480,Yatin,Madan,Female,2003-10-03,9465184817,yatin.madan480@gmail.com,Warangal,3,Regular,2023-09-04
481,Darpan,Ghose,Female,1971-07-28,9171822224,darpan.ghose481@gmail.com,Pune,12,Silver,2024-09-24
482,Rayaan,Kapoor,Male,1988-03-23,9198385853,rayaan.kapoor482@gmail.com,Ahmedabad,2,Regular,2025-12-14
483,Rohan,Sundaram,Female,1997-11-06,9934572520,rohan.sundaram483@gmail.com,Lucknow,8,Regular,2026-06-17
484,Daniel,Nigam,Female,2000-01-18,9850327814,daniel.nigam484@gmail.com,Lucknow,10,Regular,2025-03-26
485,Sneha,Yadav,Male,2003-05-21,9315757148,sneha.yadav485@gmail.com,Lucknow,9,Platinum,2023-08-07
486,Jeet,Minhas,Female,1969-08-20,9851700157,jeet.minhas486@gmail.com,Bhubaneswar,4,Gold,2026-03-23
487,Balendra,Dayal,Male,1977-08-13,9763762770,balendra.dayal487@gmail.com,Vijayawada,11,Silver,2024-07-04
488,Balendra,Karpe,Female,1992-08-30,9210256928,balendra.karpe488@gmail.com,Delhi,2,Silver,2025-12-05
489,Netra,Murthy,Male,1985-06-14,9698820583,netra.murthy489@gmail.com,Chennai,7,Regular,2023-11-15
490,Quincy,Ghosh,Female,1989-05-11,9895247884,quincy.ghosh490@gmail.com,Bangalore,1,Regular,2025-10-12
491,Chakrika,Bhatnagar,Female,1990-11-18,9275498062,chakrika.bhatnagar491@gmail.com,Bangalore,3,Silver,2024-12-19
492,Tarak,Memon,Male,1985-10-18,9469436295,tarak.memon492@gmail.com,Warangal,5,Regular,2025-09-29
493,Vaishnavi,Narain,Female,1982-01-20,9673325052,vaishnavi.narain493@gmail.com,Kolkata,1,Silver,2025-01-03
494,Rachit,Chaudhuri,Female,1992-07-26,9292899918,rachit.chaudhuri494@gmail.com,Ahmedabad,3,Silver,2026-03-04
495,Chatresh,Parmar,Female,2003-11-12,9958564654,chatresh.parmar495@gmail.com,Lucknow,5,Regular,2025-06-07
496,Dev,Balan,Female,1967-12-25,9655828721,dev.balan496@gmail.com,Chennai,4,Regular,2026-06-24
497,Abdul,Master,Female,1998-08-28,9702242075,abdul.master497@gmail.com,Delhi,6,Regular,2025-01-09
498,Aayush,Dixit,Female,1987-01-15,9201187566,aayush.dixit498@gmail.com,Lucknow,5,Regular,2026-02-20
499,Urvashi,Mody,Female,1976-03-28,9708659844,urvashi.mody499@gmail.com,Mumbai,12,Silver,2025-05-20
500,Ijaya,Dubey,Female,1972-02-10,9466165792,ijaya.dubey500@gmail.com,Mysore,6,Regular,2026-04-11
501,Ishita,Ramakrishnan,Female,2004-11-01,9711314195,ishita.ramakrishnan501@gmail.com,Surat,8,Gold,2024-09-02
502,Lucky,Sarraf,Female,1973-10-24,9481427151,lucky.sarraf502@gmail.com,Mysore,12,Platinum,2025-01-08
503,Megha,Issac,Male,1967-04-04,9591100100,megha.issac503@gmail.com,Mysore,12,Regular,2024-04-14
504,Isaac,Gola,Male,1990-11-18,9909208225,isaac.gola504@gmail.com,Kochi,10,Regular,2026-03-12
505,Neelima,Yogi,Female,1966-08-25,9746260674,neelima.yogi505@gmail.com,Bhubaneswar,3,Silver,2025-04-23
506,Farhan,Thakur,Female,1983-06-20,9916596017,farhan.thakur506@gmail.com,Jaipur,4,Regular,2025-10-01
507,Ayushman,Vyas,Male,1985-11-25,9044003486,ayushman.vyas507@gmail.com,Lucknow,1,Silver,2023-09-25
508,Aayush,Halder,Female,1984-07-24,9770970532,aayush.halder508@gmail.com,Bangalore,6,Regular,2024-09-26
509,Yahvi,Om,Female,1988-01-25,9564215527,yahvi.om509@gmail.com,Vijayawada,7,Silver,2024-10-01
510,Zashil,Dugar,Female,1993-11-06,9088904124,zashil.dugar510@gmail.com,Delhi,7,Silver,2025-09-09
511,Faris,Padmanabhan,Female,1972-07-26,9310476431,faris.padmanabhan511@gmail.com,Jaipur,1,Regular,2024-11-27
512,Gagan,Tandon,Male,1988-06-02,9535393623,gagan.tandon512@gmail.com,Vijayawada,4,Silver,2023-09-06
513,Advika,Seshadri,Female,1988-07-26,9895805379,advika.seshadri513@gmail.com,Warangal,8,Platinum,2026-02-18
514,Sneha,Saxena,Female,2003-09-01,9217172865,sneha.saxena514@gmail.com,Coimbatore,6,Platinum,2024-05-20
515,Triya,Kant,Male,1971-10-17,9252344236,triya.kant515@gmail.com,Warangal,8,Regular,2023-08-12
516,Krishna,Dubey,Male,1975-10-09,9311929925,krishna.dubey516@gmail.com,Mumbai,10,Gold,2024-06-11
517,Robert,Oommen,Female,1972-08-10,9076971961,robert.oommen517@gmail.com,Kolkata,10,Silver,2023-09-22
518,Fariq,Lata,Female,1980-01-04,9971218070,fariq.lata518@gmail.com,Mumbai,11,Regular,2024-09-18
519,Ekansh,Sabharwal,Female,1986-12-05,9626153793,ekansh.sabharwal519@gmail.com,Mumbai,4,Silver,2026-05-15
520,Logan,Sani,Female,1980-01-21,9434931599,logan.sani520@gmail.com,Chennai,6,Regular,2023-10-27
521,Parth,Lad,Male,1995-10-03,9468572284,parth.lad521@gmail.com,Delhi,9,Regular,2025-06-07
522,Orinder,Naik,Female,1996-09-15,9163388757,orinder.naik522@gmail.com,Noida,5,Regular,2025-12-01
523,Darika,Shah,Male,1978-08-13,9850651861,darika.shah523@gmail.com,Kochi,5,Regular,2023-08-23
524,Hema,Grover,Female,2003-04-16,9261181245,hema.grover524@gmail.com,Noida,10,Regular,2025-07-01
525,Omisha,Nagarajan,Male,2006-04-23,9524891403,omisha.nagarajan525@gmail.com,Pune,8,Regular,2024-02-29
526,Anika,Srinivasan,Male,1999-10-20,9536721599,anika.srinivasan526@gmail.com,Coimbatore,1,Regular,2025-10-10
527,Ladli,Sarma,Female,2001-10-23,9029766234,ladli.sarma527@gmail.com,Kochi,1,Regular,2026-01-19
528,Sanya,Yogi,Female,1991-05-12,9634475658,sanya.yogi528@gmail.com,Lucknow,11,Silver,2026-04-22
529,Sneha,Kar,Male,1975-02-08,9947784380,sneha.kar529@gmail.com,Lucknow,1,Regular,2025-12-03
530,Nathan,Mangal,Female,1977-06-25,9568923989,nathan.mangal530@gmail.com,Delhi,7,Silver,2025-09-18
531,Osha,Oak,Female,1981-12-03,9381452170,osha.oak531@gmail.com,Visakhapatnam,10,Regular,2023-11-05
532,Ekaja,Varughese,Female,1967-10-16,9824113575,ekaja.varughese532@gmail.com,Vijayawada,10,Regular,2024-08-23
533,Sai,Mallick,Female,1991-02-03,9358206749,sai.mallick533@gmail.com,Warangal,11,Silver,2024-11-23
534,Shravya,Bhandari,Female,1986-01-09,9822653131,shravya.bhandari534@gmail.com,Coimbatore,10,Regular,2023-09-23
535,Gaurang,Dara,Male,1996-04-03,9413542969,gaurang.dara535@gmail.com,Bhubaneswar,8,Regular,2026-03-07
536,Panini,Saran,Male,2002-06-11,9340875739,panini.saran536@gmail.com,Vijayawada,4,Regular,2023-12-24
537,Ishanvi,Kapur,Male,1982-08-26,9724272474,ishanvi.kapur537@gmail.com,Mysore,12,Regular,2025-12-01
538,Meera,Dar,Female,1988-10-22,9702917179,meera.dar538@gmail.com,Kochi,12,Regular,2023-10-18
539,Vasatika,Bhargava,Male,1990-04-30,9102728585,vasatika.bhargava539@gmail.com,Kolkata,8,Regular,2025-06-18
540,Qadim,Narang,Male,2003-01-25,9486476439,qadim.narang540@gmail.com,Kolkata,12,Silver,2024-08-26
541,Vamakshi,Garde,Male,2003-05-27,9253986336,vamakshi.garde541@gmail.com,Vijayawada,6,Regular,2025-10-14
542,Mekhala,Mallick,Male,1967-09-02,9984886721,mekhala.mallick542@gmail.com,Pune,11,Platinum,2024-02-14
543,Ojas,Cheema,Male,2005-03-03,9215054625,ojas.cheema543@gmail.com,Jaipur,9,Regular,2026-07-10
544,Ijaya,Bhattacharyya,Female,1997-05-13,9683426329,ijaya.bhattacharyya544@gmail.com,Noida,6,Regular,2024-08-23
545,Advay,Shankar,Female,1979-07-31,9242180308,advay.shankar545@gmail.com,Jaipur,6,Regular,2026-01-26
546,Zilmil,Chhabra,Male,1993-05-25,9927564375,zilmil.chhabra546@gmail.com,Visakhapatnam,1,Regular,2024-04-27
547,Logan,Wali,Female,1973-03-08,9014957032,logan.wali547@gmail.com,Surat,7,Regular,2025-01-28
548,Nathan,Goyal,Female,2002-06-25,9686236675,nathan.goyal548@gmail.com,Hyderabad,3,Platinum,2024-05-23
549,Nikita,Ramachandran,Male,2002-01-04,9266550796,nikita.ramachandran549@gmail.com,Pune,1,Silver,2024-04-19
550,Warhi,Barman,Female,1998-12-04,9849480452,warhi.barman550@gmail.com,Bangalore,12,Regular,2024-04-26
551,Ayush,Pillai,Male,2001-09-07,9124498504,ayush.pillai551@gmail.com,Kolkata,4,Regular,2025-09-18
552,Nisha,Chana,Female,1977-07-25,9817282735,nisha.chana552@gmail.com,Surat,8,Silver,2024-08-24
553,Advay,Badal,Male,1984-06-29,9455959426,advay.badal553@gmail.com,Warangal,10,Silver,2024-08-10
554,Kamala,Parekh,Female,2008-04-06,9319173518,kamala.parekh554@gmail.com,Surat,9,Platinum,2023-09-30
555,Waida,Shenoy,Female,1974-10-14,9594595478,waida.shenoy555@gmail.com,Bangalore,1,Silver,2024-09-18
556,Samarth,Mani,Female,2005-03-25,9168376166,samarth.mani556@gmail.com,Kochi,3,Regular,2025-10-04
557,Ryan,Bhardwaj,Female,2002-08-06,9249046243,ryan.bhardwaj557@gmail.com,Ahmedabad,3,Gold,2023-08-23
558,Zilmil,Mani,Male,1979-10-12,9358313712,zilmil.mani558@gmail.com,Lucknow,12,Regular,2024-10-15
559,Madhavi,Barad,Male,1981-05-27,9352617091,madhavi.barad559@gmail.com,Mumbai,8,Gold,2025-01-17
560,Ranbir,Mutti,Female,1993-09-20,9921979371,ranbir.mutti560@gmail.com,Bangalore,10,Regular,2026-04-14
561,Yashoda,Devi,Male,1989-01-19,9816164347,yashoda.devi561@gmail.com,Warangal,12,Silver,2026-04-26
562,Ekantika,Kant,Male,2002-09-10,9814455812,ekantika.kant562@gmail.com,Kochi,12,Regular,2025-09-26
563,Veer,Tiwari,Male,1973-07-28,9977714520,veer.tiwari563@gmail.com,Mysore,1,Silver,2023-09-28
564,Eesha,Deshmukh,Female,1977-03-08,9048808028,eesha.deshmukh564@gmail.com,Chennai,3,Regular,2026-06-30
565,Luke,Sami,Male,1988-01-30,9116240631,luke.sami565@gmail.com,Lucknow,10,Platinum,2023-09-09
566,Chaitanya,Karan,Male,1969-03-16,9619439306,chaitanya.karan566@gmail.com,Mumbai,5,Gold,2023-09-08
567,Chasmum,Bassi,Female,1968-06-27,9135828141,chasmum.bassi567@gmail.com,Jaipur,8,Regular,2025-03-15
568,Tanveer,Biswas,Female,1969-12-08,9874709648,tanveer.biswas568@gmail.com,Pune,6,Regular,2025-09-10
569,Fiyaz,Chaudhari,Female,1970-07-13,9930341690,fiyaz.chaudhari569@gmail.com,Bangalore,12,Regular,2025-10-13
570,Charles,Saha,Female,2003-03-17,9614369962,charles.saha570@gmail.com,Chennai,9,Regular,2025-02-04
571,Ucchal,Minhas,Female,1975-04-10,9778214568,ucchal.minhas571@gmail.com,Lucknow,10,Regular,2025-12-23
572,Faris,Soman,Male,1991-03-18,9369762778,faris.soman572@gmail.com,Jaipur,9,Silver,2025-06-26
573,Aashi,Pandya,Female,1978-07-19,9887147302,aashi.pandya573@gmail.com,Bangalore,1,Regular,2025-10-10
574,Hardik,Choudhury,Male,1970-07-02,9130823902,hardik.choudhury574@gmail.com,Mumbai,1,Silver,2024-07-02
575,Logan,Anne,Female,1988-06-11,9962041001,logan.anne575@gmail.com,Hyderabad,4,Regular,2023-08-24
576,Zashil,Bail,Male,1997-12-06,9635783989,zashil.bail576@gmail.com,Noida,10,Silver,2025-12-20
577,Manya,Boase,Female,1984-07-19,9332506873,manya.boase577@gmail.com,Coimbatore,2,Regular,2023-11-05
578,Yatin,Dhawan,Male,1997-04-07,9844890599,yatin.dhawan578@gmail.com,Ahmedabad,2,Gold,2025-07-13
579,Falan,Wali,Female,1980-04-07,9443578036,falan.wali579@gmail.com,Bangalore,3,Silver,2025-12-09
580,Gabriel,Chopra,Male,1999-03-01,9530650627,gabriel.chopra580@gmail.com,Bangalore,6,Regular,2025-08-31
581,Upma,Chana,Male,1997-01-22,9178866901,upma.chana581@gmail.com,Bhubaneswar,10,Silver,2025-05-01
582,Neha,Murthy,Female,1975-12-18,9284376066,neha.murthy582@gmail.com,Visakhapatnam,7,Regular,2024-02-03
583,Jack,Sane,Male,2001-01-23,9823452075,jack.sane583@gmail.com,Kochi,10,Regular,2026-07-14
584,Gaurav,Basak,Female,1980-09-20,9680219055,gaurav.basak584@gmail.com,Ahmedabad,8,Regular,2023-09-30
585,Bimala,Wali,Female,1976-11-06,9059414288,bimala.wali585@gmail.com,Pune,6,Regular,2025-09-08
586,Krishna,Borde,Male,1980-04-09,9633646141,krishna.borde586@gmail.com,Visakhapatnam,7,Regular,2026-06-08
587,Darpan,Swamy,Female,1993-05-04,9299306905,darpan.swamy587@gmail.com,Nashik,9,Regular,2024-01-22
588,Rushil,Saran,Male,1986-07-07,9284843464,rushil.saran588@gmail.com,Hyderabad,10,Regular,2025-02-02
589,Eiravati,Pandya,Female,2000-01-21,9067132410,eiravati.pandya589@gmail.com,Noida,2,Gold,2023-09-07
590,Jatin,Datta,Female,1980-04-06,9647247120,jatin.datta590@gmail.com,Hyderabad,6,Regular,2024-10-08
591,Jackson,Palla,Female,1983-12-03,9478124396,jackson.palla591@gmail.com,Chennai,3,Regular,2024-09-29
592,Yashoda,Sanghvi,Female,1970-02-11,9680348644,yashoda.sanghvi592@gmail.com,Jaipur,10,Regular,2026-07-28
593,Siddharth,Gade,Female,1969-02-07,9489020228,siddharth.gade593@gmail.com,Kolkata,2,Regular,2026-06-30
594,Avni,Mangat,Male,1979-09-12,9342501750,avni.mangat594@gmail.com,Hyderabad,11,Silver,2025-04-06
595,Harinakshi,Char,Female,2003-09-08,9913686206,harinakshi.char595@gmail.com,Hyderabad,9,Silver,2025-06-18
596,Vidhi,Kashyap,Male,1979-06-22,9818649548,vidhi.kashyap596@gmail.com,Visakhapatnam,4,Regular,2024-06-05
597,Aadi,Sandal,Female,2000-03-26,9455626763,aadi.sandal597@gmail.com,Vijayawada,1,Regular,2024-10-02
598,Victor,Bumb,Male,1997-03-21,9952074663,victor.bumb598@gmail.com,Warangal,9,Regular,2024-01-31
599,Samar,Bala,Male,1968-03-19,9980867293,samar.bala599@gmail.com,Noida,12,Regular,2024-12-23
600,Qarin,Chanda,Male,1974-05-24,9406891647,qarin.chanda600@gmail.com,Coimbatore,8,Silver,2025-10-03
601,Yagnesh,Sandal,Male,1979-11-05,9375044139,yagnesh.sandal601@gmail.com,Coimbatore,10,Regular,2024-07-06
602,Dominic,Barad,Male,1987-11-20,9506239626,dominic.barad602@gmail.com,Lucknow,1,Regular,2026-02-11
603,Hema,Sha,Female,1982-09-14,9316654904,hema.sha603@gmail.com,Jaipur,5,Gold,2026-01-09
604,Akshay,Date,Female,2002-04-24,9416142365,akshay.date604@gmail.com,Jaipur,5,Silver,2023-11-21
605,Elijah,Hayer,Female,2002-08-16,9263158604,elijah.hayer605@gmail.com,Warangal,4,Silver,2024-09-13
606,Veer,Tara,Female,1991-01-29,9185260353,veer.tara606@gmail.com,Warangal,11,Regular,2026-07-30
607,Manthan,Kant,Male,1990-01-09,9311112799,manthan.kant607@gmail.com,Jaipur,1,Silver,2025-09-22
608,Ranbir,Guha,Female,2000-01-04,9456570950,ranbir.guha608@gmail.com,Noida,12,Gold,2025-09-09
609,Jhalak,Doctor,Male,1996-11-29,9120177532,jhalak.doctor609@gmail.com,Bhubaneswar,6,Silver,2025-02-01
610,Falak,Padmanabhan,Male,2006-03-24,9060164777,falak.padmanabhan610@gmail.com,Jaipur,11,Regular,2025-07-16
611,Warinder,Narasimhan,Male,1984-06-02,9640455293,warinder.narasimhan611@gmail.com,Lucknow,6,Regular,2025-11-23
612,Dhruv,Balan,Male,1990-08-10,9122324719,dhruv.balan612@gmail.com,Delhi,8,Regular,2026-02-20
613,Aarush,Chaudhuri,Male,1968-12-30,9241996625,aarush.chaudhuri613@gmail.com,Pune,10,Silver,2023-11-29
614,Saanvi,Barad,Male,1998-01-07,9171538720,saanvi.barad614@gmail.com,Nashik,8,Gold,2023-11-27
615,Chandresh,Bains,Female,2007-01-25,9697910210,chandresh.bains615@gmail.com,Warangal,6,Regular,2024-12-15
616,Pallavi,Ravi,Female,1997-02-04,9487034914,pallavi.ravi616@gmail.com,Pune,5,Regular,2023-08-21
617,Warda,Choudhary,Male,1992-05-19,9273587279,warda.choudhary617@gmail.com,Chennai,2,Regular,2024-06-20
618,Adweta,Mittal,Female,1974-07-16,9204705328,adweta.mittal618@gmail.com,Coimbatore,5,Regular,2026-03-08
619,Qadim,Dara,Female,1972-06-04,9488465566,qadim.dara619@gmail.com,Kochi,11,Regular,2025-01-27
620,Om,Wable,Male,1998-06-19,9754460842,om.wable620@gmail.com,Hyderabad,4,Regular,2023-08-07
621,Raksha,Devan,Male,1972-04-26,9369309980,raksha.devan621@gmail.com,Bhubaneswar,6,Regular,2026-06-21
622,Ryan,Bains,Female,1992-08-18,9251506268,ryan.bains622@gmail.com,Kolkata,5,Regular,2023-09-29
623,Niharika,Ratta,Male,1975-07-31,9522401892,niharika.ratta623@gmail.com,Visakhapatnam,6,Gold,2025-05-29
624,Yuvraj,Jain,Female,1997-04-17,9051322181,yuvraj.jain624@gmail.com,Bangalore,2,Regular,2023-10-29
625,Sachi,Parmer,Male,1987-05-14,9018700497,sachi.parmer625@gmail.com,Nashik,6,Regular,2024-06-12
626,Gauri,Sood,Male,1988-10-07,9904421895,gauri.sood626@gmail.com,Coimbatore,5,Regular,2025-04-07
627,Nidhi,Hayer,Female,1994-03-26,9139740541,nidhi.hayer627@gmail.com,Hyderabad,7,Regular,2025-10-13
628,Hamsini,Dhingra,Female,2003-07-20,9681694738,hamsini.dhingra628@gmail.com,Kolkata,6,Gold,2025-02-17
629,Pavani,Shroff,Male,1982-03-08,9356127530,pavani.shroff629@gmail.com,Bhubaneswar,3,Silver,2026-05-04
630,Oliver,Roy,Female,2000-04-25,9666562749,oliver.roy630@gmail.com,Mumbai,3,Regular,2023-11-21
631,Wahab,Divan,Male,1996-10-24,9196146167,wahab.divan631@gmail.com,Nashik,9,Platinum,2026-03-29
632,Aarush,Bhandari,Female,1994-12-27,9280118592,aarush.bhandari632@gmail.com,Nashik,2,Regular,2023-10-20
633,Yashoda,Sachdeva,Female,1976-08-31,9837003688,yashoda.sachdeva633@gmail.com,Mysore,7,Platinum,2026-04-10
634,Dalaja,Bala,Male,2003-09-07,9991371369,dalaja.bala634@gmail.com,Kolkata,1,Silver,2024-08-23
635,Hemang,Edwin,Male,1985-05-16,9655637795,hemang.edwin635@gmail.com,Nashik,11,Regular,2025-03-17
636,Imaran,Palla,Male,1990-05-13,9933363198,imaran.palla636@gmail.com,Bhubaneswar,5,Silver,2025-11-02
637,Isha,Murty,Female,2003-10-11,9796232931,isha.murty637@gmail.com,Mysore,5,Regular,2023-11-17
638,Mitali,Kumar,Female,1988-06-16,9870038160,mitali.kumar638@gmail.com,Surat,10,Regular,2024-03-15
639,Bhavini,Suresh,Male,1971-01-07,9014643360,bhavini.suresh639@gmail.com,Bangalore,1,Regular,2024-08-12
640,Meera,Kannan,Female,1989-12-08,9202137928,meera.kannan640@gmail.com,Pune,6,Gold,2026-04-01
641,Baljiwan,Rege,Male,1982-08-21,9292279519,baljiwan.rege641@gmail.com,Nashik,10,Regular,2026-07-30
642,Kamya,More,Female,1967-02-24,9508963320,kamya.more642@gmail.com,Noida,10,Regular,2026-02-19
643,Turvi,Sandhu,Female,1969-07-25,9209895068,turvi.sandhu643@gmail.com,Ahmedabad,10,Regular,2025-04-18
644,Dayita,Brahmbhatt,Male,1998-02-18,9207928758,dayita.brahmbhatt644@gmail.com,Pune,10,Regular,2024-10-10
645,Jeet,Kari,Male,1970-06-11,9754534320,jeet.kari645@gmail.com,Chennai,2,Regular,2023-10-18
646,Devika,Om,Female,1969-12-30,9770091956,devika.om646@gmail.com,Chennai,3,Silver,2026-04-14
647,Ekiya,Babu,Male,1978-09-06,9799800572,ekiya.babu647@gmail.com,Kochi,7,Regular,2024-01-20
648,Bahadurjit,Shere,Male,1986-10-18,9326501402,bahadurjit.shere648@gmail.com,Pune,2,Regular,2024-08-02
649,Kamala,Shroff,Male,1985-07-14,9310314751,kamala.shroff649@gmail.com,Noida,4,Silver,2026-04-12
650,Vihaan,Malhotra,Male,1968-03-07,9215261674,vihaan.malhotra650@gmail.com,Bangalore,4,Regular,2026-06-09
651,Nitara,Nath,Female,1983-12-02,9818750339,nitara.nath651@gmail.com,Ahmedabad,4,Regular,2023-10-03
652,Chaitanya,Desai,Male,1968-09-11,9242552930,chaitanya.desai652@gmail.com,Mysore,9,Silver,2024-03-12
653,Bachittar,Mody,Male,1993-10-06,9788705682,bachittar.mody653@gmail.com,Visakhapatnam,9,Regular,2026-01-08
654,Kritika,Sachdeva,Male,1988-02-13,9084402096,kritika.sachdeva654@gmail.com,Warangal,7,Regular,2026-02-26
655,Dhruv,Andra,Male,2000-07-14,9796038735,dhruv.andra655@gmail.com,Bhubaneswar,2,Regular,2025-06-08
656,Lakshit,Basu,Male,1993-10-18,9673071780,lakshit.basu656@gmail.com,Kolkata,8,Regular,2025-12-12
657,Rehaan,Krishna,Male,1984-09-10,9344164789,rehaan.krishna657@gmail.com,Vijayawada,12,Silver,2023-09-17
658,Megha,Dey,Male,1998-03-09,9268889815,megha.dey658@gmail.com,Bhubaneswar,12,Regular,2025-06-16
659,Rudra,Anand,Female,1972-01-11,9342639892,rudra.anand659@gmail.com,Visakhapatnam,8,Silver,2025-08-05
660,Qarin,Wagle,Female,1975-06-29,9383599316,qarin.wagle660@gmail.com,Visakhapatnam,8,Gold,2024-11-07
661,Bhavna,Halder,Male,1969-10-15,9129665468,bhavna.halder661@gmail.com,Lucknow,9,Gold,2025-06-14
662,Girish,Lad,Male,1987-10-11,9448617499,girish.lad662@gmail.com,Vijayawada,6,Gold,2023-10-29
663,Andrew,Vora,Male,1995-01-03,9436696363,andrew.vora663@gmail.com,Nashik,8,Silver,2025-05-10
664,Yochana,Majumdar,Male,1976-06-23,9826838707,yochana.majumdar664@gmail.com,Surat,9,Regular,2025-04-12
665,Ishani,Bansal,Male,1983-06-28,9531964575,ishani.bansal665@gmail.com,Hyderabad,11,Regular,2026-04-17
666,Pahal,Dara,Female,1967-12-13,9886555898,pahal.dara666@gmail.com,Pune,8,Gold,2025-12-06
667,Kamala,Kale,Female,1979-05-22,9060813128,kamala.kale667@gmail.com,Ahmedabad,11,Regular,2024-11-04
668,Benjamin,Mani,Female,1970-11-04,9689879308,benjamin.mani668@gmail.com,Mysore,2,Gold,2024-06-17
669,Edhitha,Khosla,Male,1972-10-05,9704553628,edhitha.khosla669@gmail.com,Surat,2,Regular,2025-10-02
670,Urishilla,Bath,Female,2003-02-15,9104808364,urishilla.bath670@gmail.com,Delhi,4,Silver,2025-12-23
671,Vihaan,Buch,Female,1988-03-23,9693979692,vihaan.buch671@gmail.com,Mumbai,1,Silver,2023-08-30
672,Dayamai,Rattan,Female,1987-03-14,9069619479,dayamai.rattan672@gmail.com,Visakhapatnam,11,Silver,2025-01-12
673,Gavin,Datta,Female,1991-04-17,9481137314,gavin.datta673@gmail.com,Delhi,8,Regular,2025-07-25
674,Deepa,Suresh,Female,1986-02-27,9838140591,deepa.suresh674@gmail.com,Lucknow,9,Silver,2024-11-12
675,Parth,Wagle,Female,1984-05-14,9489355006,parth.wagle675@gmail.com,Bhubaneswar,1,Regular,2023-09-17
676,Udarsh,Mall,Male,1973-10-29,9812701497,udarsh.mall676@gmail.com,Hyderabad,7,Regular,2025-01-13
677,Wazir,Bandi,Male,1980-07-14,9978792426,wazir.bandi677@gmail.com,Lucknow,7,Silver,2025-10-25
678,Harini,Ravi,Male,1975-12-16,9647453442,harini.ravi678@gmail.com,Ahmedabad,11,Regular,2024-07-09
679,Anvi,Bumb,Female,1986-10-23,9398637601,anvi.bumb679@gmail.com,Hyderabad,11,Silver,2023-12-09
680,Pushti,Murty,Male,1992-01-24,9704436102,pushti.murty680@gmail.com,Pune,6,Regular,2025-10-19
681,Ansh,Gulati,Male,2005-03-14,9939772336,ansh.gulati681@gmail.com,Coimbatore,3,Regular,2024-05-22
682,Advay,Khalsa,Female,1973-12-18,9971746574,advay.khalsa682@gmail.com,Delhi,10,Regular,2025-02-14
683,Isaiah,Ratti,Female,1997-09-22,9377164627,isaiah.ratti683@gmail.com,Visakhapatnam,11,Regular,2026-03-24
684,Pranav,Sangha,Female,1993-06-05,9427227425,pranav.sangha684@gmail.com,Ahmedabad,9,Silver,2026-05-28
685,Veer,Pillai,Male,1998-12-29,9727809101,veer.pillai685@gmail.com,Mumbai,5,Silver,2024-01-11
686,Mitesh,Das,Male,1986-09-22,9099227889,mitesh.das686@gmail.com,Coimbatore,1,Regular,2024-04-24
687,Indrajit,Mangat,Male,1974-11-15,9873613248,indrajit.mangat687@gmail.com,Kochi,8,Silver,2024-12-25
688,Victor,Sama,Female,1998-02-09,9069816031,victor.sama688@gmail.com,Bhubaneswar,11,Silver,2026-02-24
689,Anvi,Mand,Male,1978-06-04,9603899771,anvi.mand689@gmail.com,Pune,9,Silver,2024-05-17
690,Oeshi,Misra,Female,1983-02-11,9041361666,oeshi.misra690@gmail.com,Mumbai,1,Silver,2026-05-26
691,Ishaan,Joshi,Male,2002-02-07,9283130069,ishaan.joshi691@gmail.com,Pune,10,Silver,2024-05-25
692,Imaran,Mangat,Female,2003-12-06,9558185674,imaran.mangat692@gmail.com,Bhubaneswar,3,Regular,2025-08-20
693,Pushti,Mani,Male,1991-04-25,9369879305,pushti.mani693@gmail.com,Lucknow,11,Regular,2024-08-24
694,Azaan,Manda,Male,1992-05-03,9223275007,azaan.manda694@gmail.com,Noida,9,Regular,2026-03-03
695,Henry,Parmar,Male,1996-02-10,9658410653,henry.parmar695@gmail.com,Bhubaneswar,12,Regular,2026-02-10
696,Hitesh,Guha,Female,1999-07-17,9172626293,hitesh.guha696@gmail.com,Hyderabad,9,Regular,2025-06-19
697,Harish,Nazareth,Female,1968-01-19,9420156368,harish.nazareth697@gmail.com,Chennai,9,Silver,2025-04-27
698,Mugdha,Mane,Male,1993-04-06,9488418043,mugdha.mane698@gmail.com,Ahmedabad,7,Regular,2026-02-07
699,Aayush,Majumdar,Male,1978-12-22,9365113742,aayush.majumdar699@gmail.com,Warangal,9,Silver,2025-01-23
700,Chameli,Gill,Male,1998-02-26,9493108582,chameli.gill700@gmail.com,Kolkata,10,Silver,2026-01-27
701,Ekansh,Gill,Female,1977-06-26,9155311794,ekansh.gill701@gmail.com,Kolkata,8,Regular,2024-02-03
702,Anamika,Lalla,Female,1969-07-01,9163760060,anamika.lalla702@gmail.com,Hyderabad,2,Regular,2024-01-15
703,Tristan,Bakshi,Male,1992-04-24,9043519821,tristan.bakshi703@gmail.com,Mumbai,1,Gold,2025-04-10
704,Ryan,Hora,Male,1970-04-28,9494337294,ryan.hora704@gmail.com,Pune,11,Regular,2025-04-04
705,Chaitanya,Panchal,Female,1966-08-22,9633024541,chaitanya.panchal705@gmail.com,Ahmedabad,4,Regular,2024-12-30
706,Shivani,Prasad,Female,1973-09-09,9108902300,shivani.prasad706@gmail.com,Mysore,6,Regular,2023-12-10
707,Michael,Jaggi,Male,1983-07-20,9299804399,michael.jaggi707@gmail.com,Lucknow,9,Gold,2026-01-09
708,Azaan,Din,Female,1993-06-12,9506917743,azaan.din708@gmail.com,Kolkata,12,Regular,2025-01-16
709,Orinder,Khosla,Male,1970-07-10,9476137245,orinder.khosla709@gmail.com,Jaipur,11,Regular,2024-08-15
710,Upasna,Magar,Female,2001-12-05,9456867907,upasna.magar710@gmail.com,Noida,8,Regular,2025-05-11
711,Leena,Joshi,Female,1974-07-15,9965187685,leena.joshi711@gmail.com,Surat,9,Gold,2023-10-25
712,Naksh,Nayak,Female,1983-10-31,9847050378,naksh.nayak712@gmail.com,Chennai,11,Regular,2025-12-16
713,Yug,Ramesh,Female,2004-05-18,9057607225,yug.ramesh713@gmail.com,Kochi,6,Silver,2023-10-18
714,Diya,Bala,Female,1974-12-23,9241543528,diya.bala714@gmail.com,Bhubaneswar,11,Platinum,2024-07-20
715,Wridesh,Handa,Male,1969-04-25,9742629881,wridesh.handa715@gmail.com,Mysore,3,Regular,2024-11-30
716,Wahab,Parmer,Female,1999-02-02,9742991275,wahab.parmer716@gmail.com,Chennai,9,Silver,2025-04-08
717,Vidhi,Kala,Male,2003-03-18,9131647759,vidhi.kala717@gmail.com,Vijayawada,1,Silver,2025-01-10
718,Aarush,Ram,Male,1998-11-07,9506711358,aarush.ram718@gmail.com,Lucknow,7,Gold,2026-07-04
719,Yashawini,Merchant,Male,1999-03-30,9510854529,yashawini.merchant719@gmail.com,Kolkata,9,Platinum,2024-06-06
720,Libni,Pal,Female,1968-05-07,9663178337,libni.pal720@gmail.com,Coimbatore,7,Regular,2024-01-27
721,Abha,Chacko,Female,1973-09-30,9123306064,abha.chacko721@gmail.com,Ahmedabad,7,Regular,2024-03-11
722,Yashasvi,Andra,Male,2001-11-22,9418849645,yashasvi.andra722@gmail.com,Pune,7,Silver,2024-05-29
723,Janani,Chatterjee,Male,1970-01-01,9224171555,janani.chatterjee723@gmail.com,Mysore,2,Silver,2025-01-27
724,Anya,Ganesan,Female,1974-02-12,9639532164,anya.ganesan724@gmail.com,Mysore,2,Regular,2025-04-18
725,Warda,Sura,Female,1997-04-07,9391910050,warda.sura725@gmail.com,Hyderabad,3,Regular,2025-10-18
726,Balhaar,Kala,Male,2002-01-07,9560053124,balhaar.kala726@gmail.com,Warangal,7,Regular,2025-02-19
727,Ekani,Anand,Male,2002-02-02,9857007229,ekani.anand727@gmail.com,Visakhapatnam,8,Regular,2024-04-03
728,Sathvik,Venkataraman,Male,1973-09-03,9030995611,sathvik.venkataraman728@gmail.com,Kolkata,4,Silver,2026-05-11
729,Arya,Saini,Female,1980-12-12,9031925093,arya.saini729@gmail.com,Warangal,10,Regular,2025-01-29
730,Chavvi,Sachdeva,Male,2003-12-28,9403543132,chavvi.sachdeva730@gmail.com,Bhubaneswar,12,Silver,2024-09-07
731,Chavvi,Basu,Female,1974-08-03,9957090319,chavvi.basu731@gmail.com,Warangal,10,Silver,2024-07-05
732,Vincent,Johal,Female,1967-05-02,9520220436,vincent.johal732@gmail.com,Kochi,7,Regular,2024-04-22
733,Bahadurjit,Sarin,Male,1998-01-11,9699437051,bahadurjit.sarin733@gmail.com,Bhubaneswar,8,Regular,2024-05-29
734,Warda,Sur,Female,2001-08-16,9605734028,warda.sur734@gmail.com,Chennai,12,Regular,2025-05-20
735,Rayaan,Dutta,Male,1982-03-03,9644043506,rayaan.dutta735@gmail.com,Coimbatore,2,Silver,2024-09-12
736,Siddharth,Dasgupta,Female,2003-09-17,9261585500,siddharth.dasgupta736@gmail.com,Delhi,11,Regular,2026-01-22
737,Ayaan,Desai,Female,1973-12-01,9170895560,ayaan.desai737@gmail.com,Hyderabad,7,Gold,2026-07-02
738,Rushil,Kapoor,Male,2007-04-27,9152463015,rushil.kapoor738@gmail.com,Pune,1,Regular,2024-06-25
739,Ikshita,Yogi,Male,1980-12-02,9091216459,ikshita.yogi739@gmail.com,Ahmedabad,8,Regular,2026-02-11
740,Tara,Behl,Male,1992-02-27,9404858000,tara.behl740@gmail.com,Kolkata,2,Regular,2025-10-30
741,Praneel,Narasimhan,Male,1994-03-02,9288882781,praneel.narasimhan741@gmail.com,Lucknow,3,Regular,2026-02-25
742,Yashica,Raj,Female,2002-04-21,9372930607,yashica.raj742@gmail.com,Delhi,6,Regular,2025-11-11
743,Nirja,Sankar,Female,1982-08-10,9350354126,nirja.sankar743@gmail.com,Vijayawada,11,Silver,2024-11-24
744,Kritika,Barad,Female,1987-12-31,9902109507,kritika.barad744@gmail.com,Bhubaneswar,5,Regular,2023-10-08
745,Vidhi,Mannan,Female,1986-06-15,9657588084,vidhi.mannan745@gmail.com,Visakhapatnam,3,Regular,2026-05-31
746,Timothy,Mutti,Male,1981-05-31,9858193518,timothy.mutti746@gmail.com,Warangal,3,Regular,2024-08-20
747,Irya,Warrior,Male,1974-03-13,9868797789,irya.warrior747@gmail.com,Lucknow,5,Regular,2024-02-11
748,Darsh,Mittal,Male,1992-10-03,9419537224,darsh.mittal748@gmail.com,Hyderabad,11,Regular,2024-12-26
749,Ekalinga,Bahri,Male,1983-11-09,9017893215,ekalinga.bahri749@gmail.com,Bhubaneswar,8,Silver,2026-04-24
750,Yoshita,Narang,Female,2004-10-15,9935581762,yoshita.narang750@gmail.com,Coimbatore,9,Regular,2024-03-31
751,Tristan,Behl,Male,1976-12-13,9054386473,tristan.behl751@gmail.com,Surat,7,Regular,2024-07-09
752,Om,Raju,Female,2000-05-30,9004530873,om.raju752@gmail.com,Ahmedabad,1,Gold,2025-07-16
753,Oscar,Dara,Female,1972-06-23,9126799533,oscar.dara753@gmail.com,Ahmedabad,10,Silver,2023-08-06
754,Rajeshri,Sidhu,Male,1977-01-20,9493340843,rajeshri.sidhu754@gmail.com,Kolkata,9,Silver,2024-08-17
755,Hemani,Mitter,Female,1979-02-06,9172827100,hemani.mitter755@gmail.com,Mumbai,12,Regular,2025-08-26
756,Gaurangi,Chandra,Female,1968-08-25,9906838870,gaurangi.chandra756@gmail.com,Lucknow,3,Silver,2024-05-23
757,Falak,Pai,Female,1971-11-09,9220591514,falak.pai757@gmail.com,Chennai,4,Platinum,2023-11-18
758,Harinakshi,Bhalla,Female,2004-06-13,9335030331,harinakshi.bhalla758@gmail.com,Ahmedabad,2,Silver,2025-08-13
759,Ryan,Dhar,Male,1989-08-30,9564913736,ryan.dhar759@gmail.com,Delhi,1,Silver,2025-11-04
760,Arin,Mane,Female,1986-08-09,9185705837,arin.mane760@gmail.com,Lucknow,6,Regular,2023-11-07
761,Yash,Goswami,Male,1981-09-07,9540049114,yash.goswami761@gmail.com,Hyderabad,5,Regular,2026-03-29
762,Aarav,Saha,Male,1987-02-24,9346076658,aarav.saha762@gmail.com,Ahmedabad,8,Regular,2023-09-30
763,Abeer,Savant,Male,2006-11-27,9809007197,abeer.savant763@gmail.com,Delhi,1,Silver,2024-10-27
764,Aarnav,Wason,Female,2002-10-22,9604996347,aarnav.wason764@gmail.com,Kochi,3,Silver,2025-08-21
765,Omkaar,Sarin,Female,1989-09-26,9010709445,omkaar.sarin765@gmail.com,Bhubaneswar,2,Silver,2025-02-01
766,Tanvi,Keer,Male,1981-02-21,9792170045,tanvi.keer766@gmail.com,Bangalore,10,Regular,2024-05-13
767,Charvi,Khare,Male,2004-08-13,9947627046,charvi.khare767@gmail.com,Jaipur,6,Regular,2025-06-28
768,Nihal,Rastogi,Female,1983-05-20,9488793655,nihal.rastogi768@gmail.com,Kochi,5,Regular,2024-01-13
769,Tristan,Ghosh,Male,1974-01-19,9271651368,tristan.ghosh769@gmail.com,Noida,1,Regular,2024-07-31
770,Jagvi,Dora,Female,1980-10-08,9810177217,jagvi.dora770@gmail.com,Coimbatore,2,Silver,2024-07-05
771,Dhriti,Batta,Male,1994-08-14,9277514263,dhriti.batta771@gmail.com,Coimbatore,5,Regular,2025-09-18
772,Jatin,Shanker,Male,1997-02-07,9220308550,jatin.shanker772@gmail.com,Noida,9,Regular,2024-12-19
773,Arunima,Lalla,Female,1995-05-26,9520252257,arunima.lalla773@gmail.com,Hyderabad,9,Regular,2023-12-10
774,Qarin,Sha,Male,2000-04-08,9369680394,qarin.sha774@gmail.com,Bhubaneswar,1,Regular,2025-11-09
775,Yochana,Pandit,Female,1993-08-27,9139918626,yochana.pandit775@gmail.com,Lucknow,3,Regular,2026-03-09
776,Netra,Menon,Female,2006-11-05,9586688672,netra.menon776@gmail.com,Bhubaneswar,12,Silver,2025-02-16
777,Anvi,Kumar,Male,1995-05-08,9601151984,anvi.kumar777@gmail.com,Chennai,12,Regular,2025-03-16
778,Sanaya,Varma,Male,1982-05-10,9919970063,sanaya.varma778@gmail.com,Jaipur,12,Regular,2025-08-30
779,Orinder,Kalla,Female,2006-07-04,9567888845,orinder.kalla779@gmail.com,Bangalore,1,Regular,2023-12-09
780,Ayaan,Khatri,Female,1976-04-17,9943713871,ayaan.khatri780@gmail.com,Noida,1,Regular,2023-08-15
781,Ekta,Sachdeva,Male,1978-01-21,9197423577,ekta.sachdeva781@gmail.com,Noida,9,Regular,2024-09-26
782,Ishaan,Pant,Male,1972-07-22,9437251434,ishaan.pant782@gmail.com,Vijayawada,1,Regular,2023-09-07
783,Amruta,Buch,Female,1996-01-04,9502723354,amruta.buch783@gmail.com,Mysore,10,Regular,2024-07-19
784,Qadim,Shenoy,Male,1979-01-19,9871646431,qadim.shenoy784@gmail.com,Ahmedabad,6,Silver,2026-06-21
785,Bimala,Raman,Male,1997-08-01,9735710099,bimala.raman785@gmail.com,Chennai,2,Silver,2025-08-26
786,Reva,Saraf,Male,1975-08-18,9064303407,reva.saraf786@gmail.com,Coimbatore,7,Silver,2023-11-20
787,Peter,Sarma,Female,1991-11-24,9336203032,peter.sarma787@gmail.com,Coimbatore,2,Gold,2026-03-01
788,Daniel,Walla,Female,1979-06-29,9393205634,daniel.walla788@gmail.com,Nashik,3,Regular,2025-12-14
789,Zehaan,Atwal,Male,1992-09-04,9082080240,zehaan.atwal789@gmail.com,Mumbai,1,Gold,2025-06-05
790,Chandani,Chakrabarti,Male,1981-08-31,9793155256,chandani.chakrabarti790@gmail.com,Kolkata,5,Regular,2025-06-09
791,Yasti,Mangat,Female,2003-02-25,9561098405,yasti.mangat791@gmail.com,Chennai,9,Platinum,2026-03-30
792,Gagan,Saini,Male,1997-01-14,9302959014,gagan.saini792@gmail.com,Pune,10,Regular,2024-10-11
793,Tripti,Chand,Female,1979-12-03,9437703350,tripti.chand793@gmail.com,Vijayawada,10,Silver,2025-06-02
794,Arya,Kibe,Female,1983-05-28,9198720915,arya.kibe794@gmail.com,Hyderabad,5,Regular,2026-02-04
795,Guneet,Basu,Male,1990-12-01,9018638881,guneet.basu795@gmail.com,Ahmedabad,8,Regular,2025-07-16
796,Niharika,Srinivas,Female,2006-04-28,9166447053,niharika.srinivas796@gmail.com,Mumbai,8,Regular,2024-03-20
797,Kalpit,Virk,Male,1974-07-10,9369448706,kalpit.virk797@gmail.com,Kolkata,5,Silver,2023-11-14
798,Nirja,Ranganathan,Male,1997-11-22,9598490031,nirja.ranganathan798@gmail.com,Surat,3,Regular,2023-09-05
799,Hema,Ganesan,Female,1969-10-20,9212675620,hema.ganesan799@gmail.com,Nashik,2,Regular,2026-01-10
800,Krisha,Sandal,Male,2007-05-30,9617169146,krisha.sandal800@gmail.com,Kochi,11,Regular,2024-11-27
801,Isaiah,Karpe,Female,1999-12-05,9357348070,isaiah.karpe801@gmail.com,Surat,12,Silver,2024-06-12
802,Tejas,Borra,Female,1968-12-12,9975890292,tejas.borra802@gmail.com,Pune,3,Regular,2024-07-22
803,Neha,Ratta,Male,1974-07-12,9057463155,neha.ratta803@gmail.com,Pune,12,Regular,2026-05-26
804,Priya,Mandal,Female,1976-08-02,9269106538,priya.mandal804@gmail.com,Bhubaneswar,12,Regular,2024-08-29
805,Karan,Bobal,Male,1984-10-31,9477354045,karan.bobal805@gmail.com,Coimbatore,10,Silver,2024-04-18
806,Yashica,Acharya,Male,1968-09-25,9523424115,yashica.acharya806@gmail.com,Warangal,9,Regular,2025-06-11
807,Naksh,Ganesan,Male,1987-09-20,9614872605,naksh.ganesan807@gmail.com,Hyderabad,6,Regular,2024-03-02
808,Advay,Ramesh,Female,1996-01-26,9784481215,advay.ramesh808@gmail.com,Bangalore,8,Platinum,2025-11-20
809,Bhavani,Pal,Male,1966-12-23,9009353836,bhavani.pal809@gmail.com,Hyderabad,5,Regular,2025-12-27
810,Gaurangi,Peri,Male,1976-04-03,9470840385,gaurangi.peri810@gmail.com,Bhubaneswar,2,Gold,2023-09-09
811,Dhriti,Shankar,Male,1993-05-28,9295720845,dhriti.shankar811@gmail.com,Hyderabad,9,Silver,2024-01-19
812,Niharika,Batra,Female,2005-11-22,9241233096,niharika.batra812@gmail.com,Hyderabad,6,Regular,2026-05-09
813,Anjali,Gandhi,Male,1971-05-14,9532657749,anjali.gandhi813@gmail.com,Warangal,10,Silver,2024-04-10
814,Girish,Sekhon,Female,1970-09-05,9987004335,girish.sekhon814@gmail.com,Chennai,9,Regular,2026-06-26
815,Alexander,Sabharwal,Male,1968-01-26,9013041244,alexander.sabharwal815@gmail.com,Hyderabad,11,Regular,2024-12-03
816,Nihal,Chana,Female,1990-10-17,9229203486,nihal.chana816@gmail.com,Surat,1,Regular,2026-04-17
817,Bahadurjit,Kamdar,Female,1995-04-22,9169482919,bahadurjit.kamdar817@gmail.com,Delhi,3,Silver,2024-10-02
818,Anirudh,Wagle,Male,1977-07-28,9517207512,anirudh.wagle818@gmail.com,Noida,10,Silver,2024-09-04
819,Ucchal,Ganesh,Male,1970-07-29,9531998376,ucchal.ganesh819@gmail.com,Coimbatore,7,Regular,2024-12-25
820,Damyanti,Bala,Female,1993-09-22,9130291861,damyanti.bala820@gmail.com,Coimbatore,2,Silver,2024-10-14
821,Megha,Ratti,Male,1999-11-22,9569559145,megha.ratti821@gmail.com,Coimbatore,5,Silver,2024-08-27
822,Vrinda,Kothari,Male,2006-10-09,9046948362,vrinda.kothari822@gmail.com,Jaipur,10,Gold,2024-03-13
823,George,Sethi,Female,1998-11-08,9886437841,george.sethi823@gmail.com,Delhi,6,Regular,2024-12-17
824,Rachita,Chand,Male,1990-05-25,9424666977,rachita.chand824@gmail.com,Kolkata,11,Regular,2025-06-14
825,Harita,Trivedi,Female,2007-09-09,9745355186,harita.trivedi825@gmail.com,Chennai,11,Regular,2023-08-26
826,Jagat,Wason,Male,1976-02-14,9440430610,jagat.wason826@gmail.com,Lucknow,9,Platinum,2025-12-20
827,Ekta,Hans,Female,1966-09-19,9468730921,ekta.hans827@gmail.com,Ahmedabad,3,Regular,2024-03-10
828,Rohan,Bassi,Male,1979-05-05,9296187921,rohan.bassi828@gmail.com,Mumbai,11,Silver,2026-01-17
829,Zarna,Morar,Female,1994-02-11,9134243827,zarna.morar829@gmail.com,Jaipur,7,Silver,2023-10-16
830,Ladli,Kashyap,Male,1978-07-23,9863753936,ladli.kashyap830@gmail.com,Surat,7,Regular,2025-03-26
831,Brinda,Soman,Male,2000-09-09,9172102546,brinda.soman831@gmail.com,Bangalore,1,Regular,2025-07-14
832,Meera,Dasgupta,Female,1999-05-13,9989142770,meera.dasgupta832@gmail.com,Lucknow,12,Silver,2024-06-05
833,Kritika,Sekhon,Male,1972-07-15,9761561541,kritika.sekhon833@gmail.com,Vijayawada,7,Regular,2026-01-06
834,Rohan,Bhardwaj,Female,1988-10-30,9571802575,rohan.bhardwaj834@gmail.com,Mumbai,12,Regular,2023-08-15
835,Viraj,Kant,Male,1990-01-14,9105468209,viraj.kant835@gmail.com,Delhi,4,Silver,2024-04-02
836,Rushil,Narang,Male,2003-04-22,9476260033,rushil.narang836@gmail.com,Ahmedabad,11,Gold,2025-08-29
837,Hitesh,Dugar,Female,1970-04-29,9360671688,hitesh.dugar837@gmail.com,Mysore,6,Platinum,2023-10-26
838,Amrita,Khosla,Female,1983-04-18,9901968218,amrita.khosla838@gmail.com,Mysore,1,Gold,2026-06-03
839,Bhavini,Setty,Male,1982-06-22,9946190410,bhavini.setty839@gmail.com,Noida,5,Regular,2023-10-13
840,Isaiah,Dewan,Female,1996-01-13,9785153628,isaiah.dewan840@gmail.com,Jaipur,6,Regular,2025-02-28
841,Varsha,Sidhu,Male,2005-12-11,9454446412,varsha.sidhu841@gmail.com,Delhi,2,Regular,2024-09-19
842,Omkaar,Wali,Female,1997-04-14,9179976251,omkaar.wali842@gmail.com,Kolkata,6,Silver,2026-02-01
843,Fiyaz,Jayaraman,Male,2000-03-22,9177879344,fiyaz.jayaraman843@gmail.com,Warangal,2,Silver,2025-10-09
844,Falan,Halder,Male,1990-05-03,9247187372,falan.halder844@gmail.com,Lucknow,9,Silver,2025-08-11
845,Devika,Varkey,Male,1974-09-12,9203227625,devika.varkey845@gmail.com,Vijayawada,2,Silver,2024-11-12
846,Utkarsh,Sundaram,Female,1979-03-07,9572857214,utkarsh.sundaram846@gmail.com,Pune,2,Regular,2025-10-16
847,Aarush,Chana,Female,1999-08-08,9822055559,aarush.chana847@gmail.com,Noida,1,Silver,2024-02-19
848,Megha,Nanda,Male,2006-03-05,9995924337,megha.nanda848@gmail.com,Nashik,4,Regular,2023-11-01
849,Ekantika,Sami,Male,1990-09-10,9763565208,ekantika.sami849@gmail.com,Coimbatore,12,Regular,2026-03-14
850,David,Bose,Male,1980-01-10,9931231526,david.bose850@gmail.com,Mumbai,1,Regular,2024-03-31
851,Jyoti,Dar,Male,1974-08-25,9740203691,jyoti.dar851@gmail.com,Vijayawada,5,Gold,2025-10-16
852,Ria,More,Male,1989-11-29,9295751662,ria.more852@gmail.com,Warangal,6,Regular,2025-10-05
853,Lajita,Sama,Male,1997-05-19,9134723552,lajita.sama853@gmail.com,Warangal,8,Silver,2024-05-16
854,Triya,Rai,Male,1974-10-31,9573447203,triya.rai854@gmail.com,Mysore,4,Regular,2024-10-18
855,Yadavi,Prabhakar,Female,2000-12-27,9632639578,yadavi.prabhakar855@gmail.com,Jaipur,4,Regular,2024-12-20
856,Bina,Menon,Female,1984-08-20,9159277573,bina.menon856@gmail.com,Noida,11,Gold,2025-08-16
857,Vrishti,Cherian,Male,1997-11-26,9059690717,vrishti.cherian857@gmail.com,Kolkata,1,Regular,2024-02-29
858,Charita,Muni,Female,2001-09-12,9390474483,charita.muni858@gmail.com,Bangalore,5,Regular,2023-08-21
859,Irya,Tailor,Male,1983-01-13,9921134315,irya.tailor859@gmail.com,Noida,1,Regular,2026-07-22
860,Shaurya,Guha,Male,1967-06-15,9584978435,shaurya.guha860@gmail.com,Pune,6,Regular,2026-04-20
861,Vansha,Warrior,Male,1984-03-26,9319502515,vansha.warrior861@gmail.com,Vijayawada,2,Silver,2024-12-24
862,Jeevika,Krishnamurthy,Male,1968-04-06,9387440481,jeevika.krishnamurthy862@gmail.com,Jaipur,5,Regular,2024-03-09
863,Victor,Oza,Male,2007-09-03,9865657699,victor.oza863@gmail.com,Visakhapatnam,5,Regular,2025-12-12
864,Jonathan,Nanda,Male,1970-05-28,9883584708,jonathan.nanda864@gmail.com,Warangal,3,Silver,2023-10-22
865,Gopal,Behl,Male,1984-08-14,9148354519,gopal.behl865@gmail.com,Bangalore,7,Regular,2025-09-09
866,Pahal,Bora,Female,1969-09-27,9067562117,pahal.bora866@gmail.com,Vijayawada,1,Gold,2026-03-10
867,Zinal,Wali,Male,2007-07-18,9574655923,zinal.wali867@gmail.com,Chennai,6,Regular,2025-01-01
868,Veer,Dara,Male,1995-07-02,9607253871,veer.dara868@gmail.com,Hyderabad,1,Regular,2026-04-29
869,Qasim,Bhatia,Female,1999-08-27,9445376532,qasim.bhatia869@gmail.com,Lucknow,5,Regular,2024-04-26
870,Upma,Behl,Male,1981-05-11,9787809823,upma.behl870@gmail.com,Pune,12,Regular,2025-06-14
871,Suhani,Gola,Male,1982-04-04,9406486838,suhani.gola871@gmail.com,Noida,1,Platinum,2025-07-13
872,Chaitanya,Kanda,Male,1984-05-15,9078233676,chaitanya.kanda872@gmail.com,Bhubaneswar,2,Regular,2025-04-16
873,Arjun,Sandhu,Male,1995-11-30,9413801093,arjun.sandhu873@gmail.com,Mysore,11,Gold,2023-12-30
874,Oeshi,Mishra,Female,1989-06-12,9409561215,oeshi.mishra874@gmail.com,Kochi,5,Regular,2026-07-05
875,Diya,Chaudhry,Female,1970-06-04,9650882194,diya.chaudhry875@gmail.com,Chennai,4,Regular,2026-01-10
876,Urvashi,Rajagopalan,Male,1992-12-02,9195765820,urvashi.rajagopalan876@gmail.com,Delhi,4,Regular,2026-06-27
877,Azaan,Vala,Male,2001-12-25,9982627720,azaan.vala877@gmail.com,Kolkata,3,Regular,2025-07-16
878,Yasti,Raghavan,Male,1972-01-11,9959801994,yasti.raghavan878@gmail.com,Hyderabad,4,Gold,2025-03-05
879,Girish,Bumb,Female,1999-07-28,9292780737,girish.bumb879@gmail.com,Mumbai,3,Platinum,2025-09-23
880,Irya,Walia,Male,2005-11-19,9879437512,irya.walia880@gmail.com,Bangalore,7,Regular,2024-11-02
881,Bhavya,Issac,Male,1983-10-17,9799639651,bhavya.issac881@gmail.com,Nashik,3,Regular,2023-12-26
882,Garima,Kulkarni,Male,1982-01-09,9161745992,garima.kulkarni882@gmail.com,Pune,2,Regular,2023-12-09
883,Bachittar,Mutti,Male,2008-03-24,9670486240,bachittar.mutti883@gmail.com,Bangalore,2,Silver,2026-04-09
884,Yashasvi,Vora,Male,1980-07-11,9535526183,yashasvi.vora884@gmail.com,Ahmedabad,12,Regular,2025-08-02
885,Pallavi,Sangha,Male,1973-05-28,9725883689,pallavi.sangha885@gmail.com,Kochi,12,Silver,2025-03-26
886,Vivaan,Bhandari,Male,1996-04-02,9398522342,vivaan.bhandari886@gmail.com,Nashik,2,Silver,2025-02-02
887,Amruta,Sridhar,Male,1989-03-03,9964270915,amruta.sridhar887@gmail.com,Noida,8,Regular,2023-12-10
888,Farhan,Karan,Female,1997-11-28,9935284251,farhan.karan888@gmail.com,Delhi,3,Regular,2026-05-02
889,Yashica,Khatri,Female,1995-07-24,9797912270,yashica.khatri889@gmail.com,Visakhapatnam,12,Regular,2024-11-02
890,Bhavini,Patel,Female,1998-02-20,9692788228,bhavini.patel890@gmail.com,Mumbai,2,Regular,2025-08-03
891,Avni,Chawla,Female,1971-09-26,9446824094,avni.chawla891@gmail.com,Mumbai,12,Silver,2026-06-06
892,Aachal,Kothari,Male,1996-10-29,9293298172,aachal.kothari892@gmail.com,Hyderabad,4,Silver,2023-12-19
893,Max,Kalita,Female,1998-07-02,9705383039,max.kalita893@gmail.com,Noida,10,Regular,2023-10-11
894,Rajata,Bhandari,Male,1982-11-21,9295330522,rajata.bhandari894@gmail.com,Surat,9,Gold,2025-08-28
895,Turvi,Datta,Female,1973-05-26,9760621215,turvi.datta895@gmail.com,Hyderabad,5,Regular,2024-06-24
896,Krishna,Yadav,Female,2001-01-21,9614239348,krishna.yadav896@gmail.com,Surat,2,Regular,2025-11-05
897,Kashvi,Bandi,Female,1994-08-04,9019937069,kashvi.bandi897@gmail.com,Chennai,5,Regular,2025-06-24
898,Wahab,Patel,Male,2001-12-02,9666407715,wahab.patel898@gmail.com,Warangal,12,Silver,2024-01-08
899,Varsha,Krishnamurthy,Female,1968-10-14,9903022172,varsha.krishnamurthy899@gmail.com,Ahmedabad,3,Regular,2026-04-29
900,Timothy,Das,Male,1973-01-03,9578815029,timothy.das900@gmail.com,Noida,5,Silver,2024-12-07
901,Anmol,Srinivasan,Female,1987-03-04,9716127282,anmol.srinivasan901@gmail.com,Warangal,5,Regular,2024-06-03
902,Panini,Borra,Female,1984-12-21,9244640868,panini.borra902@gmail.com,Pune,11,Silver,2025-11-17
903,Reva,Mannan,Male,2003-09-07,9301812211,reva.mannan903@gmail.com,Vijayawada,2,Gold,2026-07-18
904,Azaan,Rajan,Male,1982-05-24,9867615302,azaan.rajan904@gmail.com,Visakhapatnam,10,Regular,2024-07-28
905,Dipta,Taneja,Male,1981-01-16,9631086902,dipta.taneja905@gmail.com,Mumbai,4,Regular,2023-12-18
906,Nihal,Mannan,Male,1984-06-06,9602172221,nihal.mannan906@gmail.com,Bhubaneswar,12,Regular,2024-07-07
907,Nidra,Gour,Female,1971-04-15,9387894102,nidra.gour907@gmail.com,Lucknow,11,Regular,2025-05-18
908,Lakshit,Bandi,Female,1999-10-28,9434227238,lakshit.bandi908@gmail.com,Mysore,5,Gold,2026-07-31
909,Tanveer,Nagi,Female,1978-09-17,9578262054,tanveer.nagi909@gmail.com,Surat,9,Regular,2025-06-23
910,Varsha,Singh,Male,1989-10-02,9952956912,varsha.singh910@gmail.com,Vijayawada,12,Regular,2026-03-21
911,Ranbir,Nori,Male,1989-11-17,9911673582,ranbir.nori911@gmail.com,Noida,11,Regular,2023-12-06
912,Tanay,Palan,Female,1975-10-31,9449842708,tanay.palan912@gmail.com,Visakhapatnam,4,Regular,2026-07-07
913,Jonathan,Tailor,Male,2003-11-25,9068073758,jonathan.tailor913@gmail.com,Nashik,5,Regular,2025-01-31
914,Unni,Mani,Female,2005-07-27,9755696864,unni.mani914@gmail.com,Ahmedabad,4,Regular,2025-04-08
915,Aarush,Tailor,Male,1997-09-21,9147258909,aarush.tailor915@gmail.com,Delhi,12,Silver,2025-02-19
916,Pranit,Lata,Male,2008-01-30,9440799018,pranit.lata916@gmail.com,Hyderabad,2,Regular,2025-04-18
917,Ekaja,Pradhan,Male,1989-12-11,9694009442,ekaja.pradhan917@gmail.com,Ahmedabad,1,Regular,2025-04-14
918,Vamakshi,Wali,Male,1994-01-17,9741667416,vamakshi.wali918@gmail.com,Mysore,11,Silver,2024-07-05
919,Ekapad,Kakar,Female,1985-12-08,9965778735,ekapad.kakar919@gmail.com,Delhi,11,Silver,2024-03-29
920,Chaitanya,Tata,Female,1997-05-27,9985052038,chaitanya.tata920@gmail.com,Noida,2,Regular,2026-06-14
921,Warda,Bora,Male,1996-06-03,9661024879,warda.bora921@gmail.com,Hyderabad,6,Silver,2025-08-10
922,Mason,Jayaraman,Female,1980-03-14,9019454341,mason.jayaraman922@gmail.com,Noida,5,Regular,2025-07-18
923,Kashvi,Deep,Female,1989-07-15,9281738976,kashvi.deep923@gmail.com,Coimbatore,10,Regular,2024-07-29
924,Noah,Gole,Female,2007-05-12,9509916441,noah.gole924@gmail.com,Warangal,10,Regular,2024-07-08
925,Gaurangi,Hayer,Female,1995-09-24,9919661900,gaurangi.hayer925@gmail.com,Pune,5,Regular,2024-03-27
926,Warjas,Vala,Male,1992-10-11,9350883048,warjas.vala926@gmail.com,Warangal,9,Regular,2025-12-20
927,Jyoti,Dave,Male,1984-07-27,9824514479,jyoti.dave927@gmail.com,Pune,7,Regular,2025-11-30
928,Turvi,Deshpande,Female,2000-01-19,9479059054,turvi.deshpande928@gmail.com,Visakhapatnam,11,Regular,2025-10-18
929,Kabir,Sundaram,Female,1999-11-20,9340894291,kabir.sundaram929@gmail.com,Pune,8,Silver,2024-03-29
930,Yug,Luthra,Male,1970-10-21,9284972055,yug.luthra930@gmail.com,Kochi,2,Silver,2025-09-14
931,Ishita,Kohli,Female,1970-04-27,9458034593,ishita.kohli931@gmail.com,Kochi,9,Regular,2025-09-18
932,Kritika,Nayar,Female,1978-04-01,9625417396,kritika.nayar932@gmail.com,Mumbai,9,Regular,2026-05-26
933,Brijesh,Korpal,Male,1976-11-21,9109554304,brijesh.korpal933@gmail.com,Hyderabad,7,Regular,2025-07-31
934,Rajata,Anand,Male,1999-01-11,9969775871,rajata.anand934@gmail.com,Warangal,10,Regular,2024-04-23
935,Mugdha,Gulati,Male,1981-03-13,9672042806,mugdha.gulati935@gmail.com,Kolkata,8,Silver,2024-03-18
936,Qarin,Kaul,Female,2000-08-29,9494525587,qarin.kaul936@gmail.com,Coimbatore,7,Regular,2024-01-31
937,Dalaja,Tandon,Male,1974-11-29,9944535589,dalaja.tandon937@gmail.com,Kolkata,7,Regular,2025-03-01
938,Dev,Gandhi,Male,1970-07-12,9314592895,dev.gandhi938@gmail.com,Pune,4,Regular,2025-09-14
939,Ridhi,Dave,Male,1992-06-21,9668463524,ridhi.dave939@gmail.com,Kolkata,11,Regular,2026-07-19
940,Yahvi,Muni,Male,1988-10-03,9757309927,yahvi.muni940@gmail.com,Delhi,4,Regular,2025-02-03
941,Gaurang,Choudhry,Female,1989-12-27,9340195526,gaurang.choudhry941@gmail.com,Lucknow,3,Regular,2025-10-08
942,Meghana,Khalsa,Female,1967-05-29,9661269613,meghana.khalsa942@gmail.com,Bangalore,9,Regular,2023-09-20
943,Odika,Misra,Female,1993-01-20,9686955569,odika.misra943@gmail.com,Mumbai,7,Regular,2024-10-29
944,Gayathri,Kapadia,Female,1981-03-04,9394731212,gayathri.kapadia944@gmail.com,Coimbatore,12,Regular,2026-01-20
945,Zayan,Kashyap,Female,2002-11-06,9138505153,zayan.kashyap945@gmail.com,Chennai,3,Regular,2026-04-07
946,Brijesh,Lala,Male,1996-05-25,9614737316,brijesh.lala946@gmail.com,Surat,12,Regular,2025-02-23
947,Jagrati,Char,Male,1994-01-12,9188500471,jagrati.char947@gmail.com,Delhi,3,Regular,2024-05-21
948,Avi,Mukherjee,Female,2005-11-21,9913094843,avi.mukherjee948@gmail.com,Bhubaneswar,1,Gold,2024-10-02
949,Januja,Dhawan,Female,1969-10-03,9372878339,januja.dhawan949@gmail.com,Bangalore,8,Regular,2024-01-15
950,Samuel,Hayre,Female,1980-08-12,9263009713,samuel.hayre950@gmail.com,Vijayawada,5,Silver,2024-04-09
951,Yashasvi,Narasimhan,Male,2003-02-09,9669680850,yashasvi.narasimhan951@gmail.com,Mysore,8,Regular,2025-06-03
952,Bhavani,Prashad,Male,1975-11-26,9019158930,bhavani.prashad952@gmail.com,Lucknow,3,Regular,2025-01-09
953,Gopal,Raju,Male,1976-04-22,9849981397,gopal.raju953@gmail.com,Lucknow,12,Regular,2023-09-25
954,Yutika,Yadav,Female,2003-10-10,9185850030,yutika.yadav954@gmail.com,Pune,10,Silver,2023-11-03
955,Daksha,Nagi,Female,1984-05-05,9354322797,daksha.nagi955@gmail.com,Jaipur,8,Regular,2025-02-12
956,Pavani,Mani,Female,1984-12-24,9485356506,pavani.mani956@gmail.com,Chennai,5,Regular,2023-11-19
957,Dhriti,Nadig,Female,1979-08-13,9178091800,dhriti.nadig957@gmail.com,Visakhapatnam,3,Silver,2025-12-30
958,Jalsa,Bhatnagar,Female,2002-10-27,9879404585,jalsa.bhatnagar958@gmail.com,Jaipur,1,Silver,2024-05-13
959,Arjun,Banerjee,Female,1983-01-09,9480073122,arjun.banerjee959@gmail.com,Ahmedabad,8,Regular,2025-10-03
960,Girish,Panchal,Male,2007-09-14,9774808092,girish.panchal960@gmail.com,Noida,12,Regular,2024-07-14
961,Hemang,Keer,Male,1989-02-11,9242156366,hemang.keer961@gmail.com,Mumbai,10,Regular,2024-12-10
962,Lakshmi,Gera,Male,1998-12-12,9550565946,lakshmi.gera962@gmail.com,Visakhapatnam,2,Gold,2024-04-11
963,Geetika,Dhar,Male,1991-09-21,9795970348,geetika.dhar963@gmail.com,Lucknow,3,Silver,2024-08-17
964,Ryan,Nagy,Male,1978-05-11,9880051840,ryan.nagy964@gmail.com,Kochi,5,Platinum,2026-04-24
965,Pavani,Chakrabarti,Male,1994-09-11,9707319780,pavani.chakrabarti965@gmail.com,Mumbai,9,Platinum,2023-10-17
966,Vamakshi,Sule,Male,1997-03-14,9523667497,vamakshi.sule966@gmail.com,Jaipur,9,Regular,2024-02-17
967,Chavvi,Srinivasan,Male,1997-02-16,9249411629,chavvi.srinivasan967@gmail.com,Vijayawada,3,Regular,2026-03-17
968,Yagnesh,Chacko,Male,1970-10-07,9423784781,yagnesh.chacko968@gmail.com,Noida,11,Regular,2023-12-29
969,Anya,Saxena,Male,2006-03-02,9039955973,anya.saxena969@gmail.com,Ahmedabad,8,Silver,2023-10-17
970,Anvi,Biswas,Female,2004-01-30,9186802262,anvi.biswas970@gmail.com,Hyderabad,5,Silver,2023-08-13
971,Guneet,Uppal,Male,1984-08-27,9762433060,guneet.uppal971@gmail.com,Ahmedabad,12,Regular,2026-04-10
972,Raghav,Dara,Female,1979-11-20,9738701508,raghav.dara972@gmail.com,Delhi,1,Silver,2025-07-18
973,Frado,Divan,Male,1985-06-26,9853140468,frado.divan973@gmail.com,Mumbai,1,Gold,2024-12-01
974,Anay,Gala,Male,1974-10-06,9352942596,anay.gala974@gmail.com,Kolkata,10,Regular,2025-02-19
975,Saanvi,Mutti,Male,1974-04-12,9629044339,saanvi.mutti975@gmail.com,Pune,2,Gold,2025-10-26
976,Krishna,Maharaj,Male,2002-09-11,9753318030,krishna.maharaj976@gmail.com,Ahmedabad,10,Regular,2025-02-20
977,Vedika,Bali,Male,1980-08-27,9177540588,vedika.bali977@gmail.com,Pune,5,Regular,2025-01-22
978,Bahadurjit,Sami,Male,1978-11-29,9036890356,bahadurjit.sami978@gmail.com,Jaipur,7,Regular,2024-04-28
979,Balhaar,Agate,Female,2002-10-08,9421014509,balhaar.agate979@gmail.com,Chennai,11,Regular,2023-08-18
980,Christopher,Batta,Male,1981-11-15,9074903280,christopher.batta980@gmail.com,Mysore,12,Regular,2024-03-30
981,Orinder,Mann,Male,1979-10-09,9488353551,orinder.mann981@gmail.com,Nashik,9,Platinum,2026-06-12
982,Fariq,Nanda,Female,1987-06-01,9604133033,fariq.nanda982@gmail.com,Ahmedabad,7,Regular,2025-08-23
983,Jeevika,Nanda,Male,1971-04-09,9836080324,jeevika.nanda983@gmail.com,Bhubaneswar,9,Platinum,2025-02-04
984,Rachita,Aurora,Male,2002-06-16,9992055703,rachita.aurora984@gmail.com,Mumbai,7,Regular,2025-02-20
985,Yagnesh,Saxena,Female,2000-06-14,9767127139,yagnesh.saxena985@gmail.com,Chennai,11,Gold,2025-07-16
986,Falan,Batra,Female,2004-07-23,9903328174,falan.batra986@gmail.com,Kolkata,5,Gold,2023-10-08
987,Inaya,Pingle,Female,1993-07-06,9010721782,inaya.pingle987@gmail.com,Lucknow,7,Regular,2024-10-13
988,Yuvraj,Nadig,Female,2000-09-13,9247959652,yuvraj.nadig988@gmail.com,Kochi,7,Silver,2024-08-20
989,Maya,Dhaliwal,Female,1994-03-19,9569907704,maya.dhaliwal989@gmail.com,Bangalore,6,Regular,2024-05-02
990,Chatura,Anne,Male,1968-08-09,9303170114,chatura.anne990@gmail.com,Kochi,3,Regular,2025-11-21
991,Timothy,Baria,Female,1967-06-19,9666080469,timothy.baria991@gmail.com,Mumbai,7,Regular,2024-07-24
992,Rachit,Batra,Male,1998-02-14,9573375122,rachit.batra992@gmail.com,Jaipur,9,Silver,2024-12-08
993,Forum,Sha,Female,1996-12-14,9122149228,forum.sha993@gmail.com,Kolkata,6,Regular,2026-04-14
994,Keya,Rau,Female,2001-12-01,9249527669,keya.rau994@gmail.com,Kolkata,10,Gold,2025-11-14
995,Ikshita,Kalla,Female,1991-07-09,9490420377,ikshita.kalla995@gmail.com,Mumbai,9,Regular,2025-01-31
996,Banjeet,Char,Male,1984-06-10,9191908022,banjeet.char996@gmail.com,Jaipur,12,Regular,2025-12-07
997,Dhruv,Kala,Female,1998-12-11,9995900801,dhruv.kala997@gmail.com,Bhubaneswar,9,Regular,2024-12-20
998,Anya,Banerjee,Male,1979-08-18,9195595909,anya.banerjee998@gmail.com,Mysore,9,Platinum,2025-09-05
999,Tristan,Chaudhary,Female,2000-03-01,9613009741,tristan.chaudhary999@gmail.com,Mumbai,6,Silver,2025-08-01
1000,Ronith,Mitter,Female,2006-02-18,9454234959,ronith.mitter1000@gmail.com,Vijayawada,11,Silver,2023-09-26
