inventory_id,date_id,product_id,store_id,stock_received,stock_sold,stock_available,reorder_level
1,20231218,1,1,194,24,170,25
2,20240218,2,1,120,32,88,26
3,20240708,3,1,127,90,37,25
4,20220610,4,1,293,81,212,28
5,20231001,5,1,230,210,20,31
6,20230109,6,1,73,43,30,45
7,20241009,7,1,204,116,88,47
8,20220717,8,1,62,52,10,37
9,20241104,9,1,185,58,127,44
10,20220802,10,1,144,128,16,28
11,20220407,11,1,279,174,105,55
12,20231111,12,1,230,46,184,26
13,20220517,13,1,197,149,48,47
14,20231229,14,1,148,24,124,60
15,20221103,15,1,99,63,36,44
16,20230319,16,1,154,26,128,56
17,20240417,17,1,253,227,26,53
18,20240725,18,1,73,33,40,56
19,20220828,19,1,290,242,48,38
20,20240122,20,1,227,178,49,26
21,20230415,21,1,279,160,119,52
22,20230903,22,1,113,65,48,24
23,20240726,23,1,142,73,69,46
24,20220126,24,1,87,80,7,42
25,20220926,25,1,171,156,15,56
26,20220516,26,1,73,47,26,50
27,20241122,27,1,133,13,120,39
28,20241023,28,1,286,73,213,42
29,20230308,29,1,238,81,157,22
30,20231026,30,1,196,180,16,49
31,20240721,31,1,112,102,10,39
32,20240501,32,1,241,119,122,29
33,20230905,33,1,223,80,143,58
34,20220527,34,1,200,165,35,40
35,20240505,35,1,124,68,56,27
36,20220613,36,1,293,168,125,24
37,20241018,37,1,231,131,100,36
38,20240307,38,1,200,199,1,38
39,20220405,39,1,243,196,47,30
40,20220121,40,1,58,32,26,30
41,20220407,41,1,97,19,78,53
42,20230610,42,1,141,71,70,24
43,20220531,43,1,63,11,52,27
44,20240726,44,1,249,154,95,55
45,20220211,45,1,191,42,149,56
46,20240304,46,1,140,134,6,32
47,20220404,47,1,118,69,49,35
48,20240416,48,1,93,14,79,38
49,20240903,49,1,112,67,45,29
50,20241129,50,1,58,13,45,23
51,20220518,51,1,285,187,98,45
52,20230918,52,1,292,141,151,24
53,20240803,53,1,83,76,7,33
54,20230215,54,1,284,124,160,28
55,20231230,55,1,96,35,61,42
56,20230516,56,1,71,34,37,45
57,20240725,57,1,205,187,18,54
58,20220518,58,1,211,66,145,53
59,20230721,59,1,93,55,38,34
60,20240812,60,1,179,148,31,32
61,20230829,61,1,260,189,71,60
62,20231214,62,1,120,20,100,39
63,20221027,63,1,187,42,145,29
64,20231124,64,1,197,18,179,29
65,20241211,65,1,226,24,202,33
66,20220226,66,1,50,48,2,36
67,20241014,67,1,61,33,28,29
68,20221206,68,1,240,187,53,59
69,20221016,69,1,68,65,3,52
70,20230924,70,1,239,185,54,46
71,20220827,71,1,294,92,202,26
72,20220811,72,1,200,46,154,42
73,20240223,73,1,160,116,44,57
74,20220925,74,1,191,76,115,21
75,20241105,75,1,51,18,33,22
76,20220511,76,1,72,14,58,45
77,20240427,77,1,274,113,161,53
78,20220327,78,1,87,75,12,46
79,20241014,79,1,294,63,231,55
80,20241212,80,1,293,247,46,22
81,20220703,81,1,226,131,95,21
82,20240326,82,1,69,58,11,39
83,20240324,83,1,90,48,42,20
84,20240628,84,1,111,79,32,35
85,20240117,85,1,136,68,68,54
86,20230809,86,1,237,182,55,48
87,20221224,87,1,160,42,118,58
88,20230211,88,1,221,27,194,32
89,20230507,89,1,98,28,70,33
90,20220618,90,1,230,89,141,46
91,20230220,91,1,193,81,112,53
92,20230731,92,1,86,24,62,53
93,20230912,93,1,102,31,71,49
94,20221016,94,1,72,61,11,40
95,20240306,95,1,179,109,70,40
96,20220321,96,1,278,40,238,39
97,20240426,97,1,137,85,52,54
98,20220117,98,1,271,24,247,53
99,20241125,99,1,122,106,16,60
100,20230508,100,1,85,28,57,22
101,20230110,101,1,258,48,210,22
102,20220503,102,1,193,77,116,37
103,20220422,103,1,225,77,148,23
104,20230928,104,1,277,163,114,58
105,20220611,105,1,175,125,50,30
106,20220312,106,1,168,13,155,55
107,20221109,107,1,288,22,266,47
108,20240412,108,1,192,149,43,50
109,20241115,109,1,66,61,5,42
110,20240516,110,1,295,34,261,47
111,20240806,111,1,111,84,27,34
112,20230420,112,1,297,63,234,34
113,20240223,113,1,112,58,54,51
114,20221022,114,1,88,13,75,40
115,20240406,115,1,59,19,40,49
116,20231119,116,1,245,131,114,56
117,20231219,117,1,66,25,41,46
118,20230829,118,1,128,13,115,55
119,20220305,119,1,146,99,47,49
120,20240629,120,1,231,71,160,52
121,20240131,121,1,278,17,261,59
122,20220301,122,1,115,82,33,36
123,20241013,123,1,240,130,110,51
124,20241211,124,1,100,79,21,60
125,20230709,125,1,82,58,24,38
126,20230505,126,1,220,65,155,55
127,20220825,127,1,249,106,143,49
128,20240528,128,1,243,125,118,37
129,20230920,129,1,78,17,61,43
130,20241107,130,1,220,51,169,51
131,20230808,131,1,289,191,98,46
132,20220531,132,1,107,48,59,49
133,20230930,133,1,122,55,67,58
134,20220413,134,1,108,73,35,58
135,20230410,135,1,245,19,226,53
136,20221027,136,1,181,147,34,40
137,20221218,137,1,178,42,136,29
138,20240917,138,1,57,32,25,58
139,20241021,139,1,290,218,72,38
140,20230609,140,1,194,46,148,24
141,20241227,141,1,259,227,32,38
142,20241120,142,1,177,97,80,59
143,20231208,143,1,232,52,180,45
144,20241206,144,1,128,89,39,39
145,20220518,145,1,255,91,164,24
146,20220207,146,1,55,44,11,32
147,20240706,147,1,62,45,17,43
148,20240513,148,1,88,73,15,32
149,20220524,149,1,98,10,88,30
150,20231215,150,1,152,130,22,25
151,20220912,151,1,157,36,121,20
152,20221125,152,1,242,94,148,33
153,20240320,153,1,131,16,115,25
154,20220722,154,1,246,119,127,57
155,20241113,155,1,105,24,81,41
156,20240313,156,1,145,86,59,43
157,20220918,157,1,218,107,111,36
158,20221011,158,1,197,83,114,58
159,20240605,159,1,100,73,27,52
160,20231210,160,1,88,36,52,23
161,20240916,161,1,102,63,39,38
162,20241129,162,1,252,158,94,20
163,20231123,163,1,145,110,35,28
164,20220928,164,1,93,83,10,40
165,20241016,165,1,199,127,72,48
166,20220725,166,1,56,53,3,34
167,20220301,167,1,58,22,36,28
168,20220917,168,1,170,142,28,49
169,20230513,169,1,250,30,220,32
170,20241006,170,1,139,69,70,57
171,20230612,171,1,256,154,102,38
172,20220513,172,1,117,21,96,51
173,20241021,173,1,244,223,21,35
174,20230812,174,1,82,45,37,24
175,20221009,175,1,246,188,58,27
176,20220131,176,1,102,59,43,51
177,20220930,177,1,104,20,84,45
178,20240919,178,1,177,172,5,31
179,20221107,179,1,225,105,120,27
180,20240828,180,1,175,151,24,53
181,20230429,181,1,140,21,119,51
182,20240606,182,1,258,223,35,32
183,20220817,183,1,285,140,145,22
184,20231023,184,1,53,20,33,31
185,20220610,185,1,239,104,135,25
186,20241012,186,1,223,143,80,57
187,20230704,187,1,202,55,147,58
188,20220413,188,1,51,36,15,32
189,20220103,189,1,146,33,113,28
190,20230913,190,1,155,53,102,54
191,20231019,191,1,261,66,195,22
192,20230119,192,1,234,11,223,58
193,20230708,193,1,281,174,107,25
194,20241122,194,1,184,70,114,56
195,20230722,195,1,110,73,37,37
196,20230909,196,1,101,55,46,47
197,20230918,197,1,259,220,39,34
198,20220517,198,1,265,60,205,56
199,20240815,199,1,286,268,18,31
200,20230513,200,1,135,110,25,22
201,20240321,201,1,147,122,25,22
202,20240615,202,1,235,45,190,44
203,20220508,203,1,88,50,38,21
204,20240211,204,1,55,22,33,34
205,20220313,205,1,245,151,94,36
206,20240208,206,1,237,146,91,55
207,20230109,207,1,63,61,2,59
208,20221106,208,1,260,34,226,51
209,20220718,209,1,185,75,110,39
210,20221117,210,1,107,41,66,20
211,20220605,211,1,92,71,21,46
212,20230517,212,1,63,60,3,24
213,20231117,213,1,96,92,4,38
214,20231219,214,1,161,17,144,51
215,20220614,215,1,152,136,16,56
216,20240828,216,1,164,132,32,35
217,20230405,217,1,206,105,101,48
218,20221218,218,1,77,59,18,38
219,20220112,219,1,251,13,238,36
220,20230829,220,1,118,90,28,50
221,20220815,221,1,139,71,68,37
222,20220318,222,1,167,145,22,45
223,20220117,223,1,166,17,149,42
224,20231018,224,1,100,22,78,31
225,20220312,225,1,231,32,199,47
226,20220320,226,1,136,111,25,43
227,20230804,227,1,183,64,119,53
228,20230925,228,1,66,17,49,49
229,20240910,229,1,86,13,73,21
230,20230413,230,1,71,68,3,50
231,20231110,231,1,225,155,70,59
232,20220421,232,1,293,143,150,40
233,20240331,233,1,158,77,81,55
234,20220314,234,1,259,133,126,47
235,20220822,235,1,195,140,55,29
236,20231226,236,1,294,263,31,58
237,20221219,237,1,83,21,62,40
238,20230717,238,1,168,67,101,31
239,20220916,239,1,146,130,16,41
240,20220104,240,1,276,71,205,21
241,20230624,241,1,219,22,197,28
242,20240118,242,1,161,100,61,36
243,20241003,243,1,81,31,50,58
244,20221230,244,1,261,111,150,60
245,20240208,245,1,247,219,28,25
246,20220716,246,1,86,71,15,57
247,20220118,247,1,175,23,152,37
248,20240813,248,1,58,27,31,29
249,20220325,249,1,284,186,98,39
250,20240701,250,1,122,113,9,45
251,20240110,251,1,196,139,57,59
252,20240602,252,1,137,71,66,24
253,20231017,253,1,129,86,43,26
254,20230501,254,1,61,56,5,34
255,20220221,255,1,121,65,56,57
256,20230114,256,1,149,126,23,37
257,20240405,257,1,96,74,22,57
258,20230608,258,1,280,57,223,20
259,20240507,259,1,171,104,67,57
260,20230725,260,1,293,133,160,25
261,20220418,261,1,284,187,97,60
262,20240515,262,1,192,111,81,50
263,20241125,263,1,178,111,67,55
264,20220303,264,1,63,44,19,45
265,20220405,265,1,293,18,275,35
266,20240413,266,1,61,23,38,49
267,20230119,267,1,98,98,0,35
268,20220530,268,1,51,47,4,57
269,20220804,269,1,104,72,32,47
270,20231030,270,1,172,105,67,40
271,20231209,271,1,270,201,69,45
272,20220915,272,1,118,90,28,47
273,20230612,273,1,91,70,21,35
274,20220224,274,1,229,131,98,41
275,20230821,275,1,289,165,124,56
276,20240715,276,1,174,163,11,24
277,20240917,277,1,80,48,32,51
278,20221216,278,1,290,168,122,49
279,20220904,279,1,194,122,72,53
280,20220625,280,1,200,190,10,33
281,20231216,281,1,192,41,151,28
282,20220304,282,1,292,191,101,54
283,20231102,283,1,284,30,254,41
284,20220412,284,1,162,66,96,36
285,20220911,285,1,269,40,229,52
286,20240629,286,1,240,160,80,58
287,20221130,287,1,231,201,30,39
288,20220728,288,1,93,93,0,58
289,20220331,289,1,120,84,36,44
290,20240423,290,1,166,82,84,32
291,20230318,291,1,300,93,207,50
292,20230815,292,1,120,25,95,56
293,20240412,293,1,184,69,115,48
294,20240614,294,1,137,54,83,43
295,20220728,295,1,66,28,38,41
296,20241102,296,1,83,34,49,52
297,20240813,297,1,140,116,24,22
298,20220731,298,1,216,134,82,58
299,20241229,299,1,212,125,87,23
300,20221227,300,1,199,158,41,46
301,20230303,301,1,197,174,23,28
302,20220921,302,1,155,42,113,41
303,20230531,303,1,50,22,28,51
304,20231011,304,1,137,114,23,24
305,20220301,305,1,177,113,64,57
306,20240506,306,1,111,84,27,58
307,20241005,307,1,219,77,142,31
308,20240223,308,1,263,17,246,30
309,20230216,309,1,155,71,84,42
310,20240218,310,1,234,162,72,47
311,20240616,311,1,205,26,179,32
312,20240413,312,1,253,33,220,50
313,20241206,313,1,216,166,50,40
314,20240902,314,1,251,37,214,38
315,20230326,315,1,249,194,55,59
316,20240214,316,1,197,18,179,27
317,20220719,317,1,238,18,220,56
318,20240918,318,1,253,108,145,35
319,20240830,319,1,78,68,10,28
320,20220910,320,1,247,131,116,22
321,20231227,321,1,199,16,183,29
322,20230617,322,1,253,106,147,33
323,20240421,323,1,252,67,185,32
324,20240725,324,1,154,38,116,54
325,20220122,325,1,200,17,183,51
326,20220923,326,1,152,72,80,35
327,20220721,327,1,218,125,93,33
328,20231229,328,1,181,40,141,56
329,20220924,329,1,142,59,83,57
330,20221014,330,1,93,89,4,41
331,20230430,331,1,176,126,50,60
332,20221009,332,1,126,110,16,60
333,20241205,333,1,113,101,12,50
334,20220709,334,1,68,30,38,20
335,20230607,335,1,196,175,21,26
336,20220822,336,1,244,19,225,32
337,20240726,337,1,296,221,75,56
338,20221011,338,1,181,136,45,23
339,20230108,339,1,154,42,112,21
340,20220820,340,1,178,29,149,28
341,20240925,341,1,98,69,29,42
342,20230227,342,1,95,43,52,52
343,20220606,343,1,51,28,23,20
344,20231206,344,1,271,177,94,44
345,20240809,345,1,157,53,104,44
346,20240303,346,1,83,18,65,34
347,20220923,347,1,77,51,26,33
348,20230205,348,1,153,151,2,29
349,20240515,349,1,57,41,16,41
350,20220609,350,1,275,119,156,54
351,20241117,351,1,189,90,99,36
352,20241012,352,1,109,79,30,54
353,20220724,353,1,184,73,111,59
354,20240528,354,1,297,29,268,59
355,20220731,355,1,295,87,208,30
356,20220102,356,1,73,52,21,31
357,20221210,357,1,283,253,30,24
358,20241204,358,1,262,135,127,48
359,20240415,359,1,153,26,127,25
360,20230319,360,1,169,13,156,38
361,20220711,361,1,247,29,218,30
362,20220410,362,1,253,86,167,36
363,20240827,363,1,99,32,67,49
364,20230917,364,1,78,34,44,29
365,20241028,365,1,89,84,5,41
366,20220118,366,1,194,44,150,28
367,20231211,367,1,52,23,29,41
368,20220527,368,1,299,131,168,30
369,20240927,369,1,264,19,245,31
370,20220703,370,1,159,106,53,50
371,20230918,371,1,78,20,58,26
372,20221130,372,1,229,115,114,53
373,20240519,373,1,253,30,223,20
374,20220214,374,1,183,33,150,32
375,20220122,375,1,295,257,38,47
376,20240629,376,1,214,184,30,23
377,20221119,377,1,102,58,44,31
378,20220205,378,1,112,56,56,44
379,20220910,379,1,253,24,229,32
380,20240215,380,1,110,38,72,60
381,20230414,381,1,148,107,41,38
382,20240706,382,1,94,44,50,39
383,20240904,383,1,100,24,76,54
384,20240211,384,1,67,62,5,59
385,20220317,385,1,159,100,59,58
386,20230106,386,1,246,168,78,24
387,20220314,387,1,188,92,96,42
388,20230224,388,1,209,126,83,47
389,20221117,389,1,283,101,182,29
390,20230629,390,1,147,30,117,24
391,20231224,391,1,169,15,154,42
392,20240716,392,1,97,66,31,31
393,20240705,393,1,153,34,119,42
394,20230711,394,1,141,34,107,58
395,20231218,395,1,192,27,165,35
396,20231224,396,1,84,15,69,58
397,20240108,397,1,179,70,109,26
398,20231012,398,1,161,31,130,35
399,20241128,399,1,140,19,121,52
400,20230803,400,1,228,194,34,26
401,20220330,401,1,51,45,6,33
402,20220122,402,1,287,50,237,47
403,20231020,403,1,220,55,165,51
404,20220519,404,1,262,26,236,29
405,20230511,405,1,236,228,8,52
406,20240424,406,1,65,11,54,57
407,20240831,407,1,289,59,230,20
408,20241031,408,1,200,104,96,30
409,20220904,409,1,115,99,16,53
410,20240518,410,1,300,51,249,47
411,20220708,411,1,116,80,36,45
412,20220215,412,1,217,189,28,26
413,20240317,413,1,250,249,1,57
414,20240831,414,1,64,21,43,41
415,20230509,415,1,112,57,55,22
416,20230226,416,1,196,181,15,20
417,20220628,417,1,195,140,55,49
418,20231025,418,1,211,158,53,21
419,20220515,419,1,261,199,62,41
420,20231203,420,1,227,131,96,53
421,20220316,421,1,274,218,56,43
422,20230907,422,1,173,89,84,47
423,20240404,423,1,168,104,64,58
424,20240929,424,1,270,150,120,43
425,20230117,425,1,142,72,70,23
426,20230224,426,1,138,105,33,26
427,20230619,427,1,171,13,158,29
428,20240213,428,1,273,272,1,47
429,20230704,429,1,249,130,119,39
430,20241215,430,1,193,109,84,40
431,20240219,431,1,146,83,63,49
432,20240925,432,1,149,60,89,47
433,20220718,433,1,130,18,112,26
434,20230430,434,1,222,143,79,23
435,20240506,435,1,240,34,206,32
436,20240403,436,1,58,24,34,44
437,20221123,437,1,132,29,103,55
438,20220710,438,1,265,102,163,48
439,20221226,439,1,211,176,35,23
440,20241216,440,1,127,63,64,22
441,20240207,441,1,143,45,98,41
442,20220206,442,1,252,173,79,40
443,20220516,443,1,293,187,106,47
444,20240516,444,1,142,49,93,21
445,20240712,445,1,207,92,115,29
446,20240615,446,1,135,62,73,36
447,20240905,447,1,122,64,58,26
448,20231206,448,1,228,54,174,28
449,20230414,449,1,285,86,199,59
450,20231007,450,1,229,42,187,30
451,20220211,451,1,266,97,169,44
452,20240516,452,1,226,112,114,59
453,20220823,453,1,229,150,79,36
454,20230921,454,1,207,175,32,33
455,20220810,455,1,243,104,139,59
456,20221011,456,1,222,19,203,55
457,20240317,457,1,124,23,101,28
458,20230731,458,1,260,164,96,29
459,20220503,459,1,161,89,72,53
460,20240623,460,1,298,210,88,47
461,20230104,461,1,153,46,107,47
462,20221215,462,1,293,19,274,43
463,20221007,463,1,64,32,32,39
464,20231120,464,1,245,140,105,38
465,20220308,465,1,248,193,55,43
466,20230916,466,1,157,100,57,43
467,20231104,467,1,268,130,138,31
468,20230830,468,1,217,91,126,57
469,20221225,469,1,67,27,40,31
470,20240215,470,1,143,121,22,25
471,20220714,471,1,235,49,186,54
472,20241223,472,1,250,248,2,29
473,20241202,473,1,146,46,100,55
474,20220422,474,1,254,23,231,32
475,20241102,475,1,279,158,121,31
476,20231224,476,1,171,42,129,39
477,20240224,477,1,188,52,136,30
478,20220208,478,1,228,128,100,31
479,20240326,479,1,101,48,53,35
480,20230628,480,1,297,154,143,43
481,20240730,481,1,280,101,179,31
482,20230823,482,1,267,49,218,28
483,20240509,483,1,215,128,87,28
484,20230820,484,1,194,130,64,60
485,20240126,485,1,229,207,22,42
486,20240918,486,1,171,71,100,38
487,20230111,487,1,255,17,238,48
488,20240509,488,1,172,105,67,54
489,20220520,489,1,219,21,198,21
490,20240327,490,1,68,34,34,21
491,20220715,491,1,223,112,111,25
492,20221201,492,1,149,30,119,48
493,20230409,493,1,180,159,21,25
494,20230608,494,1,230,119,111,37
495,20241215,495,1,295,66,229,40
496,20220207,496,1,55,42,13,22
497,20220128,497,1,269,190,79,52
498,20230629,498,1,223,147,76,39
499,20221108,499,1,164,35,129,37
500,20240708,500,1,133,15,118,31
501,20221015,1,2,67,32,35,50
502,20241231,2,2,204,150,54,36
503,20240418,3,2,88,26,62,42
504,20241204,4,2,166,137,29,38
505,20231021,5,2,87,32,55,40
506,20241117,6,2,273,28,245,20
507,20230310,7,2,212,30,182,21
508,20220310,8,2,113,25,88,22
509,20240125,9,2,98,58,40,50
510,20230208,10,2,63,54,9,50
511,20240410,11,2,204,69,135,37
512,20230501,12,2,288,225,63,29
513,20241101,13,2,119,104,15,38
514,20220809,14,2,300,300,0,60
515,20230612,15,2,64,19,45,52
516,20241224,16,2,166,107,59,45
517,20221227,17,2,204,181,23,26
518,20240804,18,2,231,94,137,44
519,20241112,19,2,281,202,79,37
520,20231219,20,2,246,20,226,26
521,20220523,21,2,272,113,159,36
522,20231017,22,2,277,236,41,50
523,20231118,23,2,286,91,195,45
524,20240427,24,2,228,19,209,56
525,20241106,25,2,100,17,83,55
526,20220406,26,2,174,118,56,41
527,20240301,27,2,163,22,141,50
528,20231126,28,2,206,22,184,40
529,20240221,29,2,159,26,133,49
530,20220417,30,2,249,17,232,59
531,20220522,31,2,242,108,134,45
532,20240521,32,2,164,126,38,40
533,20240728,33,2,219,135,84,51
534,20230418,34,2,228,21,207,43
535,20230613,35,2,91,47,44,58
536,20231102,36,2,214,207,7,54
537,20230809,37,2,145,70,75,34
538,20240101,38,2,232,231,1,26
539,20240610,39,2,117,96,21,36
540,20231008,40,2,102,86,16,29
541,20241010,41,2,153,21,132,51
542,20240105,42,2,121,66,55,48
543,20240424,43,2,287,234,53,41
544,20240102,44,2,217,177,40,52
545,20220908,45,2,253,160,93,60
546,20221009,46,2,219,14,205,59
547,20240210,47,2,206,100,106,49
548,20221023,48,2,75,59,16,56
549,20231228,49,2,248,125,123,39
550,20240825,50,2,135,129,6,43
551,20231114,51,2,161,159,2,44
552,20220429,52,2,269,181,88,31
553,20240401,53,2,53,44,9,21
554,20220324,54,2,163,31,132,49
555,20240808,55,2,264,258,6,51
556,20220209,56,2,188,186,2,31
557,20240428,57,2,292,25,267,41
558,20240831,58,2,80,70,10,21
559,20230716,59,2,219,162,57,31
560,20241127,60,2,140,10,130,35
561,20220410,61,2,206,100,106,44
562,20240212,62,2,255,135,120,22
563,20240817,63,2,80,20,60,31
564,20220506,64,2,70,57,13,60
565,20230814,65,2,81,70,11,60
566,20230719,66,2,136,28,108,42
567,20241112,67,2,135,86,49,30
568,20220711,68,2,298,107,191,20
569,20230311,69,2,138,22,116,44
570,20220422,70,2,130,121,9,26
571,20220425,71,2,186,35,151,20
572,20240210,72,2,203,185,18,46
573,20220204,73,2,139,62,77,40
574,20231015,74,2,87,49,38,28
575,20240320,75,2,95,83,12,60
576,20240414,76,2,297,157,140,40
577,20230803,77,2,146,117,29,41
578,20240127,78,2,70,27,43,56
579,20220531,79,2,223,20,203,51
580,20241224,80,2,131,56,75,27
581,20241120,81,2,155,61,94,48
582,20241206,82,2,187,154,33,35
583,20240525,83,2,106,30,76,33
584,20230426,84,2,277,224,53,45
585,20240802,85,2,182,149,33,56
586,20220302,86,2,104,12,92,55
587,20240324,87,2,84,68,16,20
588,20230201,88,2,290,68,222,41
589,20221122,89,2,85,30,55,20
590,20230208,90,2,109,59,50,44
591,20220722,91,2,55,15,40,20
592,20240224,92,2,243,40,203,28
593,20220220,93,2,147,120,27,46
594,20230424,94,2,191,145,46,20
595,20240115,95,2,123,91,32,27
596,20221105,96,2,204,41,163,49
597,20220604,97,2,178,19,159,51
598,20221208,98,2,192,124,68,47
599,20230813,99,2,262,124,138,35
600,20240104,100,2,232,188,44,58
601,20240405,101,2,144,69,75,51
602,20220305,102,2,97,30,67,50
603,20230217,103,2,124,13,111,40
604,20220124,104,2,207,33,174,53
605,20240319,105,2,60,39,21,35
606,20240527,106,2,159,112,47,57
607,20230304,107,2,122,11,111,24
608,20220112,108,2,153,45,108,57
609,20240314,109,2,101,16,85,28
610,20230401,110,2,214,65,149,35
611,20221102,111,2,202,110,92,45
612,20240322,112,2,66,49,17,54
613,20220130,113,2,55,14,41,53
614,20230704,114,2,218,182,36,57
615,20230110,115,2,242,202,40,58
616,20221005,116,2,162,148,14,38
617,20230816,117,2,213,160,53,55
618,20231212,118,2,128,120,8,38
619,20220524,119,2,134,133,1,29
620,20230319,120,2,202,183,19,21
621,20240120,121,2,244,185,59,36
622,20240105,122,2,176,17,159,59
623,20240606,123,2,82,32,50,52
624,20221017,124,2,225,59,166,28
625,20220608,125,2,79,25,54,20
626,20230320,126,2,195,146,49,21
627,20231230,127,2,234,37,197,22
628,20220519,128,2,206,112,94,24
629,20221231,129,2,151,144,7,55
630,20231004,130,2,108,21,87,28
631,20240210,131,2,101,46,55,59
632,20241216,132,2,118,94,24,33
633,20220824,133,2,117,13,104,47
634,20240211,134,2,196,46,150,59
635,20230730,135,2,192,184,8,53
636,20240701,136,2,294,285,9,39
637,20230513,137,2,164,81,83,23
638,20221125,138,2,124,89,35,26
639,20230504,139,2,192,104,88,29
640,20220404,140,2,175,110,65,38
641,20241213,141,2,115,50,65,49
642,20230528,142,2,116,30,86,42
643,20241105,143,2,228,24,204,38
644,20230524,144,2,132,73,59,26
645,20240402,145,2,154,43,111,34
646,20220728,146,2,152,135,17,42
647,20240308,147,2,136,133,3,42
648,20240116,148,2,246,167,79,50
649,20220525,149,2,299,232,67,33
650,20230924,150,2,50,28,22,58
651,20240423,151,2,52,43,9,24
652,20221215,152,2,279,186,93,59
653,20230116,153,2,88,70,18,50
654,20230216,154,2,133,37,96,41
655,20240720,155,2,296,104,192,55
656,20231026,156,2,178,122,56,34
657,20220111,157,2,154,91,63,32
658,20220724,158,2,169,136,33,59
659,20231125,159,2,231,19,212,48
660,20221120,160,2,156,137,19,52
661,20230227,161,2,237,105,132,27
662,20241124,162,2,178,43,135,48
663,20230702,163,2,149,37,112,47
664,20241103,164,2,221,88,133,27
665,20240927,165,2,85,48,37,52
666,20231115,166,2,63,31,32,30
667,20220301,167,2,230,126,104,39
668,20240219,168,2,221,17,204,48
669,20220507,169,2,111,18,93,23
670,20230427,170,2,135,78,57,20
671,20220825,171,2,130,106,24,43
672,20231116,172,2,121,58,63,30
673,20230304,173,2,194,53,141,52
674,20240701,174,2,167,141,26,22
675,20221011,175,2,215,84,131,34
676,20240116,176,2,224,220,4,21
677,20230919,177,2,228,156,72,29
678,20240416,178,2,266,51,215,46
679,20220622,179,2,177,38,139,28
680,20220526,180,2,144,34,110,20
681,20240822,181,2,225,167,58,29
682,20230719,182,2,173,31,142,54
683,20220512,183,2,240,149,91,40
684,20230422,184,2,152,36,116,22
685,20240625,185,2,270,91,179,32
686,20230817,186,2,154,31,123,21
687,20230721,187,2,255,215,40,46
688,20220309,188,2,269,118,151,56
689,20240728,189,2,120,31,89,42
690,20220709,190,2,185,29,156,50
691,20231103,191,2,135,88,47,52
692,20230705,192,2,276,131,145,20
693,20230206,193,2,50,25,25,52
694,20221228,194,2,77,69,8,32
695,20230104,195,2,119,43,76,29
696,20230822,196,2,163,121,42,58
697,20230704,197,2,231,185,46,21
698,20230620,198,2,231,215,16,37
699,20230222,199,2,251,119,132,24
700,20241111,200,2,228,15,213,58
701,20220204,201,2,121,51,70,47
702,20220203,202,2,299,52,247,51
703,20230214,203,2,179,52,127,53
704,20230221,204,2,274,126,148,52
705,20220430,205,2,207,205,2,48
706,20220323,206,2,221,55,166,40
707,20240812,207,2,85,62,23,56
708,20240416,208,2,51,12,39,26
709,20241105,209,2,63,38,25,47
710,20230314,210,2,74,19,55,31
711,20240822,211,2,182,97,85,49
712,20220202,212,2,248,91,157,38
713,20220621,213,2,193,79,114,50
714,20231101,214,2,290,29,261,25
715,20220417,215,2,192,177,15,47
716,20241023,216,2,212,109,103,50
717,20220617,217,2,285,231,54,47
718,20241006,218,2,259,183,76,41
719,20241104,219,2,265,149,116,21
720,20231222,220,2,263,206,57,24
721,20240806,221,2,141,25,116,53
722,20240422,222,2,86,78,8,25
723,20220123,223,2,53,17,36,41
724,20230424,224,2,147,74,73,40
725,20220301,225,2,209,180,29,42
726,20240416,226,2,235,69,166,52
727,20221011,227,2,123,26,97,44
728,20240818,228,2,274,72,202,57
729,20230423,229,2,92,75,17,37
730,20230808,230,2,75,51,24,42
731,20230704,231,2,178,159,19,24
732,20230124,232,2,269,199,70,57
733,20220513,233,2,178,90,88,25
734,20230909,234,2,260,42,218,20
735,20221014,235,2,268,249,19,60
736,20230314,236,2,167,26,141,33
737,20220506,237,2,83,58,25,49
738,20240927,238,2,237,198,39,24
739,20240204,239,2,298,203,95,21
740,20230723,240,2,83,50,33,21
741,20240703,241,2,199,96,103,38
742,20241106,242,2,84,66,18,54
743,20240417,243,2,256,42,214,60
744,20230108,244,2,79,59,20,59
745,20220704,245,2,80,34,46,44
746,20220703,246,2,208,195,13,31
747,20230222,247,2,90,66,24,39
748,20240303,248,2,260,167,93,44
749,20230506,249,2,107,70,37,32
750,20230521,250,2,107,56,51,41
751,20221125,251,2,269,57,212,23
752,20220802,252,2,80,77,3,48
753,20231123,253,2,82,19,63,24
754,20220113,254,2,80,73,7,44
755,20240317,255,2,297,128,169,41
756,20220330,256,2,187,26,161,59
757,20240307,257,2,181,179,2,39
758,20230916,258,2,70,64,6,33
759,20240419,259,2,167,19,148,36
760,20240725,260,2,124,61,63,49
761,20240713,261,2,155,37,118,27
762,20240502,262,2,63,54,9,34
763,20220420,263,2,123,77,46,34
764,20220614,264,2,290,138,152,48
765,20220618,265,2,234,49,185,47
766,20240922,266,2,64,45,19,24
767,20240714,267,2,54,37,17,55
768,20241225,268,2,240,208,32,30
769,20240823,269,2,137,39,98,46
770,20221217,270,2,80,44,36,48
771,20230420,271,2,223,131,92,23
772,20240203,272,2,87,76,11,42
773,20241228,273,2,125,22,103,50
774,20230516,274,2,198,174,24,31
775,20230324,275,2,92,22,70,57
776,20230119,276,2,172,15,157,57
777,20220110,277,2,204,34,170,52
778,20240410,278,2,249,157,92,58
779,20241226,279,2,161,50,111,50
780,20230531,280,2,153,17,136,34
781,20240530,281,2,73,37,36,34
782,20231018,282,2,105,39,66,58
783,20240925,283,2,288,195,93,30
784,20230302,284,2,132,21,111,28
785,20240301,285,2,237,166,71,53
786,20241113,286,2,183,98,85,38
787,20221027,287,2,208,129,79,47
788,20241220,288,2,241,224,17,55
789,20230417,289,2,63,48,15,50
790,20220726,290,2,200,70,130,20
791,20230802,291,2,200,126,74,49
792,20230507,292,2,137,17,120,24
793,20230307,293,2,130,76,54,28
794,20241124,294,2,137,44,93,27
795,20220605,295,2,229,206,23,44
796,20220628,296,2,250,77,173,54
797,20220413,297,2,50,12,38,46
798,20241004,298,2,142,64,78,37
799,20220611,299,2,127,83,44,49
800,20230816,300,2,273,250,23,31
801,20241226,301,2,239,189,50,36
802,20241127,302,2,140,93,47,52
803,20240520,303,2,118,35,83,29
804,20220123,304,2,117,16,101,31
805,20230930,305,2,272,73,199,44
806,20220323,306,2,224,103,121,38
807,20220630,307,2,50,25,25,38
808,20230210,308,2,88,49,39,40
809,20230717,309,2,139,48,91,29
810,20231025,310,2,162,29,133,32
811,20230324,311,2,109,54,55,26
812,20220808,312,2,201,19,182,58
813,20240626,313,2,172,44,128,50
814,20231008,314,2,196,119,77,54
815,20220821,315,2,218,167,51,33
816,20220930,316,2,269,76,193,53
817,20240407,317,2,238,147,91,52
818,20221229,318,2,99,53,46,49
819,20230404,319,2,284,14,270,25
820,20240102,320,2,72,54,18,37
821,20230925,321,2,213,80,133,46
822,20220322,322,2,248,144,104,56
823,20220720,323,2,218,39,179,38
824,20230502,324,2,87,63,24,59
825,20220628,325,2,94,67,27,37
826,20230213,326,2,262,94,168,35
827,20220320,327,2,124,24,100,27
828,20230422,328,2,237,159,78,21
829,20220207,329,2,50,34,16,34
830,20240128,330,2,64,25,39,58
831,20220120,331,2,92,85,7,50
832,20231005,332,2,171,161,10,28
833,20240705,333,2,159,112,47,40
834,20230926,334,2,284,114,170,25
835,20240214,335,2,162,21,141,49
836,20241201,336,2,133,33,100,45
837,20220615,337,2,174,137,37,47
838,20221203,338,2,262,205,57,54
839,20230219,339,2,56,41,15,36
840,20240105,340,2,299,158,141,60
841,20230511,341,2,249,155,94,55
842,20241103,342,2,184,146,38,28
843,20231104,343,2,50,25,25,56
844,20221225,344,2,261,45,216,29
845,20240711,345,2,139,32,107,47
846,20240101,346,2,123,117,6,24
847,20230806,347,2,129,78,51,20
848,20230707,348,2,115,73,42,41
849,20240111,349,2,160,114,46,29
850,20240715,350,2,82,74,8,32
851,20240205,351,2,50,46,4,52
852,20230609,352,2,200,153,47,22
853,20240829,353,2,242,135,107,45
854,20240615,354,2,79,27,52,21
855,20241121,355,2,136,120,16,24
856,20220709,356,2,137,63,74,33
857,20230907,357,2,174,101,73,51
858,20220413,358,2,81,65,16,20
859,20230305,359,2,209,146,63,24
860,20240702,360,2,169,119,50,35
861,20220412,361,2,61,37,24,48
862,20230722,362,2,111,20,91,38
863,20240609,363,2,260,49,211,56
864,20221225,364,2,203,108,95,30
865,20240511,365,2,218,52,166,31
866,20220930,366,2,118,21,97,42
867,20220106,367,2,63,39,24,31
868,20240704,368,2,261,228,33,20
869,20240807,369,2,216,63,153,44
870,20230813,370,2,140,101,39,57
871,20240910,371,2,227,135,92,36
872,20231130,372,2,88,74,14,60
873,20231129,373,2,285,124,161,41
874,20240621,374,2,195,122,73,47
875,20231226,375,2,270,265,5,42
876,20230929,376,2,184,167,17,33
877,20240714,377,2,54,37,17,59
878,20231206,378,2,69,51,18,54
879,20230623,379,2,232,76,156,38
880,20240510,380,2,112,108,4,45
881,20240828,381,2,163,112,51,51
882,20240223,382,2,270,253,17,35
883,20241018,383,2,186,172,14,39
884,20220629,384,2,156,154,2,35
885,20220924,385,2,147,14,133,20
886,20220422,386,2,266,107,159,47
887,20240130,387,2,165,143,22,37
888,20230127,388,2,207,164,43,20
889,20231219,389,2,184,41,143,28
890,20220223,390,2,225,185,40,21
891,20230412,391,2,122,63,59,52
892,20240926,392,2,136,17,119,36
893,20220504,393,2,101,32,69,50
894,20240102,394,2,206,175,31,23
895,20220504,395,2,90,68,22,33
896,20220627,396,2,216,213,3,48
897,20230429,397,2,220,147,73,46
898,20221220,398,2,204,156,48,46
899,20240209,399,2,208,131,77,55
900,20230303,400,2,230,76,154,54
901,20220512,401,2,93,83,10,43
902,20220914,402,2,77,62,15,41
903,20230827,403,2,89,71,18,41
904,20220906,404,2,81,14,67,55
905,20230317,405,2,170,80,90,60
906,20220914,406,2,74,45,29,57
907,20221111,407,2,56,28,28,40
908,20230112,408,2,129,79,50,57
909,20231009,409,2,140,88,52,40
910,20240125,410,2,191,76,115,41
911,20220727,411,2,91,42,49,59
912,20220304,412,2,226,61,165,21
913,20230713,413,2,210,43,167,47
914,20230130,414,2,223,223,0,50
915,20231003,415,2,142,75,67,41
916,20230328,416,2,106,12,94,45
917,20240602,417,2,205,119,86,50
918,20220318,418,2,170,71,99,24
919,20240709,419,2,150,128,22,42
920,20230314,420,2,288,188,100,20
921,20230127,421,2,147,123,24,52
922,20240205,422,2,214,48,166,37
923,20230412,423,2,141,52,89,20
924,20220324,424,2,85,46,39,25
925,20231217,425,2,257,47,210,28
926,20240229,426,2,175,121,54,57
927,20240623,427,2,86,85,1,26
928,20241119,428,2,229,188,41,50
929,20240123,429,2,95,31,64,35
930,20240118,430,2,94,62,32,21
931,20220414,431,2,253,143,110,53
932,20230929,432,2,130,10,120,35
933,20240526,433,2,236,230,6,29
934,20220703,434,2,116,58,58,59
935,20220213,435,2,105,45,60,47
936,20220731,436,2,197,58,139,44
937,20220711,437,2,280,184,96,32
938,20240419,438,2,267,252,15,39
939,20230219,439,2,151,105,46,44
940,20221004,440,2,246,190,56,36
941,20230713,441,2,256,163,93,51
942,20220819,442,2,248,153,95,54
943,20221024,443,2,152,34,118,39
944,20221205,444,2,173,87,86,38
945,20220613,445,2,103,87,16,31
946,20220425,446,2,104,97,7,44
947,20240831,447,2,262,174,88,34
948,20221023,448,2,100,22,78,44
949,20240123,449,2,286,39,247,57
950,20230221,450,2,258,101,157,25
951,20240307,451,2,220,14,206,34
952,20240713,452,2,101,52,49,52
953,20230110,453,2,214,104,110,22
954,20220207,454,2,287,67,220,33
955,20240211,455,2,67,17,50,42
956,20230407,456,2,213,27,186,54
957,20220711,457,2,229,160,69,38
958,20220723,458,2,155,149,6,44
959,20221013,459,2,278,81,197,40
960,20230627,460,2,92,62,30,60
961,20220316,461,2,224,182,42,50
962,20241208,462,2,143,90,53,36
963,20230724,463,2,54,28,26,37
964,20221005,464,2,203,163,40,33
965,20221030,465,2,297,38,259,27
966,20240917,466,2,231,191,40,57
967,20220924,467,2,255,79,176,52
968,20220130,468,2,294,41,253,32
969,20230505,469,2,74,43,31,41
970,20230711,470,2,143,45,98,21
971,20240829,471,2,79,53,26,49
972,20240106,472,2,241,111,130,23
973,20240209,473,2,57,40,17,26
974,20240324,474,2,223,12,211,28
975,20231110,475,2,164,21,143,56
976,20241107,476,2,89,21,68,44
977,20221217,477,2,183,55,128,33
978,20220622,478,2,221,161,60,43
979,20220120,479,2,79,66,13,24
980,20221111,480,2,123,21,102,34
981,20241104,481,2,204,88,116,42
982,20241009,482,2,80,15,65,31
983,20231110,483,2,221,54,167,58
984,20240828,484,2,296,48,248,51
985,20230611,485,2,79,76,3,46
986,20230721,486,2,241,207,34,31
987,20230526,487,2,100,76,24,53
988,20230510,488,2,229,201,28,25
989,20220914,489,2,251,179,72,29
990,20240831,490,2,69,26,43,21
991,20220815,491,2,275,176,99,42
992,20240712,492,2,243,157,86,34
993,20220824,493,2,87,10,77,24
994,20230411,494,2,271,147,124,43
995,20221016,495,2,214,156,58,53
996,20220127,496,2,253,79,174,31
997,20220525,497,2,141,60,81,55
998,20220116,498,2,218,23,195,20
999,20230525,499,2,73,29,44,40
1000,20231005,500,2,285,273,12,59
1001,20220301,1,3,79,54,25,51
1002,20240315,2,3,106,26,80,44
1003,20220224,3,3,275,82,193,27
1004,20221112,4,3,74,36,38,42
1005,20230929,5,3,266,225,41,47
1006,20240129,6,3,173,121,52,44
1007,20220629,7,3,217,78,139,33
1008,20221125,8,3,133,27,106,53
1009,20221205,9,3,187,118,69,20
1010,20220426,10,3,216,107,109,41
1011,20231123,11,3,207,207,0,33
1012,20230611,12,3,265,12,253,22
1013,20231204,13,3,170,69,101,46
1014,20240525,14,3,259,23,236,35
1015,20241014,15,3,218,43,175,24
1016,20220301,16,3,74,16,58,20
1017,20230418,17,3,225,104,121,34
1018,20230728,18,3,245,175,70,47
1019,20241110,19,3,123,61,62,52
1020,20241129,20,3,250,37,213,56
1021,20230725,21,3,114,60,54,51
1022,20240327,22,3,236,142,94,24
1023,20220726,23,3,64,47,17,40
1024,20221001,24,3,120,103,17,45
1025,20240529,25,3,242,165,77,60
1026,20240514,26,3,75,27,48,40
1027,20230519,27,3,298,34,264,22
1028,20220225,28,3,297,259,38,23
1029,20230705,29,3,281,196,85,49
1030,20230130,30,3,80,65,15,33
1031,20220612,31,3,259,130,129,48
1032,20230521,32,3,266,118,148,20
1033,20230120,33,3,197,156,41,55
1034,20220912,34,3,163,29,134,26
1035,20220226,35,3,88,69,19,60
1036,20240117,36,3,79,36,43,46
1037,20240928,37,3,294,130,164,43
1038,20231115,38,3,88,30,58,36
1039,20230324,39,3,219,85,134,57
1040,20240526,40,3,70,23,47,43
1041,20240922,41,3,282,188,94,49
1042,20230805,42,3,215,92,123,40
1043,20240522,43,3,117,49,68,55
1044,20221217,44,3,189,145,44,39
1045,20220218,45,3,190,19,171,31
1046,20230523,46,3,299,154,145,40
1047,20220404,47,3,162,77,85,41
1048,20230524,48,3,211,160,51,30
1049,20230707,49,3,180,98,82,24
1050,20240602,50,3,258,200,58,49
1051,20220219,51,3,176,126,50,47
1052,20241014,52,3,173,41,132,49
1053,20221117,53,3,238,103,135,56
1054,20241016,54,3,146,11,135,60
1055,20220119,55,3,159,148,11,32
1056,20230625,56,3,127,86,41,45
1057,20220625,57,3,240,174,66,44
1058,20240906,58,3,295,181,114,32
1059,20220412,59,3,289,276,13,57
1060,20241128,60,3,67,62,5,36
1061,20220619,61,3,223,105,118,26
1062,20220620,62,3,214,95,119,29
1063,20241228,63,3,195,162,33,38
1064,20230714,64,3,129,88,41,38
1065,20221007,65,3,136,10,126,22
1066,20240529,66,3,73,63,10,30
1067,20221101,67,3,166,45,121,56
1068,20220501,68,3,290,78,212,40
1069,20230619,69,3,284,123,161,43
1070,20240813,70,3,115,74,41,48
1071,20231128,71,3,232,187,45,37
1072,20240923,72,3,165,62,103,30
1073,20230615,73,3,251,53,198,29
1074,20241106,74,3,118,42,76,25
1075,20231010,75,3,281,25,256,33
1076,20241104,76,3,215,76,139,50
1077,20230801,77,3,258,159,99,30
1078,20221030,78,3,158,143,15,37
1079,20230619,79,3,174,13,161,42
1080,20220903,80,3,252,92,160,22
1081,20231110,81,3,105,99,6,22
1082,20240624,82,3,115,67,48,23
1083,20241129,83,3,60,29,31,37
1084,20230406,84,3,90,54,36,29
1085,20241201,85,3,236,224,12,30
1086,20221219,86,3,145,39,106,45
1087,20231105,87,3,203,113,90,26
1088,20230807,88,3,298,181,117,20
1089,20241017,89,3,159,134,25,30
1090,20221210,90,3,229,134,95,54
1091,20230321,91,3,123,21,102,37
1092,20230106,92,3,297,27,270,50
1093,20230123,93,3,185,173,12,28
1094,20240122,94,3,117,53,64,36
1095,20230510,95,3,164,116,48,50
1096,20220216,96,3,272,147,125,55
1097,20240925,97,3,122,42,80,24
1098,20220531,98,3,107,11,96,57
1099,20220602,99,3,267,225,42,30
1100,20220927,100,3,281,117,164,50
1101,20220123,101,3,277,163,114,47
1102,20231217,102,3,181,152,29,44
1103,20220815,103,3,84,68,16,28
1104,20231224,104,3,281,247,34,55
1105,20241221,105,3,57,48,9,54
1106,20231010,106,3,74,38,36,32
1107,20220106,107,3,144,137,7,33
1108,20230124,108,3,281,141,140,25
1109,20241108,109,3,269,137,132,21
1110,20241117,110,3,67,14,53,26
1111,20240806,111,3,103,67,36,20
1112,20241122,112,3,275,225,50,33
1113,20220923,113,3,63,25,38,56
1114,20220630,114,3,184,184,0,56
1115,20240808,115,3,162,74,88,44
1116,20220704,116,3,95,45,50,45
1117,20230828,117,3,180,58,122,42
1118,20240302,118,3,59,46,13,33
1119,20220501,119,3,74,25,49,35
1120,20220315,120,3,239,215,24,36
1121,20240420,121,3,73,36,37,41
1122,20240423,122,3,101,68,33,22
1123,20241128,123,3,209,94,115,22
1124,20241222,124,3,72,41,31,54
1125,20231226,125,3,115,62,53,55
1126,20231018,126,3,280,141,139,20
1127,20240815,127,3,52,38,14,60
1128,20230726,128,3,56,38,18,26
1129,20220412,129,3,218,55,163,58
1130,20240106,130,3,227,136,91,23
1131,20231208,131,3,173,159,14,53
1132,20220521,132,3,215,46,169,49
1133,20220204,133,3,211,201,10,26
1134,20230520,134,3,223,217,6,36
1135,20221020,135,3,202,130,72,32
1136,20240727,136,3,135,114,21,36
1137,20220812,137,3,187,169,18,32
1138,20230913,138,3,110,96,14,51
1139,20220314,139,3,235,94,141,45
1140,20220710,140,3,213,71,142,29
1141,20230107,141,3,152,105,47,34
1142,20240709,142,3,230,54,176,43
1143,20241121,143,3,216,216,0,41
1144,20241105,144,3,247,161,86,31
1145,20231225,145,3,248,141,107,43
1146,20230628,146,3,204,66,138,52
1147,20221103,147,3,275,173,102,46
1148,20240409,148,3,146,86,60,48
1149,20230315,149,3,96,24,72,58
1150,20240815,150,3,254,80,174,25
1151,20220820,151,3,241,224,17,27
1152,20240903,152,3,250,160,90,46
1153,20220414,153,3,123,25,98,32
1154,20220428,154,3,170,62,108,56
1155,20241102,155,3,97,40,57,53
1156,20220326,156,3,190,178,12,21
1157,20240624,157,3,147,95,52,35
1158,20230928,158,3,58,14,44,34
1159,20220401,159,3,118,108,10,20
1160,20220217,160,3,59,28,31,56
1161,20231126,161,3,282,94,188,30
1162,20240717,162,3,128,37,91,26
1163,20220820,163,3,79,22,57,21
1164,20220910,164,3,295,59,236,30
1165,20231211,165,3,185,161,24,35
1166,20221019,166,3,105,76,29,44
1167,20240320,167,3,107,49,58,21
1168,20240806,168,3,56,38,18,29
1169,20230812,169,3,86,22,64,40
1170,20230414,170,3,55,38,17,45
1171,20220626,171,3,114,97,17,28
1172,20241003,172,3,285,114,171,50
1173,20221201,173,3,205,202,3,60
1174,20241201,174,3,116,72,44,59
1175,20221212,175,3,98,69,29,37
1176,20241128,176,3,288,240,48,25
1177,20220604,177,3,132,78,54,44
1178,20240705,178,3,269,79,190,59
1179,20240722,179,3,165,72,93,59
1180,20230802,180,3,196,33,163,25
1181,20230118,181,3,140,26,114,20
1182,20220305,182,3,289,215,74,51
1183,20230109,183,3,216,179,37,29
1184,20241101,184,3,71,53,18,20
1185,20221203,185,3,169,18,151,22
1186,20240623,186,3,158,85,73,49
1187,20220813,187,3,228,93,135,33
1188,20230418,188,3,258,78,180,39
1189,20240219,189,3,79,11,68,53
1190,20231129,190,3,59,21,38,60
1191,20230416,191,3,208,92,116,22
1192,20230309,192,3,219,101,118,59
1193,20240918,193,3,285,55,230,54
1194,20220225,194,3,213,120,93,29
1195,20230125,195,3,249,224,25,37
1196,20241101,196,3,107,96,11,45
1197,20221109,197,3,84,77,7,43
1198,20240816,198,3,246,88,158,44
1199,20230222,199,3,245,160,85,60
1200,20241220,200,3,233,14,219,54
1201,20230407,201,3,252,213,39,33
1202,20240218,202,3,87,65,22,25
1203,20230604,203,3,232,156,76,31
1204,20220424,204,3,139,80,59,24
1205,20230916,205,3,211,134,77,35
1206,20241202,206,3,219,194,25,30
1207,20230626,207,3,120,106,14,27
1208,20240113,208,3,124,85,39,60
1209,20230329,209,3,145,103,42,25
1210,20240103,210,3,76,66,10,23
1211,20230105,211,3,285,216,69,44
1212,20240101,212,3,122,66,56,29
1213,20240409,213,3,280,20,260,40
1214,20240106,214,3,76,19,57,40
1215,20230920,215,3,198,174,24,41
1216,20240605,216,3,157,122,35,55
1217,20240223,217,3,67,17,50,44
1218,20230127,218,3,218,126,92,57
1219,20231118,219,3,138,35,103,34
1220,20221208,220,3,146,144,2,47
1221,20230705,221,3,284,87,197,36
1222,20230920,222,3,103,23,80,39
1223,20230328,223,3,97,68,29,24
1224,20230909,224,3,240,86,154,25
1225,20230419,225,3,148,86,62,25
1226,20240406,226,3,145,143,2,55
1227,20230301,227,3,66,20,46,23
1228,20240603,228,3,250,128,122,58
1229,20220328,229,3,168,161,7,24
1230,20241206,230,3,96,95,1,57
1231,20220314,231,3,127,14,113,48
1232,20220215,232,3,114,83,31,38
1233,20230917,233,3,65,19,46,42
1234,20240115,234,3,156,123,33,57
1235,20230129,235,3,206,193,13,50
1236,20241223,236,3,151,15,136,41
1237,20231010,237,3,126,73,53,20
1238,20240516,238,3,178,49,129,27
1239,20240220,239,3,100,25,75,51
1240,20220925,240,3,100,69,31,48
1241,20230818,241,3,231,205,26,48
1242,20231223,242,3,278,66,212,36
1243,20230321,243,3,51,44,7,45
1244,20240414,244,3,171,31,140,35
1245,20230320,245,3,157,119,38,37
1246,20221208,246,3,258,213,45,53
1247,20230930,247,3,154,146,8,28
1248,20240827,248,3,231,132,99,49
1249,20240305,249,3,194,48,146,20
1250,20230212,250,3,297,253,44,46
1251,20220402,251,3,116,29,87,57
1252,20240613,252,3,168,60,108,60
1253,20240919,253,3,139,30,109,35
1254,20221126,254,3,108,18,90,51
1255,20241123,255,3,264,184,80,47
1256,20240124,256,3,184,62,122,52
1257,20230427,257,3,212,83,129,57
1258,20220715,258,3,297,188,109,35
1259,20220103,259,3,55,26,29,43
1260,20231120,260,3,245,64,181,56
1261,20230303,261,3,127,121,6,21
1262,20230915,262,3,52,21,31,20
1263,20220604,263,3,150,127,23,37
1264,20241012,264,3,173,170,3,55
1265,20241230,265,3,162,94,68,48
1266,20230904,266,3,177,160,17,34
1267,20230712,267,3,199,182,17,56
1268,20240122,268,3,61,21,40,25
1269,20230505,269,3,142,43,99,49
1270,20241210,270,3,101,49,52,54
1271,20241004,271,3,203,195,8,31
1272,20240330,272,3,134,105,29,53
1273,20230203,273,3,280,47,233,55
1274,20230804,274,3,255,95,160,22
1275,20220706,275,3,54,51,3,22
1276,20220806,276,3,69,37,32,48
1277,20230622,277,3,290,282,8,24
1278,20240420,278,3,276,113,163,42
1279,20220604,279,3,127,88,39,24
1280,20220830,280,3,189,112,77,27
1281,20220531,281,3,151,135,16,35
1282,20240513,282,3,156,140,16,55
1283,20220509,283,3,233,149,84,32
1284,20221011,284,3,224,77,147,20
1285,20230214,285,3,255,196,59,44
1286,20241023,286,3,258,38,220,30
1287,20241215,287,3,143,114,29,44
1288,20240701,288,3,103,55,48,51
1289,20220101,289,3,70,27,43,53
1290,20230402,290,3,153,97,56,28
1291,20220520,291,3,111,106,5,54
1292,20220319,292,3,61,11,50,35
1293,20240724,293,3,187,13,174,44
1294,20230907,294,3,249,32,217,20
1295,20231120,295,3,62,40,22,52
1296,20230321,296,3,159,48,111,23
1297,20230929,297,3,294,257,37,52
1298,20230127,298,3,158,133,25,43
1299,20230611,299,3,95,55,40,26
1300,20230205,300,3,102,31,71,30
1301,20240417,301,3,93,38,55,22
1302,20230426,302,3,207,203,4,38
1303,20221029,303,3,62,46,16,39
1304,20230211,304,3,133,81,52,52
1305,20240427,305,3,208,69,139,55
1306,20240625,306,3,243,169,74,36
1307,20220928,307,3,165,88,77,46
1308,20231225,308,3,126,65,61,30
1309,20220201,309,3,181,160,21,51
1310,20220723,310,3,201,61,140,23
1311,20220612,311,3,273,67,206,33
1312,20230516,312,3,240,168,72,32
1313,20231026,313,3,248,135,113,28
1314,20230312,314,3,294,38,256,33
1315,20240526,315,3,127,127,0,49
1316,20231029,316,3,111,93,18,49
1317,20231225,317,3,120,64,56,36
1318,20240113,318,3,198,118,80,59
1319,20221226,319,3,82,63,19,50
1320,20220613,320,3,124,82,42,20
1321,20220217,321,3,109,70,39,41
1322,20220928,322,3,258,29,229,23
1323,20230131,323,3,220,24,196,52
1324,20240808,324,3,197,151,46,35
1325,20240208,325,3,142,20,122,54
1326,20230612,326,3,204,196,8,55
1327,20241109,327,3,295,102,193,31
1328,20230222,328,3,104,50,54,21
1329,20240527,329,3,172,135,37,26
1330,20221202,330,3,66,59,7,41
1331,20221016,331,3,187,108,79,59
1332,20230226,332,3,211,169,42,44
1333,20220319,333,3,112,56,56,50
1334,20240819,334,3,123,91,32,34
1335,20221130,335,3,187,151,36,25
1336,20240105,336,3,66,62,4,60
1337,20220630,337,3,105,14,91,57
1338,20220811,338,3,191,31,160,59
1339,20230606,339,3,194,187,7,53
1340,20230108,340,3,67,14,53,46
1341,20241228,341,3,112,90,22,38
1342,20231021,342,3,182,94,88,56
1343,20220626,343,3,58,19,39,59
1344,20231209,344,3,200,54,146,55
1345,20220726,345,3,125,102,23,59
1346,20221020,346,3,172,67,105,56
1347,20240501,347,3,163,119,44,57
1348,20241009,348,3,264,105,159,32
1349,20220724,349,3,262,216,46,21
1350,20220608,350,3,160,74,86,48
1351,20230930,351,3,216,117,99,21
1352,20230110,352,3,295,207,88,23
1353,20230519,353,3,217,216,1,24
1354,20221015,354,3,129,17,112,27
1355,20221111,355,3,277,85,192,43
1356,20221129,356,3,245,27,218,33
1357,20220725,357,3,193,125,68,43
1358,20230930,358,3,237,80,157,41
1359,20240904,359,3,259,195,64,34
1360,20240414,360,3,287,166,121,24
1361,20221029,361,3,213,126,87,25
1362,20230302,362,3,241,14,227,26
1363,20220101,363,3,184,120,64,24
1364,20230831,364,3,288,243,45,53
1365,20220312,365,3,94,12,82,54
1366,20240412,366,3,52,48,4,56
1367,20230909,367,3,190,179,11,32
1368,20220618,368,3,170,102,68,22
1369,20240831,369,3,113,56,57,60
1370,20241020,370,3,217,84,133,49
1371,20221206,371,3,296,137,159,38
1372,20230530,372,3,62,35,27,51
1373,20230923,373,3,141,42,99,49
1374,20241113,374,3,290,121,169,41
1375,20230917,375,3,86,26,60,30
1376,20231128,376,3,232,164,68,53
1377,20231227,377,3,195,193,2,55
1378,20221011,378,3,199,65,134,34
1379,20241128,379,3,274,225,49,55
1380,20230725,380,3,288,246,42,42
1381,20220504,381,3,273,224,49,57
1382,20240928,382,3,89,62,27,37
1383,20220828,383,3,300,21,279,55
1384,20220815,384,3,284,214,70,43
1385,20230120,385,3,206,73,133,53
1386,20231229,386,3,273,263,10,53
1387,20230806,387,3,286,271,15,48
1388,20241224,388,3,224,197,27,24
1389,20241006,389,3,229,79,150,24
1390,20231220,390,3,286,115,171,35
1391,20241219,391,3,221,156,65,22
1392,20230717,392,3,88,21,67,21
1393,20230612,393,3,141,57,84,20
1394,20240403,394,3,293,152,141,41
1395,20241123,395,3,284,30,254,43
1396,20231129,396,3,104,22,82,28
1397,20240412,397,3,286,243,43,21
1398,20241120,398,3,293,215,78,60
1399,20220524,399,3,152,38,114,21
1400,20221022,400,3,69,36,33,39
1401,20220508,401,3,115,31,84,49
1402,20230806,402,3,61,33,28,44
1403,20240728,403,3,144,110,34,50
1404,20230619,404,3,140,101,39,39
1405,20230904,405,3,105,25,80,36
1406,20230105,406,3,98,77,21,28
1407,20240517,407,3,56,39,17,52
1408,20241230,408,3,223,179,44,41
1409,20230330,409,3,76,12,64,35
1410,20230331,410,3,81,10,71,52
1411,20231108,411,3,163,128,35,52
1412,20220219,412,3,260,106,154,40
1413,20220101,413,3,50,11,39,29
1414,20240614,414,3,278,30,248,47
1415,20240904,415,3,60,55,5,43
1416,20240131,416,3,57,13,44,46
1417,20240721,417,3,140,120,20,45
1418,20230808,418,3,292,115,177,51
1419,20230706,419,3,168,85,83,31
1420,20220830,420,3,286,119,167,51
1421,20220510,421,3,101,47,54,58
1422,20220303,422,3,207,173,34,54
1423,20240826,423,3,232,215,17,41
1424,20241215,424,3,173,33,140,46
1425,20240129,425,3,171,84,87,30
1426,20230830,426,3,218,217,1,28
1427,20240104,427,3,159,56,103,44
1428,20230815,428,3,268,26,242,47
1429,20241030,429,3,271,231,40,33
1430,20230821,430,3,300,166,134,52
1431,20240322,431,3,124,123,1,41
1432,20221015,432,3,159,109,50,57
1433,20221026,433,3,284,68,216,39
1434,20230304,434,3,179,96,83,59
1435,20220705,435,3,280,152,128,35
1436,20220711,436,3,238,20,218,48
1437,20240704,437,3,90,74,16,52
1438,20220416,438,3,53,15,38,58
1439,20220720,439,3,270,146,124,33
1440,20220515,440,3,65,45,20,45
1441,20240413,441,3,184,59,125,43
1442,20240614,442,3,149,101,48,21
1443,20230425,443,3,243,205,38,24
1444,20230710,444,3,146,39,107,45
1445,20220405,445,3,295,35,260,25
1446,20220216,446,3,122,50,72,32
1447,20240530,447,3,210,201,9,29
1448,20240316,448,3,96,27,69,53
1449,20220413,449,3,163,107,56,50
1450,20220913,450,3,269,83,186,59
1451,20230122,451,3,173,132,41,30
1452,20240210,452,3,272,181,91,55
1453,20220510,453,3,219,130,89,24
1454,20220919,454,3,296,12,284,43
1455,20220918,455,3,135,79,56,50
1456,20240414,456,3,170,12,158,24
1457,20240905,457,3,253,62,191,28
1458,20221129,458,3,178,133,45,28
1459,20231018,459,3,165,62,103,33
1460,20220723,460,3,100,62,38,48
1461,20240503,461,3,85,62,23,34
1462,20230605,462,3,113,96,17,30
1463,20230921,463,3,120,73,47,52
1464,20231026,464,3,245,44,201,27
1465,20221127,465,3,139,60,79,39
1466,20241017,466,3,186,29,157,25
1467,20220806,467,3,57,46,11,22
1468,20240301,468,3,269,251,18,37
1469,20240510,469,3,109,92,17,52
1470,20230830,470,3,284,194,90,34
1471,20230526,471,3,292,94,198,33
1472,20240913,472,3,214,160,54,33
1473,20220730,473,3,96,13,83,25
1474,20220716,474,3,237,177,60,23
1475,20241001,475,3,211,55,156,28
1476,20230711,476,3,151,43,108,55
1477,20241027,477,3,222,116,106,24
1478,20230518,478,3,213,203,10,51
1479,20241125,479,3,293,58,235,35
1480,20231102,480,3,154,57,97,37
1481,20230522,481,3,269,256,13,58
1482,20230919,482,3,176,171,5,42
1483,20220203,483,3,142,52,90,57
1484,20240923,484,3,232,66,166,32
1485,20230109,485,3,188,12,176,51
1486,20220227,486,3,284,237,47,48
1487,20221105,487,3,275,154,121,58
1488,20220429,488,3,197,18,179,23
1489,20220922,489,3,219,131,88,32
1490,20231223,490,3,86,47,39,28
1491,20230102,491,3,206,116,90,38
1492,20240212,492,3,249,156,93,25
1493,20220215,493,3,275,223,52,45
1494,20230214,494,3,293,81,212,58
1495,20230526,495,3,120,96,24,40
1496,20220720,496,3,135,109,26,25
1497,20230612,497,3,130,122,8,51
1498,20230825,498,3,212,16,196,27
1499,20240717,499,3,269,11,258,25
1500,20221027,500,3,85,64,21,56
1501,20221103,1,4,92,67,25,38
1502,20230419,2,4,144,37,107,52
1503,20230304,3,4,108,55,53,53
1504,20240628,4,4,236,30,206,20
1505,20240810,5,4,178,105,73,54
1506,20240910,6,4,291,119,172,33
1507,20240323,7,4,62,30,32,51
1508,20240425,8,4,178,173,5,47
1509,20240129,9,4,50,30,20,20
1510,20221213,10,4,249,28,221,50
1511,20240930,11,4,103,12,91,27
1512,20230327,12,4,60,32,28,53
1513,20230830,13,4,142,97,45,23
1514,20230506,14,4,254,220,34,47
1515,20230512,15,4,109,20,89,36
1516,20220905,16,4,219,112,107,44
1517,20221014,17,4,225,125,100,57
1518,20221224,18,4,159,19,140,33
1519,20221028,19,4,118,113,5,56
1520,20220115,20,4,142,105,37,29
1521,20241010,21,4,78,68,10,25
1522,20230711,22,4,243,20,223,36
1523,20241109,23,4,137,111,26,28
1524,20240531,24,4,175,46,129,40
1525,20221226,25,4,111,28,83,42
1526,20240827,26,4,278,248,30,60
1527,20220214,27,4,70,52,18,36
1528,20241206,28,4,181,176,5,21
1529,20231104,29,4,206,75,131,35
1530,20230219,30,4,242,195,47,42
1531,20231223,31,4,178,152,26,60
1532,20220707,32,4,222,180,42,56
1533,20231004,33,4,197,57,140,35
1534,20230809,34,4,154,148,6,46
1535,20220120,35,4,145,136,9,59
1536,20240704,36,4,174,25,149,56
1537,20231006,37,4,159,151,8,27
1538,20220131,38,4,223,43,180,20
1539,20230620,39,4,165,150,15,50
1540,20230808,40,4,146,120,26,36
1541,20240510,41,4,142,114,28,35
1542,20220610,42,4,267,244,23,27
1543,20230411,43,4,123,73,50,42
1544,20240818,44,4,120,81,39,51
1545,20230721,45,4,189,39,150,50
1546,20230717,46,4,223,200,23,50
1547,20230718,47,4,198,65,133,21
1548,20220319,48,4,179,165,14,38
1549,20231108,49,4,170,129,41,26
1550,20220710,50,4,271,235,36,54
1551,20240429,51,4,120,36,84,52
1552,20240321,52,4,282,220,62,28
1553,20240512,53,4,119,107,12,58
1554,20230625,54,4,112,111,1,56
1555,20220320,55,4,134,18,116,40
1556,20220202,56,4,52,16,36,29
1557,20220806,57,4,258,114,144,43
1558,20240925,58,4,65,11,54,34
1559,20230820,59,4,89,22,67,48
1560,20231128,60,4,75,55,20,53
1561,20231027,61,4,147,51,96,30
1562,20241231,62,4,103,30,73,28
1563,20220226,63,4,71,64,7,22
1564,20240727,64,4,157,67,90,55
1565,20240721,65,4,81,14,67,22
1566,20241219,66,4,105,57,48,41
1567,20231009,67,4,267,143,124,42
1568,20220119,68,4,160,91,69,46
1569,20240612,69,4,296,200,96,34
1570,20240101,70,4,120,95,25,48
1571,20220211,71,4,198,170,28,45
1572,20231222,72,4,184,141,43,22
1573,20230813,73,4,61,29,32,40
1574,20240619,74,4,50,33,17,29
1575,20220228,75,4,132,49,83,34
1576,20220629,76,4,253,187,66,41
1577,20240124,77,4,260,106,154,55
1578,20240729,78,4,122,117,5,34
1579,20220720,79,4,165,104,61,20
1580,20240920,80,4,71,37,34,37
1581,20230210,81,4,117,54,63,56
1582,20230705,82,4,109,36,73,41
1583,20230604,83,4,57,56,1,45
1584,20230623,84,4,144,28,116,49
1585,20240711,85,4,86,36,50,39
1586,20220619,86,4,221,13,208,47
1587,20220920,87,4,75,23,52,56
1588,20240907,88,4,176,107,69,46
1589,20240518,89,4,266,144,122,46
1590,20221027,90,4,236,170,66,30
1591,20240812,91,4,190,29,161,42
1592,20240126,92,4,104,38,66,51
1593,20240224,93,4,133,120,13,57
1594,20220505,94,4,136,93,43,31
1595,20220829,95,4,130,20,110,49
1596,20230605,96,4,228,52,176,41
1597,20240614,97,4,86,21,65,37
1598,20230914,98,4,194,104,90,38
1599,20241225,99,4,102,11,91,36
1600,20230615,100,4,236,83,153,35
1601,20240724,101,4,268,49,219,41
1602,20240624,102,4,121,47,74,20
1603,20240528,103,4,53,51,2,60
1604,20240426,104,4,115,16,99,21
1605,20230505,105,4,213,199,14,58
1606,20241001,106,4,254,193,61,21
1607,20230201,107,4,220,198,22,54
1608,20220503,108,4,274,27,247,28
1609,20230503,109,4,58,20,38,30
1610,20241207,110,4,99,15,84,54
1611,20220701,111,4,260,139,121,55
1612,20220608,112,4,160,22,138,55
1613,20220120,113,4,272,60,212,21
1614,20241124,114,4,288,136,152,21
1615,20230512,115,4,145,50,95,51
1616,20221206,116,4,290,197,93,46
1617,20241121,117,4,290,212,78,34
1618,20240313,118,4,207,31,176,22
1619,20220219,119,4,95,66,29,57
1620,20230425,120,4,254,44,210,33
1621,20220405,121,4,140,108,32,45
1622,20240808,122,4,172,110,62,39
1623,20230314,123,4,89,27,62,22
1624,20230323,124,4,82,69,13,57
1625,20220913,125,4,232,34,198,47
1626,20230703,126,4,274,124,150,54
1627,20240611,127,4,58,16,42,52
1628,20221211,128,4,135,34,101,48
1629,20240521,129,4,53,40,13,59
1630,20240327,130,4,262,174,88,43
1631,20220826,131,4,106,48,58,60
1632,20240109,132,4,65,54,11,30
1633,20230612,133,4,160,90,70,39
1634,20221226,134,4,151,137,14,40
1635,20220726,135,4,138,28,110,36
1636,20230407,136,4,76,28,48,53
1637,20230701,137,4,168,152,16,44
1638,20241021,138,4,291,122,169,22
1639,20241022,139,4,52,24,28,27
1640,20230611,140,4,139,37,102,33
1641,20220506,141,4,268,95,173,45
1642,20230309,142,4,187,96,91,22
1643,20241106,143,4,279,141,138,37
1644,20221001,144,4,176,110,66,44
1645,20230827,145,4,240,51,189,48
1646,20241204,146,4,175,18,157,22
1647,20240717,147,4,176,142,34,27
1648,20231231,148,4,256,231,25,31
1649,20221112,149,4,174,20,154,20
1650,20240216,150,4,280,10,270,53
1651,20241106,151,4,126,20,106,31
1652,20241031,152,4,99,40,59,26
1653,20230912,153,4,169,151,18,28
1654,20231201,154,4,194,19,175,36
1655,20241210,155,4,56,22,34,38
1656,20220711,156,4,185,19,166,45
1657,20220804,157,4,286,187,99,53
1658,20240226,158,4,50,27,23,55
1659,20240317,159,4,144,79,65,60
1660,20220708,160,4,212,49,163,38
1661,20220822,161,4,219,146,73,43
1662,20221016,162,4,201,158,43,51
1663,20230506,163,4,89,65,24,51
1664,20220724,164,4,249,207,42,41
1665,20230418,165,4,243,42,201,58
1666,20220614,166,4,230,200,30,51
1667,20240904,167,4,221,205,16,22
1668,20241106,168,4,97,76,21,35
1669,20240721,169,4,163,86,77,54
1670,20230424,170,4,260,88,172,45
1671,20240605,171,4,55,22,33,28
1672,20220520,172,4,270,269,1,54
1673,20220128,173,4,234,209,25,50
1674,20230908,174,4,97,29,68,37
1675,20220504,175,4,108,71,37,23
1676,20230624,176,4,146,85,61,36
1677,20231128,177,4,190,119,71,59
1678,20221114,178,4,293,127,166,33
1679,20240117,179,4,281,144,137,34
1680,20220402,180,4,271,102,169,35
1681,20230511,181,4,276,36,240,27
1682,20240419,182,4,130,123,7,36
1683,20240302,183,4,230,164,66,42
1684,20220912,184,4,191,38,153,24
1685,20241229,185,4,103,97,6,44
1686,20240705,186,4,283,265,18,40
1687,20230209,187,4,116,116,0,27
1688,20230118,188,4,66,53,13,43
1689,20230702,189,4,100,87,13,36
1690,20240716,190,4,158,84,74,40
1691,20221225,191,4,118,35,83,56
1692,20230501,192,4,288,160,128,27
1693,20231128,193,4,203,42,161,28
1694,20220507,194,4,135,100,35,32
1695,20230922,195,4,242,216,26,33
1696,20220405,196,4,242,227,15,46
1697,20221215,197,4,265,215,50,29
1698,20220525,198,4,284,140,144,40
1699,20240728,199,4,258,178,80,21
1700,20220212,200,4,78,64,14,25
1701,20220715,201,4,190,136,54,42
1702,20231119,202,4,289,243,46,43
1703,20230613,203,4,279,113,166,43
1704,20230212,204,4,159,101,58,30
1705,20220129,205,4,78,43,35,51
1706,20240815,206,4,94,40,54,52
1707,20240301,207,4,196,24,172,35
1708,20240804,208,4,277,232,45,51
1709,20241111,209,4,157,112,45,34
1710,20220629,210,4,50,15,35,30
1711,20220222,211,4,213,82,131,43
1712,20220221,212,4,240,115,125,27
1713,20241214,213,4,251,60,191,55
1714,20221105,214,4,172,35,137,43
1715,20241021,215,4,264,19,245,52
1716,20240301,216,4,143,122,21,60
1717,20241101,217,4,153,38,115,45
1718,20230213,218,4,296,224,72,55
1719,20220718,219,4,73,50,23,54
1720,20230111,220,4,274,232,42,50
1721,20240401,221,4,107,61,46,50
1722,20230613,222,4,241,85,156,26
1723,20220430,223,4,81,76,5,53
1724,20230630,224,4,263,179,84,46
1725,20241209,225,4,299,55,244,42
1726,20240604,226,4,141,116,25,45
1727,20230703,227,4,82,42,40,25
1728,20240801,228,4,89,17,72,28
1729,20240604,229,4,128,94,34,22
1730,20221129,230,4,135,101,34,29
1731,20241228,231,4,243,209,34,23
1732,20221018,232,4,245,115,130,51
1733,20240609,233,4,55,53,2,33
1734,20221116,234,4,94,87,7,21
1735,20241128,235,4,55,36,19,23
1736,20220908,236,4,86,24,62,60
1737,20220614,237,4,185,96,89,20
1738,20220825,238,4,291,105,186,39
1739,20240324,239,4,265,107,158,30
1740,20230818,240,4,247,29,218,22
1741,20240109,241,4,117,102,15,27
1742,20240521,242,4,56,28,28,24
1743,20240929,243,4,118,91,27,29
1744,20220821,244,4,288,156,132,30
1745,20230624,245,4,82,62,20,41
1746,20220603,246,4,226,56,170,44
1747,20221226,247,4,180,124,56,28
1748,20231229,248,4,243,58,185,40
1749,20240708,249,4,222,126,96,30
1750,20221128,250,4,98,38,60,31
1751,20240723,251,4,226,52,174,22
1752,20230325,252,4,203,94,109,31
1753,20240108,253,4,224,167,57,25
1754,20240303,254,4,281,245,36,41
1755,20220110,255,4,229,49,180,53
1756,20240120,256,4,288,178,110,24
1757,20240327,257,4,186,22,164,32
1758,20230606,258,4,210,35,175,50
1759,20230720,259,4,102,13,89,25
1760,20230215,260,4,150,91,59,24
1761,20241118,261,4,252,51,201,46
1762,20240211,262,4,290,281,9,55
1763,20220412,263,4,123,15,108,33
1764,20221015,264,4,283,114,169,30
1765,20241129,265,4,109,23,86,30
1766,20231025,266,4,147,130,17,55
1767,20220710,267,4,152,106,46,49
1768,20240417,268,4,156,39,117,52
1769,20240416,269,4,128,60,68,47
1770,20230516,270,4,53,38,15,51
1771,20221023,271,4,236,42,194,53
1772,20221224,272,4,250,181,69,23
1773,20220425,273,4,254,144,110,26
1774,20230128,274,4,95,27,68,44
1775,20230725,275,4,157,72,85,24
1776,20221205,276,4,246,24,222,53
1777,20240330,277,4,233,231,2,22
1778,20240905,278,4,95,49,46,37
1779,20240610,279,4,67,48,19,45
1780,20230212,280,4,97,28,69,53
1781,20221011,281,4,135,95,40,35
1782,20240725,282,4,161,55,106,24
1783,20230217,283,4,149,137,12,47
1784,20230617,284,4,101,44,57,43
1785,20230221,285,4,146,144,2,34
1786,20220919,286,4,92,14,78,25
1787,20241208,287,4,161,152,9,46
1788,20221202,288,4,115,48,67,26
1789,20220412,289,4,250,21,229,23
1790,20230515,290,4,103,48,55,38
1791,20220911,291,4,268,268,0,31
1792,20230913,292,4,261,75,186,54
1793,20240307,293,4,98,30,68,57
1794,20221001,294,4,227,135,92,46
1795,20241009,295,4,250,198,52,33
1796,20221128,296,4,297,14,283,57
1797,20240724,297,4,274,180,94,55
1798,20220802,298,4,145,49,96,42
1799,20240705,299,4,78,44,34,54
1800,20230505,300,4,146,134,12,44
1801,20241231,301,4,298,200,98,36
1802,20230609,302,4,72,66,6,28
1803,20231115,303,4,239,38,201,51
1804,20230513,304,4,69,16,53,45
1805,20230730,305,4,245,42,203,52
1806,20240519,306,4,259,212,47,51
1807,20240125,307,4,130,88,42,22
1808,20240318,308,4,273,272,1,49
1809,20221015,309,4,240,123,117,29
1810,20220714,310,4,296,146,150,41
1811,20230106,311,4,277,257,20,27
1812,20220519,312,4,263,206,57,46
1813,20220615,313,4,155,119,36,57
1814,20240718,314,4,177,43,134,55
1815,20231223,315,4,80,66,14,40
1816,20230712,316,4,261,234,27,41
1817,20221206,317,4,125,35,90,44
1818,20240629,318,4,288,103,185,50
1819,20230114,319,4,185,13,172,31
1820,20230214,320,4,84,16,68,44
1821,20220926,321,4,231,78,153,24
1822,20241006,322,4,52,11,41,36
1823,20241008,323,4,181,81,100,39
1824,20221225,324,4,227,168,59,31
1825,20240207,325,4,285,17,268,36
1826,20230403,326,4,217,67,150,44
1827,20220304,327,4,56,52,4,58
1828,20231123,328,4,56,27,29,33
1829,20240929,329,4,254,80,174,30
1830,20240727,330,4,264,14,250,32
1831,20240729,331,4,53,26,27,45
1832,20231009,332,4,160,156,4,25
1833,20220813,333,4,210,173,37,20
1834,20231019,334,4,198,72,126,34
1835,20231211,335,4,217,94,123,37
1836,20220204,336,4,106,53,53,25
1837,20230118,337,4,205,93,112,35
1838,20240807,338,4,237,14,223,31
1839,20220702,339,4,269,253,16,41
1840,20220808,340,4,251,148,103,44
1841,20231213,341,4,157,123,34,24
1842,20241011,342,4,277,267,10,59
1843,20231004,343,4,248,188,60,22
1844,20221127,344,4,287,195,92,50
1845,20220902,345,4,295,39,256,34
1846,20231019,346,4,283,163,120,23
1847,20230805,347,4,78,14,64,59
1848,20230708,348,4,279,51,228,40
1849,20220717,349,4,215,161,54,34
1850,20220811,350,4,251,122,129,45
1851,20220226,351,4,155,82,73,37
1852,20230917,352,4,171,48,123,59
1853,20220528,353,4,232,83,149,27
1854,20220826,354,4,81,75,6,37
1855,20230208,355,4,155,127,28,49
1856,20241127,356,4,81,56,25,45
1857,20221006,357,4,69,46,23,42
1858,20230525,358,4,289,228,61,45
1859,20230318,359,4,237,19,218,57
1860,20230424,360,4,182,124,58,37
1861,20230531,361,4,143,122,21,57
1862,20220521,362,4,76,41,35,48
1863,20220514,363,4,188,141,47,33
1864,20231108,364,4,97,72,25,22
1865,20231226,365,4,231,30,201,36
1866,20240616,366,4,197,74,123,29
1867,20240910,367,4,264,89,175,57
1868,20231223,368,4,63,24,39,29
1869,20231216,369,4,84,11,73,26
1870,20230717,370,4,130,124,6,50
1871,20240219,371,4,131,98,33,33
1872,20230916,372,4,135,64,71,59
1873,20230102,373,4,97,93,4,33
1874,20231209,374,4,81,68,13,45
1875,20240526,375,4,138,68,70,46
1876,20231203,376,4,145,132,13,34
1877,20230109,377,4,227,147,80,57
1878,20240517,378,4,136,17,119,30
1879,20230604,379,4,218,29,189,40
1880,20231122,380,4,61,43,18,44
1881,20240803,381,4,282,272,10,27
1882,20221026,382,4,74,51,23,20
1883,20240719,383,4,105,59,46,37
1884,20220222,384,4,267,240,27,24
1885,20230319,385,4,271,117,154,31
1886,20240918,386,4,244,110,134,22
1887,20231122,387,4,292,133,159,57
1888,20241114,388,4,223,59,164,42
1889,20220207,389,4,70,58,12,39
1890,20240816,390,4,193,153,40,55
1891,20241113,391,4,83,62,21,44
1892,20221029,392,4,90,61,29,31
1893,20220624,393,4,221,118,103,39
1894,20240419,394,4,244,221,23,50
1895,20230109,395,4,253,100,153,52
1896,20220319,396,4,152,150,2,45
1897,20230722,397,4,185,79,106,57
1898,20231118,398,4,179,156,23,47
1899,20240805,399,4,276,157,119,45
1900,20230910,400,4,202,56,146,21
1901,20220510,401,4,139,31,108,44
1902,20231029,402,4,281,200,81,46
1903,20230121,403,4,66,44,22,20
1904,20240310,404,4,70,54,16,45
1905,20220802,405,4,54,15,39,48
1906,20230916,406,4,149,126,23,41
1907,20230810,407,4,173,123,50,25
1908,20241014,408,4,96,48,48,26
1909,20230329,409,4,229,50,179,54
1910,20230410,410,4,214,12,202,56
1911,20231106,411,4,287,184,103,51
1912,20230721,412,4,148,136,12,24
1913,20240126,413,4,174,10,164,34
1914,20240625,414,4,232,41,191,48
1915,20240309,415,4,167,58,109,33
1916,20220402,416,4,153,15,138,28
1917,20220411,417,4,113,83,30,25
1918,20230603,418,4,168,12,156,20
1919,20230312,419,4,55,14,41,27
1920,20231022,420,4,198,15,183,36
1921,20221021,421,4,163,51,112,49
1922,20230315,422,4,292,259,33,31
1923,20240605,423,4,141,32,109,44
1924,20240421,424,4,210,138,72,35
1925,20221018,425,4,216,100,116,37
1926,20221108,426,4,194,97,97,38
1927,20230126,427,4,137,111,26,27
1928,20221001,428,4,197,195,2,42
1929,20220323,429,4,79,69,10,47
1930,20220102,430,4,110,57,53,60
1931,20240707,431,4,240,98,142,47
1932,20221028,432,4,278,84,194,49
1933,20230226,433,4,226,123,103,39
1934,20220218,434,4,206,165,41,46
1935,20240225,435,4,178,33,145,55
1936,20231124,436,4,230,49,181,29
1937,20230126,437,4,71,54,17,29
1938,20240909,438,4,77,68,9,55
1939,20220109,439,4,174,30,144,20
1940,20240421,440,4,290,204,86,26
1941,20220822,441,4,300,186,114,27
1942,20240312,442,4,265,198,67,33
1943,20240922,443,4,175,138,37,22
1944,20231028,444,4,124,99,25,36
1945,20230925,445,4,125,75,50,22
1946,20220926,446,4,218,67,151,51
1947,20240924,447,4,71,67,4,57
1948,20240722,448,4,280,193,87,35
1949,20220131,449,4,223,213,10,60
1950,20220127,450,4,75,34,41,27
1951,20230411,451,4,265,129,136,41
1952,20220422,452,4,101,27,74,36
1953,20220330,453,4,213,125,88,23
1954,20230515,454,4,100,36,64,56
1955,20220830,455,4,65,57,8,35
1956,20221018,456,4,93,11,82,27
1957,20220520,457,4,275,170,105,47
1958,20230627,458,4,92,16,76,56
1959,20230717,459,4,66,32,34,27
1960,20230829,460,4,144,106,38,32
1961,20231226,461,4,260,248,12,34
1962,20240918,462,4,160,55,105,33
1963,20231009,463,4,79,21,58,40
1964,20220530,464,4,226,102,124,35
1965,20240521,465,4,173,99,74,60
1966,20231001,466,4,294,232,62,31
1967,20231003,467,4,209,37,172,24
1968,20221121,468,4,276,218,58,32
1969,20240411,469,4,77,48,29,40
1970,20220825,470,4,192,111,81,26
1971,20230115,471,4,184,107,77,40
1972,20230122,472,4,298,238,60,35
1973,20230602,473,4,227,78,149,47
1974,20220701,474,4,206,166,40,31
1975,20240415,475,4,144,36,108,24
1976,20240624,476,4,278,120,158,51
1977,20241205,477,4,243,165,78,46
1978,20221224,478,4,140,46,94,42
1979,20230421,479,4,98,45,53,54
1980,20230213,480,4,90,64,26,39
1981,20230529,481,4,150,120,30,27
1982,20240125,482,4,264,26,238,60
1983,20241007,483,4,137,17,120,33
1984,20240828,484,4,179,93,86,25
1985,20230420,485,4,241,43,198,56
1986,20240831,486,4,240,126,114,31
1987,20221223,487,4,140,23,117,31
1988,20230101,488,4,147,78,69,31
1989,20240616,489,4,150,18,132,34
1990,20220726,490,4,113,14,99,20
1991,20231218,491,4,114,24,90,30
1992,20220914,492,4,92,74,18,41
1993,20231224,493,4,140,25,115,32
1994,20220611,494,4,165,159,6,49
1995,20220115,495,4,133,133,0,25
1996,20241225,496,4,139,45,94,43
1997,20230302,497,4,133,76,57,30
1998,20240602,498,4,185,136,49,33
1999,20240629,499,4,219,116,103,43
2000,20240710,500,4,97,38,59,58
2001,20220729,1,5,246,218,28,35
2002,20231101,2,5,167,109,58,38
2003,20240508,3,5,200,146,54,40
2004,20240217,4,5,118,29,89,58
2005,20240717,5,5,235,222,13,55
2006,20240402,6,5,90,37,53,41
2007,20220325,7,5,167,60,107,38
2008,20230914,8,5,298,238,60,34
2009,20230618,9,5,128,46,82,59
2010,20241023,10,5,179,105,74,52
2011,20221102,11,5,203,119,84,23
2012,20240630,12,5,257,198,59,48
2013,20221116,13,5,263,226,37,45
2014,20231201,14,5,92,80,12,36
2015,20240731,15,5,50,31,19,39
2016,20230904,16,5,294,63,231,48
2017,20231228,17,5,154,60,94,56
2018,20230429,18,5,277,130,147,28
2019,20220116,19,5,66,41,25,20
2020,20241225,20,5,168,138,30,31
2021,20230327,21,5,181,171,10,37
2022,20230301,22,5,127,78,49,20
2023,20220313,23,5,72,51,21,43
2024,20230912,24,5,117,70,47,42
2025,20230725,25,5,288,104,184,58
2026,20240201,26,5,162,134,28,30
2027,20230405,27,5,152,19,133,40
2028,20240511,28,5,241,12,229,21
2029,20220620,29,5,266,126,140,48
2030,20230821,30,5,219,102,117,41
2031,20230130,31,5,106,63,43,20
2032,20240720,32,5,296,189,107,33
2033,20230513,33,5,168,60,108,22
2034,20230630,34,5,62,51,11,56
2035,20220917,35,5,116,90,26,43
2036,20231104,36,5,69,17,52,44
2037,20240902,37,5,185,134,51,59
2038,20240726,38,5,205,118,87,49
2039,20230902,39,5,246,52,194,45
2040,20241026,40,5,68,66,2,30
2041,20241229,41,5,203,123,80,20
2042,20220224,42,5,108,34,74,38
2043,20231201,43,5,76,51,25,42
2044,20220117,44,5,171,134,37,30
2045,20240415,45,5,213,201,12,44
2046,20230928,46,5,93,19,74,44
2047,20240319,47,5,284,43,241,53
2048,20240716,48,5,167,34,133,45
2049,20230901,49,5,160,16,144,33
2050,20230907,50,5,211,132,79,31
2051,20240609,51,5,247,110,137,42
2052,20220506,52,5,242,198,44,27
2053,20231003,53,5,119,106,13,40
2054,20230401,54,5,259,29,230,22
2055,20230525,55,5,75,56,19,24
2056,20240311,56,5,104,68,36,21
2057,20240509,57,5,220,54,166,42
2058,20230529,58,5,128,50,78,34
2059,20240112,59,5,174,121,53,49
2060,20230529,60,5,275,110,165,35
2061,20240130,61,5,118,88,30,51
2062,20241009,62,5,100,88,12,57
2063,20220129,63,5,115,43,72,22
2064,20221101,64,5,154,74,80,45
2065,20240313,65,5,243,97,146,29
2066,20220508,66,5,261,62,199,40
2067,20241025,67,5,197,162,35,24
2068,20230302,68,5,240,41,199,35
2069,20240917,69,5,259,118,141,51
2070,20230413,70,5,186,48,138,21
2071,20240415,71,5,235,141,94,56
2072,20220909,72,5,264,206,58,24
2073,20220812,73,5,187,156,31,33
2074,20230825,74,5,192,152,40,51
2075,20231212,75,5,232,151,81,59
2076,20241119,76,5,192,161,31,27
2077,20230626,77,5,237,164,73,60
2078,20230205,78,5,275,171,104,56
2079,20240210,79,5,204,87,117,32
2080,20230521,80,5,151,102,49,42
2081,20220815,81,5,119,59,60,50
2082,20231121,82,5,177,124,53,46
2083,20221019,83,5,96,48,48,57
2084,20230603,84,5,211,23,188,40
2085,20230418,85,5,50,22,28,36
2086,20220209,86,5,134,100,34,24
2087,20240611,87,5,272,186,86,34
2088,20230922,88,5,288,179,109,29
2089,20220125,89,5,211,17,194,21
2090,20220812,90,5,189,86,103,58
2091,20240502,91,5,53,39,14,45
2092,20220213,92,5,111,57,54,48
2093,20221222,93,5,87,33,54,20
2094,20240429,94,5,121,54,67,24
2095,20240112,95,5,119,22,97,28
2096,20230101,96,5,186,17,169,50
2097,20240103,97,5,276,202,74,26
2098,20220524,98,5,298,96,202,37
2099,20220327,99,5,255,109,146,49
2100,20230424,100,5,285,60,225,37
2101,20241009,101,5,72,55,17,33
2102,20230110,102,5,152,73,79,21
2103,20230227,103,5,140,97,43,58
2104,20221221,104,5,266,91,175,59
2105,20240325,105,5,65,51,14,49
2106,20240214,106,5,234,114,120,38
2107,20230712,107,5,118,97,21,44
2108,20230507,108,5,184,92,92,50
2109,20220523,109,5,219,95,124,49
2110,20230505,110,5,300,44,256,45
2111,20241209,111,5,155,32,123,25
2112,20220311,112,5,76,53,23,45
2113,20220531,113,5,123,50,73,59
2114,20240226,114,5,298,34,264,49
2115,20240513,115,5,57,20,37,23
2116,20231220,116,5,154,118,36,26
2117,20221216,117,5,252,209,43,39
2118,20221127,118,5,276,90,186,39
2119,20230729,119,5,120,70,50,25
2120,20220816,120,5,295,37,258,60
2121,20241121,121,5,62,43,19,58
2122,20240401,122,5,196,55,141,27
2123,20230524,123,5,261,79,182,47
2124,20230701,124,5,122,82,40,50
2125,20220208,125,5,140,72,68,55
2126,20230319,126,5,50,31,19,25
2127,20240627,127,5,246,120,126,26
2128,20220425,128,5,89,76,13,23
2129,20240110,129,5,283,121,162,42
2130,20220324,130,5,124,17,107,34
2131,20220212,131,5,270,269,1,35
2132,20240329,132,5,234,140,94,60
2133,20221013,133,5,135,86,49,54
2134,20220306,134,5,133,100,33,43
2135,20230321,135,5,148,101,47,58
2136,20221224,136,5,96,80,16,36
2137,20230213,137,5,89,24,65,41
2138,20230416,138,5,207,59,148,22
2139,20240811,139,5,252,155,97,50
2140,20230815,140,5,178,48,130,20
2141,20240507,141,5,68,64,4,54
2142,20231105,142,5,289,252,37,38
2143,20231010,143,5,222,70,152,27
2144,20240403,144,5,187,180,7,40
2145,20240523,145,5,190,157,33,50
2146,20220606,146,5,279,264,15,33
2147,20220304,147,5,200,33,167,48
2148,20220618,148,5,218,204,14,53
2149,20240222,149,5,170,37,133,57
2150,20230410,150,5,60,18,42,24
2151,20240130,151,5,227,42,185,39
2152,20220928,152,5,194,122,72,48
2153,20231113,153,5,124,23,101,49
2154,20230108,154,5,277,49,228,22
2155,20220131,155,5,287,221,66,34
2156,20230213,156,5,51,28,23,37
2157,20220901,157,5,100,14,86,48
2158,20220106,158,5,140,128,12,24
2159,20220623,159,5,162,15,147,32
2160,20220811,160,5,230,103,127,55
2161,20241105,161,5,90,20,70,31
2162,20240212,162,5,152,94,58,57
2163,20240122,163,5,50,14,36,48
2164,20240518,164,5,232,163,69,32
2165,20221206,165,5,176,42,134,55
2166,20241113,166,5,293,144,149,49
2167,20220722,167,5,246,102,144,44
2168,20240702,168,5,73,53,20,51
2169,20240322,169,5,143,101,42,56
2170,20220411,170,5,99,63,36,29
2171,20230118,171,5,199,122,77,37
2172,20240822,172,5,170,147,23,40
2173,20230623,173,5,69,57,12,53
2174,20240623,174,5,300,85,215,41
2175,20240114,175,5,290,175,115,59
2176,20241010,176,5,253,98,155,30
2177,20240411,177,5,81,26,55,45
2178,20240302,178,5,142,96,46,22
2179,20220919,179,5,299,199,100,25
2180,20231022,180,5,181,26,155,49
2181,20220525,181,5,177,134,43,46
2182,20221116,182,5,81,19,62,36
2183,20231219,183,5,153,101,52,47
2184,20231103,184,5,170,51,119,32
2185,20220520,185,5,259,81,178,24
2186,20230709,186,5,229,225,4,25
2187,20241122,187,5,157,10,147,52
2188,20220606,188,5,278,73,205,52
2189,20240925,189,5,122,109,13,52
2190,20220204,190,5,250,41,209,37
2191,20221004,191,5,166,39,127,40
2192,20240401,192,5,65,28,37,23
2193,20241117,193,5,50,38,12,38
2194,20230202,194,5,283,275,8,53
2195,20220219,195,5,295,30,265,20
2196,20240505,196,5,110,22,88,40
2197,20240302,197,5,201,112,89,35
2198,20220321,198,5,209,145,64,58
2199,20240109,199,5,163,19,144,36
2200,20221229,200,5,240,25,215,41
2201,20221014,201,5,264,151,113,52
2202,20221212,202,5,68,37,31,42
2203,20240919,203,5,263,21,242,37
2204,20220607,204,5,183,83,100,42
2205,20220112,205,5,204,73,131,43
2206,20230915,206,5,63,40,23,47
2207,20220514,207,5,227,95,132,39
2208,20240423,208,5,242,228,14,58
2209,20220503,209,5,61,30,31,55
2210,20221120,210,5,300,227,73,50
2211,20220909,211,5,89,50,39,34
2212,20231119,212,5,142,142,0,33
2213,20241023,213,5,291,267,24,58
2214,20230305,214,5,273,270,3,20
2215,20220603,215,5,133,25,108,29
2216,20230612,216,5,138,85,53,33
2217,20221130,217,5,83,41,42,53
2218,20240315,218,5,54,40,14,50
2219,20231225,219,5,210,77,133,35
2220,20220124,220,5,292,115,177,54
2221,20240831,221,5,240,97,143,24
2222,20220516,222,5,224,190,34,20
2223,20220215,223,5,247,134,113,46
2224,20240322,224,5,146,137,9,46
2225,20230922,225,5,68,18,50,47
2226,20230125,226,5,190,28,162,49
2227,20240413,227,5,261,252,9,37
2228,20241110,228,5,235,138,97,36
2229,20230615,229,5,86,47,39,43
2230,20220207,230,5,298,191,107,47
2231,20220926,231,5,168,119,49,57
2232,20230907,232,5,162,27,135,34
2233,20220704,233,5,272,212,60,38
2234,20221207,234,5,122,71,51,58
2235,20240726,235,5,54,28,26,34
2236,20220623,236,5,146,136,10,39
2237,20230126,237,5,53,10,43,49
2238,20230506,238,5,165,48,117,41
2239,20220218,239,5,160,87,73,59
2240,20221110,240,5,148,11,137,22
2241,20241218,241,5,88,71,17,26
2242,20230611,242,5,106,98,8,28
2243,20220204,243,5,284,151,133,49
2244,20240415,244,5,193,131,62,45
2245,20240414,245,5,300,70,230,53
2246,20240502,246,5,189,116,73,21
2247,20240908,247,5,202,116,86,36
2248,20240911,248,5,67,35,32,56
2249,20230715,249,5,193,132,61,39
2250,20230123,250,5,63,28,35,57
2251,20241102,251,5,270,197,73,43
2252,20240206,252,5,110,106,4,43
2253,20230304,253,5,249,151,98,21
2254,20230414,254,5,100,79,21,56
2255,20241104,255,5,253,135,118,37
2256,20220314,256,5,126,66,60,31
2257,20230107,257,5,190,75,115,22
2258,20221006,258,5,109,44,65,38
2259,20230528,259,5,109,71,38,26
2260,20231207,260,5,292,113,179,34
2261,20231023,261,5,247,206,41,59
2262,20230422,262,5,276,138,138,20
2263,20230406,263,5,106,17,89,43
2264,20220201,264,5,134,73,61,52
2265,20230612,265,5,242,94,148,59
2266,20230217,266,5,201,78,123,34
2267,20220921,267,5,147,79,68,33
2268,20241215,268,5,242,55,187,27
2269,20230220,269,5,233,63,170,37
2270,20221229,270,5,54,23,31,54
2271,20220826,271,5,255,232,23,22
2272,20240202,272,5,171,33,138,38
2273,20220519,273,5,56,34,22,29
2274,20220708,274,5,298,49,249,49
2275,20231211,275,5,76,56,20,47
2276,20240319,276,5,133,74,59,55
2277,20230506,277,5,281,17,264,57
2278,20241021,278,5,108,70,38,21
2279,20230228,279,5,138,110,28,21
2280,20231120,280,5,200,59,141,41
2281,20220913,281,5,241,87,154,21
2282,20220114,282,5,258,55,203,57
2283,20240223,283,5,97,45,52,45
2284,20220819,284,5,80,15,65,42
2285,20231102,285,5,203,169,34,44
2286,20220709,286,5,74,11,63,54
2287,20240822,287,5,106,94,12,58
2288,20220629,288,5,179,154,25,24
2289,20240121,289,5,138,113,25,26
2290,20220602,290,5,220,181,39,50
2291,20230330,291,5,92,13,79,24
2292,20221029,292,5,289,27,262,38
2293,20231223,293,5,141,20,121,33
2294,20230902,294,5,144,36,108,35
2295,20220403,295,5,227,114,113,28
2296,20240310,296,5,169,90,79,32
2297,20231204,297,5,140,98,42,26
2298,20240813,298,5,286,162,124,43
2299,20221123,299,5,109,36,73,35
2300,20240705,300,5,92,66,26,58
2301,20230330,301,5,165,74,91,20
2302,20220428,302,5,272,112,160,34
2303,20220319,303,5,225,61,164,42
2304,20231207,304,5,184,138,46,47
2305,20230727,305,5,142,32,110,33
2306,20240803,306,5,257,47,210,56
2307,20240525,307,5,254,203,51,46
2308,20231009,308,5,178,13,165,22
2309,20241209,309,5,245,150,95,32
2310,20230127,310,5,63,44,19,31
2311,20230711,311,5,279,251,28,39
2312,20240925,312,5,270,163,107,42
2313,20220426,313,5,67,39,28,56
2314,20230403,314,5,195,81,114,33
2315,20240722,315,5,134,100,34,52
2316,20231229,316,5,180,74,106,36
2317,20240731,317,5,112,14,98,22
2318,20220501,318,5,59,37,22,36
2319,20231029,319,5,74,46,28,50
2320,20220303,320,5,165,17,148,60
2321,20241106,321,5,256,224,32,27
2322,20230108,322,5,80,67,13,46
2323,20240412,323,5,227,121,106,57
2324,20221015,324,5,287,117,170,59
2325,20221001,325,5,285,143,142,28
2326,20240630,326,5,131,70,61,39
2327,20221126,327,5,296,94,202,45
2328,20231122,328,5,161,111,50,42
2329,20241201,329,5,210,153,57,46
2330,20230510,330,5,73,18,55,27
2331,20240407,331,5,114,20,94,56
2332,20220724,332,5,143,53,90,40
2333,20220216,333,5,169,41,128,53
2334,20230607,334,5,222,166,56,43
2335,20220924,335,5,281,183,98,45
2336,20220219,336,5,77,69,8,56
2337,20230821,337,5,189,150,39,30
2338,20220411,338,5,102,55,47,53
2339,20240620,339,5,64,63,1,55
2340,20220921,340,5,91,83,8,48
2341,20220505,341,5,248,66,182,36
2342,20220404,342,5,265,100,165,25
2343,20220720,343,5,234,92,142,48
2344,20230505,344,5,52,15,37,44
2345,20220615,345,5,195,24,171,35
2346,20220619,346,5,164,78,86,21
2347,20221217,347,5,188,115,73,58
2348,20240919,348,5,207,15,192,32
2349,20230602,349,5,91,72,19,37
2350,20230714,350,5,142,107,35,42
2351,20230425,351,5,285,48,237,58
2352,20231009,352,5,159,40,119,21
2353,20240629,353,5,81,36,45,36
2354,20230916,354,5,257,253,4,42
2355,20230223,355,5,153,77,76,45
2356,20240928,356,5,90,80,10,35
2357,20230428,357,5,296,234,62,35
2358,20220106,358,5,53,42,11,39
2359,20230915,359,5,160,10,150,32
2360,20230621,360,5,252,241,11,46
2361,20230926,361,5,63,18,45,38
2362,20230803,362,5,256,88,168,59
2363,20220917,363,5,299,172,127,27
2364,20230917,364,5,237,224,13,23
2365,20241024,365,5,207,166,41,39
2366,20230627,366,5,183,43,140,48
2367,20221214,367,5,174,149,25,32
2368,20231223,368,5,121,91,30,38
2369,20231214,369,5,263,178,85,27
2370,20220520,370,5,197,10,187,46
2371,20240208,371,5,140,75,65,23
2372,20240929,372,5,159,159,0,46
2373,20230601,373,5,268,75,193,56
2374,20240702,374,5,220,92,128,26
2375,20220512,375,5,275,27,248,20
2376,20221226,376,5,229,100,129,27
2377,20220330,377,5,127,119,8,43
2378,20220116,378,5,226,224,2,33
2379,20220101,379,5,153,118,35,53
2380,20240914,380,5,62,48,14,49
2381,20221119,381,5,297,127,170,47
2382,20230625,382,5,299,283,16,41
2383,20221012,383,5,184,101,83,29
2384,20240418,384,5,157,80,77,22
2385,20221227,385,5,176,77,99,25
2386,20231119,386,5,177,117,60,22
2387,20241206,387,5,91,69,22,32
2388,20231204,388,5,68,20,48,37
2389,20230625,389,5,95,83,12,36
2390,20220223,390,5,201,70,131,35
2391,20241009,391,5,72,26,46,48
2392,20240426,392,5,205,179,26,40
2393,20230313,393,5,239,154,85,25
2394,20240507,394,5,105,73,32,25
2395,20230308,395,5,248,23,225,41
2396,20220303,396,5,260,260,0,56
2397,20221101,397,5,172,50,122,31
2398,20241201,398,5,79,73,6,21
2399,20241119,399,5,255,177,78,42
2400,20240308,400,5,67,26,41,56
2401,20240326,401,5,158,73,85,47
2402,20240913,402,5,165,62,103,26
2403,20220702,403,5,241,112,129,41
2404,20231204,404,5,224,170,54,52
2405,20241017,405,5,245,122,123,55
2406,20240613,406,5,60,39,21,20
2407,20221225,407,5,210,161,49,28
2408,20221005,408,5,101,11,90,55
2409,20221005,409,5,170,139,31,26
2410,20220525,410,5,288,141,147,25
2411,20220316,411,5,103,70,33,50
2412,20220111,412,5,124,78,46,56
2413,20221127,413,5,184,173,11,29
2414,20220414,414,5,79,12,67,53
2415,20221014,415,5,101,98,3,60
2416,20230520,416,5,85,79,6,47
2417,20231024,417,5,113,100,13,51
2418,20221202,418,5,205,139,66,54
2419,20240710,419,5,174,138,36,40
2420,20230301,420,5,282,77,205,58
2421,20230727,421,5,216,198,18,54
2422,20240319,422,5,202,158,44,51
2423,20221230,423,5,126,74,52,56
2424,20230422,424,5,58,25,33,35
2425,20231028,425,5,168,58,110,48
2426,20220916,426,5,241,138,103,57
2427,20240909,427,5,67,48,19,58
2428,20230301,428,5,245,178,67,51
2429,20220126,429,5,66,26,40,34
2430,20241021,430,5,300,99,201,20
2431,20240703,431,5,298,273,25,45
2432,20220527,432,5,99,39,60,58
2433,20230720,433,5,234,170,64,31
2434,20231119,434,5,94,91,3,47
2435,20230815,435,5,292,90,202,51
2436,20240811,436,5,62,34,28,29
2437,20221112,437,5,145,107,38,40
2438,20230618,438,5,51,51,0,25
2439,20230721,439,5,57,50,7,27
2440,20230807,440,5,84,44,40,35
2441,20230621,441,5,292,78,214,56
2442,20241102,442,5,169,80,89,49
2443,20230114,443,5,258,105,153,36
2444,20221230,444,5,263,174,89,57
2445,20240602,445,5,148,34,114,32
2446,20230718,446,5,257,162,95,56
2447,20230308,447,5,263,40,223,51
2448,20220307,448,5,300,64,236,50
2449,20221112,449,5,76,25,51,25
2450,20240906,450,5,78,14,64,54
2451,20241004,451,5,267,51,216,32
2452,20230506,452,5,86,76,10,59
2453,20230101,453,5,283,268,15,60
2454,20231217,454,5,99,39,60,39
2455,20241103,455,5,101,35,66,54
2456,20230429,456,5,211,173,38,44
2457,20220515,457,5,51,51,0,32
2458,20241230,458,5,104,33,71,37
2459,20230529,459,5,198,88,110,57
2460,20230608,460,5,187,172,15,55
2461,20241225,461,5,150,108,42,58
2462,20230119,462,5,147,69,78,58
2463,20220419,463,5,113,61,52,56
2464,20230828,464,5,86,35,51,25
2465,20220316,465,5,176,83,93,42
2466,20241016,466,5,260,93,167,58
2467,20220924,467,5,288,125,163,36
2468,20221110,468,5,110,98,12,48
2469,20230821,469,5,52,15,37,33
2470,20231209,470,5,63,60,3,59
2471,20240909,471,5,239,138,101,46
2472,20220902,472,5,123,94,29,49
2473,20241211,473,5,211,59,152,45
2474,20231028,474,5,202,144,58,33
2475,20220402,475,5,217,41,176,35
2476,20220708,476,5,143,34,109,55
2477,20240801,477,5,257,71,186,56
2478,20220520,478,5,213,162,51,51
2479,20230909,479,5,141,127,14,26
2480,20240116,480,5,143,21,122,35
2481,20231229,481,5,153,104,49,31
2482,20230216,482,5,277,231,46,31
2483,20230309,483,5,152,94,58,56
2484,20240731,484,5,231,143,88,57
2485,20220905,485,5,293,81,212,28
2486,20220602,486,5,206,119,87,43
2487,20230702,487,5,170,123,47,49
2488,20220307,488,5,115,72,43,44
2489,20230417,489,5,267,259,8,54
2490,20231116,490,5,154,20,134,46
2491,20221016,491,5,226,176,50,44
2492,20231123,492,5,63,27,36,34
2493,20220415,493,5,187,161,26,30
2494,20220705,494,5,109,66,43,20
2495,20241121,495,5,53,43,10,39
2496,20240304,496,5,295,171,124,26
2497,20221129,497,5,109,37,72,42
2498,20231216,498,5,83,60,23,53
2499,20220926,499,5,267,147,120,53
2500,20220428,500,5,201,181,20,29
2501,20240305,1,6,113,16,97,55
2502,20241217,2,6,215,116,99,48
2503,20230202,3,6,139,135,4,21
2504,20241208,4,6,74,41,33,53
2505,20230111,5,6,173,141,32,21
2506,20220206,6,6,185,140,45,24
2507,20240228,7,6,289,177,112,49
2508,20231205,8,6,194,48,146,54
2509,20230406,9,6,70,40,30,42
2510,20220619,10,6,221,188,33,51
2511,20220927,11,6,131,73,58,30
2512,20240609,12,6,298,161,137,31
2513,20221227,13,6,56,32,24,29
2514,20240105,14,6,143,139,4,57
2515,20230209,15,6,202,156,46,55
2516,20231128,16,6,103,35,68,56
2517,20230320,17,6,206,83,123,55
2518,20240711,18,6,208,81,127,26
2519,20231014,19,6,91,25,66,40
2520,20230925,20,6,214,24,190,49
2521,20230821,21,6,275,114,161,26
2522,20221101,22,6,181,17,164,28
2523,20240324,23,6,139,52,87,22
2524,20241014,24,6,99,82,17,26
2525,20240329,25,6,169,46,123,25
2526,20240828,26,6,267,14,253,58
2527,20240213,27,6,153,145,8,48
2528,20230906,28,6,65,25,40,59
2529,20221024,29,6,178,40,138,59
2530,20230205,30,6,127,58,69,57
2531,20220222,31,6,127,96,31,44
2532,20231113,32,6,151,43,108,23
2533,20231202,33,6,150,118,32,41
2534,20230216,34,6,116,27,89,53
2535,20220729,35,6,220,148,72,25
2536,20230427,36,6,115,15,100,60
2537,20240515,37,6,72,26,46,60
2538,20230421,38,6,50,19,31,43
2539,20231220,39,6,298,75,223,21
2540,20240306,40,6,263,163,100,52
2541,20230625,41,6,97,79,18,40
2542,20231229,42,6,123,37,86,35
2543,20221219,43,6,267,137,130,58
2544,20241215,44,6,173,34,139,30
2545,20241001,45,6,209,152,57,35
2546,20230823,46,6,281,130,151,48
2547,20241129,47,6,121,121,0,37
2548,20240810,48,6,56,31,25,58
2549,20221005,49,6,249,72,177,41
2550,20230519,50,6,103,15,88,49
2551,20240721,51,6,71,47,24,60
2552,20230816,52,6,105,103,2,49
2553,20220126,53,6,144,125,19,42
2554,20240214,54,6,228,134,94,36
2555,20230306,55,6,193,122,71,39
2556,20220919,56,6,208,23,185,54
2557,20220423,57,6,151,99,52,42
2558,20230720,58,6,146,110,36,49
2559,20230506,59,6,149,145,4,25
2560,20240721,60,6,105,39,66,42
2561,20240922,61,6,135,118,17,55
2562,20241102,62,6,128,54,74,33
2563,20230217,63,6,85,77,8,47
2564,20240401,64,6,109,97,12,43
2565,20240402,65,6,52,23,29,38
2566,20220729,66,6,190,183,7,23
2567,20241128,67,6,119,111,8,31
2568,20220720,68,6,149,133,16,22
2569,20230607,69,6,78,67,11,44
2570,20221231,70,6,84,52,32,58
2571,20230607,71,6,113,85,28,52
2572,20220709,72,6,149,115,34,43
2573,20241213,73,6,298,85,213,46
2574,20230716,74,6,176,71,105,53
2575,20230626,75,6,257,43,214,60
2576,20230613,76,6,254,58,196,41
2577,20220412,77,6,258,68,190,31
2578,20240128,78,6,295,45,250,45
2579,20231114,79,6,293,96,197,26
2580,20230413,80,6,248,185,63,25
2581,20221210,81,6,210,208,2,29
2582,20230915,82,6,161,105,56,28
2583,20240826,83,6,193,192,1,55
2584,20231230,84,6,116,57,59,35
2585,20220822,85,6,85,26,59,58
2586,20240803,86,6,243,120,123,37
2587,20230209,87,6,292,70,222,53
2588,20231222,88,6,130,101,29,42
2589,20230618,89,6,266,103,163,40
2590,20240421,90,6,66,52,14,56
2591,20240824,91,6,172,88,84,45
2592,20220220,92,6,149,141,8,56
2593,20240407,93,6,101,98,3,56
2594,20230524,94,6,228,201,27,59
2595,20240929,95,6,243,104,139,29
2596,20241031,96,6,180,172,8,37
2597,20220615,97,6,50,10,40,47
2598,20220419,98,6,227,172,55,27
2599,20220708,99,6,282,71,211,33
2600,20230308,100,6,183,114,69,53
2601,20240914,101,6,178,164,14,54
2602,20230623,102,6,275,50,225,21
2603,20240712,103,6,200,54,146,43
2604,20240823,104,6,82,51,31,49
2605,20240923,105,6,143,47,96,27
2606,20240527,106,6,161,149,12,57
2607,20240510,107,6,60,37,23,44
2608,20240901,108,6,90,40,50,38
2609,20240715,109,6,111,28,83,52
2610,20231106,110,6,285,67,218,33
2611,20230114,111,6,119,67,52,37
2612,20231126,112,6,139,72,67,41
2613,20230418,113,6,195,115,80,53
2614,20240318,114,6,280,241,39,30
2615,20230205,115,6,119,16,103,35
2616,20220102,116,6,75,19,56,40
2617,20240905,117,6,179,105,74,36
2618,20221106,118,6,180,76,104,40
2619,20220802,119,6,240,42,198,53
2620,20221203,120,6,207,93,114,46
2621,20240201,121,6,107,25,82,45
2622,20220109,122,6,286,124,162,48
2623,20220226,123,6,196,28,168,20
2624,20220225,124,6,294,116,178,57
2625,20241002,125,6,252,185,67,27
2626,20230424,126,6,214,69,145,44
2627,20230514,127,6,223,165,58,35
2628,20230501,128,6,139,123,16,39
2629,20231210,129,6,72,62,10,48
2630,20220811,130,6,284,254,30,48
2631,20240914,131,6,280,259,21,30
2632,20220829,132,6,165,100,65,40
2633,20231212,133,6,67,43,24,26
2634,20220111,134,6,286,21,265,48
2635,20220613,135,6,205,78,127,24
2636,20241013,136,6,185,110,75,52
2637,20230910,137,6,138,16,122,56
2638,20220126,138,6,181,19,162,29
2639,20240816,139,6,88,20,68,39
2640,20230701,140,6,182,85,97,26
2641,20220119,141,6,114,90,24,51
2642,20240202,142,6,68,10,58,20
2643,20231212,143,6,148,34,114,23
2644,20220129,144,6,108,29,79,30
2645,20240521,145,6,182,13,169,58
2646,20241004,146,6,126,20,106,59
2647,20240229,147,6,69,60,9,41
2648,20230530,148,6,257,47,210,22
2649,20230603,149,6,209,194,15,50
2650,20220722,150,6,189,87,102,41
2651,20240503,151,6,201,27,174,34
2652,20230801,152,6,166,162,4,30
2653,20230627,153,6,241,26,215,30
2654,20220108,154,6,73,18,55,22
2655,20230918,155,6,174,148,26,52
2656,20221117,156,6,57,23,34,60
2657,20220903,157,6,52,39,13,53
2658,20230811,158,6,250,248,2,53
2659,20220804,159,6,297,127,170,60
2660,20220109,160,6,132,41,91,55
2661,20230404,161,6,222,37,185,21
2662,20230626,162,6,221,92,129,21
2663,20240624,163,6,275,94,181,60
2664,20220306,164,6,268,66,202,38
2665,20230809,165,6,123,31,92,34
2666,20230803,166,6,83,34,49,26
2667,20230803,167,6,141,107,34,50
2668,20220309,168,6,272,76,196,50
2669,20231109,169,6,118,79,39,55
2670,20221115,170,6,52,38,14,44
2671,20240216,171,6,84,51,33,55
2672,20220314,172,6,100,72,28,33
2673,20220720,173,6,273,26,247,37
2674,20240115,174,6,285,53,232,48
2675,20220602,175,6,127,75,52,57
2676,20220216,176,6,287,264,23,25
2677,20220311,177,6,98,40,58,45
2678,20240203,178,6,216,60,156,32
2679,20220701,179,6,151,28,123,48
2680,20230502,180,6,127,126,1,36
2681,20231007,181,6,88,41,47,22
2682,20240423,182,6,244,168,76,33
2683,20240409,183,6,299,50,249,24
2684,20231026,184,6,199,20,179,23
2685,20230802,185,6,232,180,52,31
2686,20240914,186,6,203,62,141,22
2687,20221103,187,6,104,55,49,45
2688,20240226,188,6,60,59,1,32
2689,20230901,189,6,111,79,32,30
2690,20231114,190,6,283,33,250,34
2691,20220905,191,6,174,139,35,55
2692,20240901,192,6,229,66,163,38
2693,20240614,193,6,156,71,85,56
2694,20230224,194,6,167,135,32,59
2695,20230308,195,6,236,53,183,58
2696,20231203,196,6,263,72,191,59
2697,20231011,197,6,101,56,45,54
2698,20241216,198,6,263,250,13,52
2699,20220710,199,6,172,149,23,35
2700,20240127,200,6,251,23,228,34
2701,20240214,201,6,107,37,70,50
2702,20240828,202,6,285,272,13,50
2703,20240925,203,6,201,55,146,55
2704,20220128,204,6,57,10,47,58
2705,20221220,205,6,188,45,143,36
2706,20231102,206,6,52,17,35,27
2707,20240701,207,6,123,108,15,58
2708,20231220,208,6,282,252,30,20
2709,20220305,209,6,237,218,19,34
2710,20220425,210,6,67,19,48,41
2711,20220910,211,6,95,13,82,24
2712,20240127,212,6,142,21,121,48
2713,20240128,213,6,168,100,68,52
2714,20220226,214,6,271,211,60,54
2715,20241106,215,6,246,167,79,47
2716,20230411,216,6,128,90,38,23
2717,20230121,217,6,238,25,213,44
2718,20230822,218,6,73,51,22,55
2719,20240318,219,6,242,57,185,32
2720,20230101,220,6,273,170,103,35
2721,20240603,221,6,198,71,127,27
2722,20240727,222,6,100,47,53,40
2723,20230602,223,6,262,234,28,26
2724,20240207,224,6,237,233,4,33
2725,20240406,225,6,286,213,73,50
2726,20220727,226,6,67,44,23,27
2727,20240322,227,6,94,61,33,21
2728,20231122,228,6,113,55,58,54
2729,20220117,229,6,216,194,22,20
2730,20231223,230,6,220,171,49,51
2731,20221106,231,6,178,140,38,24
2732,20240601,232,6,258,80,178,28
2733,20240328,233,6,117,97,20,48
2734,20221029,234,6,101,49,52,54
2735,20220820,235,6,74,59,15,29
2736,20220909,236,6,201,151,50,38
2737,20240610,237,6,279,113,166,59
2738,20220531,238,6,196,11,185,43
2739,20221117,239,6,244,48,196,21
2740,20240128,240,6,124,57,67,55
2741,20230522,241,6,68,19,49,44
2742,20230613,242,6,122,54,68,23
2743,20230529,243,6,197,56,141,21
2744,20241005,244,6,60,35,25,53
2745,20231209,245,6,128,109,19,54
2746,20221012,246,6,137,107,30,58
2747,20240524,247,6,286,72,214,33
2748,20241009,248,6,282,233,49,53
2749,20220919,249,6,246,194,52,28
2750,20220507,250,6,184,11,173,38
2751,20230602,251,6,84,40,44,60
2752,20230308,252,6,244,149,95,39
2753,20240805,253,6,232,145,87,43
2754,20220628,254,6,254,249,5,23
2755,20220109,255,6,203,70,133,45
2756,20231106,256,6,233,87,146,38
2757,20230518,257,6,300,180,120,40
2758,20230504,258,6,63,22,41,42
2759,20230320,259,6,105,80,25,50
2760,20240108,260,6,116,65,51,34
2761,20241128,261,6,122,112,10,34
2762,20220812,262,6,213,200,13,56
2763,20241005,263,6,119,47,72,22
2764,20220514,264,6,175,18,157,55
2765,20230531,265,6,250,136,114,51
2766,20240619,266,6,167,110,57,20
2767,20231001,267,6,163,140,23,50
2768,20230623,268,6,296,31,265,26
2769,20221125,269,6,197,60,137,29
2770,20241120,270,6,279,44,235,27
2771,20240430,271,6,217,216,1,33
2772,20241018,272,6,141,80,61,58
2773,20230818,273,6,89,67,22,46
2774,20240412,274,6,134,108,26,43
2775,20230614,275,6,231,41,190,60
2776,20220226,276,6,231,20,211,47
2777,20230706,277,6,194,184,10,35
2778,20240623,278,6,109,62,47,57
2779,20240712,279,6,278,162,116,37
2780,20231010,280,6,192,17,175,48
2781,20220320,281,6,198,155,43,48
2782,20240523,282,6,113,40,73,30
2783,20230704,283,6,103,22,81,54
2784,20240527,284,6,256,102,154,60
2785,20230918,285,6,239,61,178,24
2786,20230505,286,6,173,53,120,22
2787,20231125,287,6,222,43,179,25
2788,20230418,288,6,100,85,15,53
2789,20241123,289,6,122,78,44,39
2790,20241110,290,6,243,60,183,28
2791,20220313,291,6,295,205,90,47
2792,20220805,292,6,250,170,80,46
2793,20230709,293,6,234,82,152,60
2794,20240427,294,6,285,167,118,20
2795,20240105,295,6,75,58,17,34
2796,20240728,296,6,148,82,66,43
2797,20230102,297,6,230,228,2,47
2798,20231202,298,6,178,145,33,39
2799,20240311,299,6,215,173,42,34
2800,20240706,300,6,235,216,19,56
2801,20231126,301,6,286,64,222,55
2802,20240209,302,6,173,148,25,47
2803,20241023,303,6,117,10,107,43
2804,20240115,304,6,52,37,15,46
2805,20220521,305,6,265,135,130,42
2806,20231223,306,6,278,70,208,30
2807,20240114,307,6,217,138,79,29
2808,20220812,308,6,63,52,11,51
2809,20240813,309,6,193,174,19,50
2810,20230503,310,6,122,65,57,46
2811,20240609,311,6,94,19,75,37
2812,20230220,312,6,210,78,132,60
2813,20221223,313,6,113,86,27,39
2814,20230315,314,6,173,125,48,39
2815,20241004,315,6,69,66,3,27
2816,20231227,316,6,113,28,85,45
2817,20221005,317,6,276,50,226,56
2818,20221221,318,6,129,50,79,46
2819,20240805,319,6,94,66,28,60
2820,20230725,320,6,193,132,61,41
2821,20240822,321,6,200,60,140,28
2822,20241102,322,6,220,194,26,38
2823,20241005,323,6,228,225,3,58
2824,20231004,324,6,87,46,41,47
2825,20240710,325,6,228,46,182,49
2826,20241101,326,6,147,133,14,53
2827,20231117,327,6,208,129,79,50
2828,20230414,328,6,104,10,94,42
2829,20231023,329,6,123,53,70,48
2830,20240605,330,6,235,188,47,59
2831,20221227,331,6,278,190,88,40
2832,20220519,332,6,251,100,151,46
2833,20240306,333,6,284,91,193,52
2834,20220114,334,6,58,23,35,20
2835,20240628,335,6,270,136,134,23
2836,20220805,336,6,236,212,24,32
2837,20230107,337,6,182,182,0,25
2838,20221216,338,6,154,46,108,31
2839,20230201,339,6,122,12,110,60
2840,20220311,340,6,208,45,163,49
2841,20240417,341,6,298,40,258,36
2842,20220520,342,6,173,62,111,33
2843,20240421,343,6,145,124,21,60
2844,20220310,344,6,294,172,122,55
2845,20240810,345,6,255,81,174,30
2846,20220429,346,6,155,23,132,28
2847,20231024,347,6,182,163,19,35
2848,20230503,348,6,252,244,8,46
2849,20230221,349,6,192,54,138,59
2850,20220706,350,6,287,117,170,54
2851,20220511,351,6,198,148,50,39
2852,20230306,352,6,281,241,40,32
2853,20240508,353,6,154,56,98,42
2854,20240401,354,6,147,12,135,21
2855,20230527,355,6,95,10,85,20
2856,20230609,356,6,52,20,32,39
2857,20230514,357,6,214,48,166,55
2858,20240807,358,6,137,122,15,34
2859,20220719,359,6,220,219,1,45
2860,20241020,360,6,148,108,40,40
2861,20240612,361,6,198,197,1,40
2862,20230120,362,6,218,23,195,47
2863,20221106,363,6,110,110,0,55
2864,20240202,364,6,133,30,103,33
2865,20221231,365,6,117,97,20,55
2866,20230713,366,6,141,19,122,44
2867,20220112,367,6,188,103,85,21
2868,20220616,368,6,64,33,31,50
2869,20230605,369,6,254,171,83,52
2870,20220723,370,6,228,195,33,36
2871,20240924,371,6,206,204,2,38
2872,20221023,372,6,237,96,141,38
2873,20220621,373,6,242,237,5,54
2874,20240623,374,6,299,46,253,60
2875,20241014,375,6,54,14,40,58
2876,20231119,376,6,164,83,81,39
2877,20221114,377,6,202,62,140,40
2878,20241019,378,6,53,32,21,57
2879,20240623,379,6,214,192,22,56
2880,20221110,380,6,227,153,74,28
2881,20241104,381,6,121,91,30,27
2882,20240814,382,6,234,120,114,43
2883,20240219,383,6,62,57,5,32
2884,20240801,384,6,60,21,39,46
2885,20220806,385,6,228,86,142,53
2886,20240612,386,6,245,201,44,46
2887,20231023,387,6,120,13,107,45
2888,20240616,388,6,212,47,165,45
2889,20231206,389,6,171,30,141,29
2890,20220727,390,6,207,22,185,46
2891,20230630,391,6,72,57,15,34
2892,20231223,392,6,287,57,230,24
2893,20230204,393,6,290,112,178,53
2894,20240516,394,6,78,72,6,38
2895,20220226,395,6,276,189,87,59
2896,20220702,396,6,113,90,23,21
2897,20230425,397,6,133,86,47,22
2898,20220409,398,6,151,149,2,59
2899,20230207,399,6,240,204,36,54
2900,20221023,400,6,158,43,115,57
2901,20230120,401,6,172,89,83,48
2902,20241124,402,6,127,48,79,20
2903,20231023,403,6,133,128,5,31
2904,20241202,404,6,238,121,117,32
2905,20241108,405,6,266,119,147,49
2906,20220623,406,6,123,69,54,26
2907,20240507,407,6,85,41,44,34
2908,20221113,408,6,136,95,41,26
2909,20220721,409,6,144,102,42,34
2910,20220222,410,6,208,26,182,29
2911,20240422,411,6,251,140,111,46
2912,20220319,412,6,243,159,84,56
2913,20220516,413,6,235,88,147,54
2914,20240920,414,6,258,244,14,51
2915,20230301,415,6,193,110,83,20
2916,20240724,416,6,273,10,263,57
2917,20220916,417,6,126,91,35,32
2918,20230408,418,6,254,141,113,28
2919,20220711,419,6,69,43,26,33
2920,20240723,420,6,148,72,76,51
2921,20240910,421,6,119,54,65,34
2922,20230324,422,6,232,211,21,34
2923,20241026,423,6,50,42,8,42
2924,20240627,424,6,219,18,201,30
2925,20220228,425,6,228,87,141,30
2926,20240416,426,6,73,30,43,56
2927,20240728,427,6,68,51,17,28
2928,20220522,428,6,230,32,198,43
2929,20231122,429,6,243,179,64,28
2930,20241013,430,6,138,68,70,43
2931,20231110,431,6,284,250,34,52
2932,20240707,432,6,279,75,204,50
2933,20240119,433,6,145,69,76,58
2934,20230125,434,6,150,37,113,42
2935,20230604,435,6,167,56,111,43
2936,20240529,436,6,189,161,28,57
2937,20220308,437,6,69,35,34,29
2938,20231231,438,6,107,41,66,52
2939,20230928,439,6,53,16,37,55
2940,20241108,440,6,215,110,105,49
2941,20230916,441,6,172,169,3,24
2942,20220604,442,6,139,57,82,36
2943,20221014,443,6,257,192,65,37
2944,20240912,444,6,287,108,179,43
2945,20241230,445,6,270,81,189,33
2946,20220405,446,6,280,122,158,22
2947,20230217,447,6,270,204,66,29
2948,20241022,448,6,218,213,5,46
2949,20230805,449,6,191,65,126,39
2950,20231211,450,6,104,62,42,59
2951,20230209,451,6,94,94,0,52
2952,20230527,452,6,206,140,66,60
2953,20230510,453,6,261,231,30,54
2954,20220630,454,6,207,198,9,39
2955,20230826,455,6,109,78,31,58
2956,20240731,456,6,294,163,131,59
2957,20231216,457,6,239,40,199,60
2958,20241230,458,6,156,32,124,36
2959,20220830,459,6,176,108,68,55
2960,20240210,460,6,274,240,34,41
2961,20240503,461,6,195,72,123,35
2962,20230720,462,6,268,153,115,59
2963,20230815,463,6,250,175,75,33
2964,20230110,464,6,229,162,67,34
2965,20230715,465,6,60,25,35,43
2966,20241129,466,6,53,35,18,48
2967,20220911,467,6,295,132,163,32
2968,20220829,468,6,228,99,129,24
2969,20231108,469,6,84,38,46,55
2970,20230102,470,6,52,49,3,24
2971,20220706,471,6,236,126,110,50
2972,20240603,472,6,111,54,57,38
2973,20230118,473,6,279,215,64,39
2974,20220510,474,6,116,88,28,40
2975,20220907,475,6,289,178,111,45
2976,20230912,476,6,204,152,52,35
2977,20230807,477,6,105,13,92,36
2978,20221223,478,6,114,66,48,52
2979,20241012,479,6,268,105,163,49
2980,20220326,480,6,206,193,13,49
2981,20221004,481,6,154,137,17,60
2982,20230720,482,6,170,149,21,37
2983,20240619,483,6,211,71,140,58
2984,20230706,484,6,119,41,78,41
2985,20240405,485,6,144,112,32,37
2986,20230929,486,6,81,56,25,25
2987,20231011,487,6,125,90,35,35
2988,20240103,488,6,85,11,74,54
2989,20220414,489,6,129,102,27,57
2990,20220124,490,6,279,200,79,42
2991,20230704,491,6,60,16,44,48
2992,20221020,492,6,240,137,103,48
2993,20220812,493,6,209,100,109,22
2994,20241019,494,6,75,66,9,28
2995,20231208,495,6,134,50,84,32
2996,20241122,496,6,278,85,193,38
2997,20241108,497,6,121,73,48,52
2998,20220120,498,6,158,131,27,38
2999,20230203,499,6,268,168,100,32
3000,20230903,500,6,246,219,27,35
3001,20220124,1,7,84,76,8,44
3002,20220509,2,7,92,46,46,20
3003,20240125,3,7,157,143,14,32
3004,20221003,4,7,253,136,117,53
3005,20230526,5,7,187,145,42,45
3006,20220806,6,7,144,78,66,39
3007,20231214,7,7,57,19,38,38
3008,20220407,8,7,114,102,12,48
3009,20230104,9,7,148,54,94,20
3010,20220310,10,7,128,51,77,22
3011,20240129,11,7,149,60,89,26
3012,20220118,12,7,204,163,41,50
3013,20230625,13,7,173,48,125,25
3014,20220301,14,7,65,32,33,54
3015,20240721,15,7,181,94,87,24
3016,20221115,16,7,51,36,15,56
3017,20221207,17,7,265,241,24,50
3018,20240105,18,7,146,39,107,23
3019,20240826,19,7,200,19,181,25
3020,20220716,20,7,55,36,19,34
3021,20230122,21,7,54,18,36,33
3022,20221027,22,7,281,19,262,24
3023,20240723,23,7,194,78,116,57
3024,20221018,24,7,274,163,111,27
3025,20221206,25,7,251,232,19,29
3026,20240726,26,7,231,48,183,55
3027,20241108,27,7,262,211,51,30
3028,20241130,28,7,272,208,64,48
3029,20220121,29,7,183,29,154,29
3030,20230518,30,7,257,38,219,31
3031,20240808,31,7,73,65,8,55
3032,20240510,32,7,251,50,201,53
3033,20230325,33,7,183,154,29,57
3034,20240308,34,7,99,87,12,30
3035,20241014,35,7,138,100,38,32
3036,20221013,36,7,203,105,98,44
3037,20231101,37,7,226,189,37,44
3038,20240927,38,7,292,133,159,55
3039,20220426,39,7,102,55,47,21
3040,20240506,40,7,248,241,7,49
3041,20240120,41,7,279,72,207,38
3042,20240513,42,7,120,65,55,52
3043,20231013,43,7,77,63,14,34
3044,20240325,44,7,245,126,119,31
3045,20220708,45,7,196,11,185,50
3046,20220314,46,7,277,236,41,46
3047,20220424,47,7,111,62,49,47
3048,20220127,48,7,268,264,4,20
3049,20240712,49,7,273,13,260,28
3050,20230221,50,7,143,90,53,28
3051,20240509,51,7,293,63,230,60
3052,20230929,52,7,111,95,16,24
3053,20230706,53,7,86,20,66,56
3054,20240219,54,7,231,148,83,28
3055,20240729,55,7,265,240,25,31
3056,20231231,56,7,161,124,37,31
3057,20230505,57,7,101,58,43,31
3058,20231120,58,7,218,195,23,53
3059,20240409,59,7,65,33,32,43
3060,20220215,60,7,111,72,39,25
3061,20220619,61,7,201,92,109,39
3062,20240127,62,7,159,69,90,29
3063,20241206,63,7,152,64,88,57
3064,20241123,64,7,152,12,140,28
3065,20220607,65,7,191,164,27,46
3066,20240407,66,7,94,15,79,45
3067,20221203,67,7,119,99,20,23
3068,20220529,68,7,101,81,20,37
3069,20220801,69,7,147,91,56,53
3070,20240205,70,7,64,42,22,35
3071,20230202,71,7,133,19,114,33
3072,20221215,72,7,255,241,14,46
3073,20231129,73,7,295,237,58,32
3074,20220721,74,7,120,61,59,54
3075,20230404,75,7,90,51,39,60
3076,20240324,76,7,103,49,54,47
3077,20220225,77,7,254,167,87,33
3078,20240722,78,7,257,212,45,39
3079,20240322,79,7,293,229,64,54
3080,20221204,80,7,227,140,87,26
3081,20220310,81,7,122,70,52,25
3082,20230916,82,7,161,18,143,47
3083,20230618,83,7,104,70,34,53
3084,20240107,84,7,249,30,219,37
3085,20240128,85,7,50,17,33,55
3086,20240806,86,7,207,201,6,56
3087,20221225,87,7,197,130,67,22
3088,20230203,88,7,258,155,103,50
3089,20220723,89,7,200,128,72,37
3090,20240404,90,7,66,16,50,35
3091,20221113,91,7,198,134,64,28
3092,20231001,92,7,173,40,133,52
3093,20230827,93,7,238,36,202,22
3094,20240505,94,7,229,144,85,34
3095,20231202,95,7,138,12,126,32
3096,20230625,96,7,247,147,100,50
3097,20230602,97,7,151,119,32,59
3098,20220430,98,7,242,190,52,31
3099,20221207,99,7,154,109,45,59
3100,20220708,100,7,267,260,7,20
3101,20240915,101,7,133,72,61,56
3102,20220509,102,7,131,130,1,53
3103,20241103,103,7,275,131,144,55
3104,20240721,104,7,261,185,76,56
3105,20241217,105,7,131,58,73,42
3106,20230206,106,7,115,80,35,45
3107,20240102,107,7,288,60,228,46
3108,20230907,108,7,255,226,29,49
3109,20220103,109,7,151,91,60,59
3110,20240622,110,7,231,139,92,55
3111,20240913,111,7,63,15,48,34
3112,20230605,112,7,221,46,175,56
3113,20220203,113,7,299,270,29,30
3114,20241208,114,7,259,162,97,21
3115,20230321,115,7,68,66,2,28
3116,20220628,116,7,54,14,40,51
3117,20230608,117,7,77,33,44,35
3118,20230819,118,7,280,238,42,55
3119,20240825,119,7,300,187,113,33
3120,20231003,120,7,161,13,148,42
3121,20220216,121,7,107,56,51,52
3122,20241004,122,7,158,127,31,45
3123,20231212,123,7,61,49,12,30
3124,20220411,124,7,74,13,61,32
3125,20220410,125,7,230,76,154,26
3126,20241106,126,7,295,174,121,32
3127,20221222,127,7,86,72,14,57
3128,20230727,128,7,279,154,125,49
3129,20220727,129,7,136,111,25,42
3130,20220510,130,7,141,134,7,40
3131,20230611,131,7,145,39,106,29
3132,20220709,132,7,162,34,128,29
3133,20230615,133,7,227,203,24,38
3134,20240913,134,7,279,261,18,44
3135,20240327,135,7,58,52,6,51
3136,20230627,136,7,203,35,168,60
3137,20230319,137,7,146,84,62,51
3138,20221023,138,7,53,38,15,48
3139,20220704,139,7,144,93,51,30
3140,20220619,140,7,249,73,176,54
3141,20220206,141,7,271,264,7,21
3142,20240522,142,7,110,69,41,52
3143,20240118,143,7,106,101,5,47
3144,20240929,144,7,233,175,58,26
3145,20220812,145,7,257,17,240,27
3146,20220704,146,7,103,19,84,23
3147,20231106,147,7,67,32,35,43
3148,20221014,148,7,51,25,26,29
3149,20230727,149,7,162,152,10,57
3150,20231119,150,7,292,139,153,51
3151,20240829,151,7,160,25,135,27
3152,20230629,152,7,233,27,206,25
3153,20240806,153,7,181,80,101,40
3154,20240721,154,7,196,169,27,37
3155,20230927,155,7,249,12,237,54
3156,20230823,156,7,195,129,66,58
3157,20230826,157,7,130,39,91,45
3158,20240302,158,7,166,150,16,28
3159,20240106,159,7,253,198,55,43
3160,20220722,160,7,133,18,115,60
3161,20230222,161,7,245,14,231,33
3162,20220226,162,7,235,219,16,55
3163,20240729,163,7,288,13,275,44
3164,20230925,164,7,99,64,35,40
3165,20240716,165,7,195,177,18,56
3166,20220816,166,7,282,68,214,54
3167,20230322,167,7,215,115,100,35
3168,20231017,168,7,72,15,57,58
3169,20220407,169,7,133,57,76,38
3170,20230908,170,7,192,170,22,44
3171,20220310,171,7,77,65,12,56
3172,20220125,172,7,299,217,82,37
3173,20230424,173,7,60,38,22,25
3174,20240901,174,7,93,47,46,24
3175,20220323,175,7,161,144,17,55
3176,20221106,176,7,257,257,0,56
3177,20241006,177,7,109,75,34,23
3178,20230110,178,7,279,36,243,52
3179,20230810,179,7,104,59,45,29
3180,20220113,180,7,170,71,99,29
3181,20231122,181,7,222,146,76,55
3182,20240321,182,7,212,43,169,30
3183,20230330,183,7,185,165,20,29
3184,20220414,184,7,113,101,12,28
3185,20220722,185,7,191,49,142,35
3186,20241125,186,7,227,98,129,34
3187,20230111,187,7,106,19,87,56
3188,20231222,188,7,269,105,164,60
3189,20240906,189,7,276,208,68,50
3190,20241210,190,7,64,22,42,56
3191,20220816,191,7,188,108,80,52
3192,20230203,192,7,252,212,40,28
3193,20220919,193,7,228,121,107,21
3194,20230406,194,7,92,45,47,60
3195,20220222,195,7,59,13,46,22
3196,20221121,196,7,288,207,81,29
3197,20240508,197,7,100,83,17,22
3198,20230602,198,7,110,86,24,49
3199,20240712,199,7,289,251,38,42
3200,20220730,200,7,183,36,147,27
3201,20230110,201,7,181,45,136,51
3202,20241226,202,7,175,115,60,20
3203,20230815,203,7,84,82,2,54
3204,20220605,204,7,159,143,16,28
3205,20231001,205,7,211,106,105,47
3206,20230603,206,7,238,13,225,26
3207,20220402,207,7,107,43,64,46
3208,20240624,208,7,194,122,72,51
3209,20230624,209,7,76,20,56,30
3210,20220913,210,7,140,96,44,42
3211,20230101,211,7,119,11,108,55
3212,20230123,212,7,66,15,51,45
3213,20230207,213,7,276,155,121,44
3214,20240614,214,7,124,43,81,45
3215,20230129,215,7,100,60,40,35
3216,20220328,216,7,116,27,89,38
3217,20230404,217,7,70,14,56,45
3218,20230409,218,7,212,86,126,49
3219,20230411,219,7,279,165,114,50
3220,20240503,220,7,103,101,2,50
3221,20240413,221,7,73,11,62,53
3222,20240930,222,7,157,33,124,37
3223,20220417,223,7,139,88,51,45
3224,20220925,224,7,208,178,30,31
3225,20220519,225,7,61,21,40,46
3226,20240819,226,7,55,14,41,29
3227,20230330,227,7,249,216,33,50
3228,20240404,228,7,125,55,70,39
3229,20220129,229,7,251,77,174,47
3230,20241030,230,7,260,222,38,41
3231,20231013,231,7,113,102,11,54
3232,20230723,232,7,142,129,13,46
3233,20220925,233,7,85,15,70,24
3234,20221026,234,7,238,162,76,37
3235,20230311,235,7,68,50,18,28
3236,20230413,236,7,55,35,20,57
3237,20220801,237,7,160,77,83,52
3238,20240808,238,7,50,46,4,52
3239,20240619,239,7,276,239,37,50
3240,20220116,240,7,166,71,95,59
3241,20221008,241,7,59,16,43,57
3242,20241031,242,7,97,89,8,38
3243,20221110,243,7,116,31,85,46
3244,20240115,244,7,117,44,73,59
3245,20240419,245,7,229,25,204,32
3246,20230428,246,7,201,119,82,40
3247,20241219,247,7,205,152,53,24
3248,20220630,248,7,248,235,13,58
3249,20220303,249,7,200,14,186,47
3250,20230902,250,7,128,104,24,38
3251,20230607,251,7,237,214,23,31
3252,20220608,252,7,122,13,109,60
3253,20220408,253,7,274,203,71,45
3254,20220313,254,7,225,100,125,48
3255,20240129,255,7,224,18,206,59
3256,20230908,256,7,160,65,95,58
3257,20240723,257,7,247,195,52,31
3258,20230611,258,7,272,202,70,33
3259,20230804,259,7,143,19,124,60
3260,20230715,260,7,143,18,125,26
3261,20220227,261,7,262,58,204,40
3262,20220721,262,7,288,276,12,31
3263,20220924,263,7,142,17,125,49
3264,20230710,264,7,242,121,121,50
3265,20220818,265,7,136,105,31,60
3266,20240922,266,7,81,54,27,27
3267,20240418,267,7,120,37,83,29
3268,20220907,268,7,55,42,13,53
3269,20220220,269,7,216,164,52,55
3270,20240609,270,7,280,145,135,38
3271,20230731,271,7,196,92,104,26
3272,20240708,272,7,134,127,7,48
3273,20230118,273,7,171,63,108,49
3274,20230618,274,7,154,110,44,48
3275,20230916,275,7,276,214,62,38
3276,20230214,276,7,174,174,0,57
3277,20230626,277,7,191,52,139,56
3278,20240613,278,7,219,95,124,31
3279,20231026,279,7,215,161,54,43
3280,20240817,280,7,272,166,106,50
3281,20241126,281,7,67,15,52,49
3282,20240802,282,7,265,218,47,57
3283,20240710,283,7,300,78,222,22
3284,20241103,284,7,84,22,62,32
3285,20241124,285,7,151,107,44,44
3286,20220804,286,7,289,35,254,49
3287,20220130,287,7,297,159,138,45
3288,20240212,288,7,244,207,37,47
3289,20220704,289,7,93,73,20,34
3290,20230628,290,7,132,123,9,55
3291,20240717,291,7,225,15,210,36
3292,20220217,292,7,264,71,193,29
3293,20221212,293,7,134,70,64,39
3294,20240930,294,7,253,166,87,45
3295,20220302,295,7,122,39,83,55
3296,20230421,296,7,262,115,147,56
3297,20240512,297,7,259,118,141,56
3298,20220911,298,7,239,108,131,58
3299,20230802,299,7,78,73,5,27
3300,20220703,300,7,72,66,6,34
3301,20220622,301,7,85,75,10,58
3302,20221219,302,7,209,205,4,54
3303,20240711,303,7,109,82,27,23
3304,20230601,304,7,276,163,113,42
3305,20241201,305,7,263,213,50,24
3306,20241214,306,7,292,201,91,33
3307,20240125,307,7,127,51,76,27
3308,20230119,308,7,80,46,34,36
3309,20230208,309,7,122,82,40,44
3310,20230722,310,7,230,157,73,34
3311,20230330,311,7,136,22,114,28
3312,20220501,312,7,194,144,50,42
3313,20240121,313,7,107,46,61,39
3314,20240615,314,7,103,71,32,21
3315,20230118,315,7,100,63,37,39
3316,20230216,316,7,196,73,123,25
3317,20220426,317,7,59,25,34,41
3318,20230131,318,7,208,92,116,34
3319,20231013,319,7,87,72,15,28
3320,20240217,320,7,143,113,30,24
3321,20241001,321,7,275,52,223,40
3322,20230617,322,7,70,17,53,34
3323,20220307,323,7,104,25,79,46
3324,20230609,324,7,109,87,22,48
3325,20220829,325,7,97,87,10,29
3326,20220227,326,7,129,46,83,48
3327,20231103,327,7,180,23,157,24
3328,20231220,328,7,120,108,12,46
3329,20230704,329,7,235,66,169,40
3330,20240404,330,7,127,81,46,28
3331,20220313,331,7,268,65,203,21
3332,20230210,332,7,161,130,31,31
3333,20231209,333,7,268,173,95,20
3334,20240915,334,7,240,24,216,56
3335,20221001,335,7,238,141,97,40
3336,20221015,336,7,74,50,24,43
3337,20220627,337,7,217,123,94,58
3338,20240727,338,7,296,195,101,54
3339,20241006,339,7,282,235,47,43
3340,20230927,340,7,81,43,38,35
3341,20231207,341,7,125,99,26,24
3342,20220611,342,7,60,24,36,50
3343,20240811,343,7,196,62,134,35
3344,20230618,344,7,61,14,47,28
3345,20240809,345,7,232,189,43,41
3346,20241219,346,7,65,22,43,40
3347,20241205,347,7,184,64,120,59
3348,20230310,348,7,187,79,108,21
3349,20220211,349,7,269,40,229,57
3350,20230204,350,7,62,19,43,22
3351,20240705,351,7,148,88,60,54
3352,20220519,352,7,251,47,204,27
3353,20241012,353,7,134,74,60,39
3354,20220321,354,7,141,111,30,44
3355,20220112,355,7,203,140,63,31
3356,20240113,356,7,190,94,96,27
3357,20230807,357,7,150,11,139,21
3358,20231226,358,7,231,95,136,31
3359,20220522,359,7,127,54,73,56
3360,20220802,360,7,186,186,0,23
3361,20231110,361,7,272,272,0,31
3362,20230201,362,7,101,80,21,46
3363,20220521,363,7,218,132,86,30
3364,20220630,364,7,75,41,34,23
3365,20240623,365,7,159,126,33,42
3366,20220223,366,7,168,142,26,34
3367,20241201,367,7,79,29,50,54
3368,20231204,368,7,241,192,49,24
3369,20221227,369,7,259,34,225,27
3370,20240102,370,7,159,78,81,60
3371,20241017,371,7,210,183,27,45
3372,20240620,372,7,54,20,34,53
3373,20230317,373,7,67,20,47,48
3374,20240111,374,7,273,191,82,48
3375,20240206,375,7,66,43,23,22
3376,20220901,376,7,214,43,171,48
3377,20230301,377,7,251,143,108,22
3378,20230125,378,7,285,66,219,39
3379,20240717,379,7,140,37,103,45
3380,20240204,380,7,52,33,19,29
3381,20220707,381,7,215,67,148,37
3382,20240421,382,7,196,175,21,48
3383,20220220,383,7,235,134,101,34
3384,20230216,384,7,110,84,26,45
3385,20220608,385,7,205,74,131,44
3386,20241201,386,7,188,152,36,51
3387,20220118,387,7,290,131,159,21
3388,20220424,388,7,194,86,108,55
3389,20220403,389,7,81,64,17,38
3390,20240312,390,7,74,34,40,50
3391,20221027,391,7,267,254,13,20
3392,20230102,392,7,101,70,31,36
3393,20220224,393,7,97,68,29,38
3394,20230807,394,7,153,65,88,21
3395,20221126,395,7,59,53,6,50
3396,20230123,396,7,242,114,128,58
3397,20220212,397,7,206,106,100,26
3398,20241202,398,7,123,67,56,48
3399,20221014,399,7,230,48,182,40
3400,20220324,400,7,208,93,115,56
3401,20230205,401,7,94,45,49,29
3402,20230824,402,7,83,78,5,49
3403,20230227,403,7,194,172,22,29
3404,20220429,404,7,258,170,88,29
3405,20230409,405,7,134,38,96,32
3406,20241020,406,7,153,64,89,51
3407,20220918,407,7,99,70,29,31
3408,20230428,408,7,71,69,2,53
3409,20220910,409,7,292,113,179,24
3410,20230410,410,7,135,112,23,45
3411,20230202,411,7,57,27,30,37
3412,20230514,412,7,247,68,179,48
3413,20220629,413,7,138,14,124,51
3414,20230101,414,7,58,19,39,45
3415,20220429,415,7,143,68,75,30
3416,20220901,416,7,226,81,145,53
3417,20240413,417,7,127,15,112,44
3418,20220921,418,7,87,76,11,32
3419,20240521,419,7,79,26,53,52
3420,20230217,420,7,205,143,62,44
3421,20230921,421,7,193,102,91,20
3422,20220711,422,7,300,132,168,41
3423,20240302,423,7,223,203,20,36
3424,20240216,424,7,213,141,72,49
3425,20220520,425,7,228,46,182,47
3426,20240314,426,7,141,95,46,38
3427,20220903,427,7,154,151,3,26
3428,20221029,428,7,169,71,98,33
3429,20240419,429,7,294,41,253,38
3430,20220612,430,7,244,176,68,23
3431,20231011,431,7,179,52,127,28
3432,20220620,432,7,88,73,15,50
3433,20230517,433,7,288,153,135,22
3434,20230626,434,7,274,241,33,30
3435,20240308,435,7,69,52,17,35
3436,20231117,436,7,262,85,177,39
3437,20240827,437,7,275,43,232,44
3438,20240510,438,7,240,34,206,20
3439,20240401,439,7,270,188,82,46
3440,20221125,440,7,215,56,159,32
3441,20220121,441,7,112,59,53,23
3442,20231204,442,7,62,58,4,30
3443,20240909,443,7,122,20,102,58
3444,20220529,444,7,151,84,67,50
3445,20240203,445,7,148,81,67,28
3446,20240716,446,7,231,162,69,31
3447,20230904,447,7,73,36,37,60
3448,20240624,448,7,136,119,17,47
3449,20220428,449,7,191,117,74,38
3450,20220101,450,7,185,50,135,26
3451,20230612,451,7,171,112,59,31
3452,20220214,452,7,263,69,194,47
3453,20230427,453,7,57,29,28,22
3454,20240522,454,7,122,109,13,37
3455,20240827,455,7,171,129,42,55
3456,20230909,456,7,198,92,106,38
3457,20230420,457,7,171,25,146,35
3458,20240706,458,7,79,16,63,54
3459,20230316,459,7,84,65,19,48
3460,20241003,460,7,127,15,112,50
3461,20230124,461,7,61,30,31,48
3462,20231230,462,7,156,106,50,43
3463,20230316,463,7,89,63,26,37
3464,20230718,464,7,50,17,33,34
3465,20240507,465,7,171,60,111,28
3466,20241020,466,7,297,92,205,34
3467,20221114,467,7,129,87,42,41
3468,20240101,468,7,290,35,255,53
3469,20220501,469,7,115,94,21,44
3470,20240307,470,7,194,157,37,38
3471,20221207,471,7,230,196,34,34
3472,20231208,472,7,161,72,89,52
3473,20220405,473,7,91,35,56,51
3474,20220119,474,7,201,67,134,23
3475,20220724,475,7,75,61,14,56
3476,20230511,476,7,205,107,98,56
3477,20220427,477,7,258,94,164,29
3478,20240724,478,7,169,91,78,58
3479,20230811,479,7,205,70,135,44
3480,20220215,480,7,184,89,95,33
3481,20220917,481,7,158,34,124,48
3482,20230109,482,7,68,26,42,35
3483,20220103,483,7,289,110,179,35
3484,20240327,484,7,149,99,50,23
3485,20231001,485,7,53,34,19,60
3486,20230816,486,7,133,10,123,57
3487,20221003,487,7,160,122,38,21
3488,20230901,488,7,107,56,51,40
3489,20240621,489,7,68,37,31,55
3490,20241021,490,7,174,168,6,59
3491,20240529,491,7,172,132,40,42
3492,20240825,492,7,208,163,45,26
3493,20230610,493,7,217,18,199,31
3494,20240430,494,7,178,87,91,20
3495,20230724,495,7,187,180,7,33
3496,20230430,496,7,135,37,98,38
3497,20241028,497,7,139,107,32,30
3498,20230221,498,7,251,108,143,29
3499,20230504,499,7,181,83,98,42
3500,20240718,500,7,178,49,129,20
3501,20230902,1,8,263,148,115,20
3502,20231102,2,8,178,113,65,23
3503,20230113,3,8,237,221,16,49
3504,20240113,4,8,140,86,54,22
3505,20240728,5,8,124,28,96,35
3506,20230704,6,8,229,180,49,47
3507,20230830,7,8,223,21,202,32
3508,20241011,8,8,194,167,27,23
3509,20230205,9,8,85,63,22,25
3510,20220404,10,8,243,64,179,27
3511,20231016,11,8,79,60,19,29
3512,20220808,12,8,242,13,229,35
3513,20241214,13,8,120,17,103,44
3514,20230419,14,8,193,14,179,43
3515,20221026,15,8,53,19,34,34
3516,20240711,16,8,217,171,46,31
3517,20230223,17,8,127,51,76,60
3518,20241011,18,8,235,219,16,48
3519,20241225,19,8,117,111,6,29
3520,20221201,20,8,265,43,222,34
3521,20240306,21,8,240,141,99,25
3522,20240712,22,8,194,146,48,34
3523,20240621,23,8,260,225,35,40
3524,20230606,24,8,189,176,13,47
3525,20241103,25,8,280,44,236,25
3526,20220605,26,8,260,87,173,33
3527,20240220,27,8,159,44,115,22
3528,20230215,28,8,265,230,35,44
3529,20230829,29,8,196,44,152,42
3530,20230203,30,8,241,181,60,58
3531,20240216,31,8,252,205,47,41
3532,20220708,32,8,115,71,44,28
3533,20230117,33,8,201,41,160,37
3534,20240228,34,8,163,76,87,42
3535,20240824,35,8,131,81,50,32
3536,20240625,36,8,295,156,139,45
3537,20240715,37,8,286,209,77,44
3538,20220317,38,8,247,171,76,60
3539,20220207,39,8,243,75,168,54
3540,20220808,40,8,104,104,0,57
3541,20230802,41,8,211,35,176,55
3542,20231125,42,8,182,152,30,54
3543,20220214,43,8,151,138,13,48
3544,20220203,44,8,143,70,73,57
3545,20231228,45,8,94,71,23,20
3546,20230531,46,8,85,12,73,34
3547,20240923,47,8,199,29,170,44
3548,20240322,48,8,90,54,36,37
3549,20220903,49,8,62,61,1,49
3550,20240606,50,8,73,36,37,27
3551,20220629,51,8,238,126,112,23
3552,20220215,52,8,275,126,149,37
3553,20220807,53,8,122,52,70,59
3554,20230312,54,8,210,198,12,21
3555,20240110,55,8,153,103,50,42
3556,20220802,56,8,84,30,54,54
3557,20221022,57,8,276,114,162,44
3558,20220813,58,8,199,155,44,37
3559,20220630,59,8,141,77,64,51
3560,20240521,60,8,196,129,67,25
3561,20220724,61,8,154,78,76,32
3562,20240515,62,8,191,128,63,33
3563,20231026,63,8,171,31,140,45
3564,20220511,64,8,251,206,45,36
3565,20230424,65,8,287,45,242,25
3566,20231211,66,8,275,261,14,24
3567,20230510,67,8,86,72,14,29
3568,20240103,68,8,269,132,137,42
3569,20220202,69,8,246,174,72,27
3570,20231211,70,8,238,190,48,50
3571,20241220,71,8,148,25,123,31
3572,20230717,72,8,171,18,153,49
3573,20231213,73,8,132,123,9,54
3574,20240105,74,8,255,156,99,32
3575,20230111,75,8,245,108,137,46
3576,20220928,76,8,83,50,33,35
3577,20230809,77,8,51,45,6,41
3578,20220423,78,8,193,119,74,51
3579,20241003,79,8,241,62,179,27
3580,20230308,80,8,196,89,107,29
3581,20230120,81,8,139,85,54,57
3582,20220608,82,8,70,57,13,58
3583,20231106,83,8,140,10,130,29
3584,20231009,84,8,81,56,25,27
3585,20220815,85,8,152,62,90,44
3586,20230306,86,8,233,31,202,37
3587,20230717,87,8,139,103,36,43
3588,20220313,88,8,300,184,116,27
3589,20240613,89,8,92,72,20,55
3590,20241018,90,8,116,17,99,52
3591,20230408,91,8,117,26,91,27
3592,20241203,92,8,163,93,70,43
3593,20220605,93,8,242,28,214,22
3594,20240618,94,8,86,14,72,50
3595,20220111,95,8,118,88,30,22
3596,20240909,96,8,114,15,99,60
3597,20220819,97,8,200,71,129,29
3598,20230316,98,8,78,11,67,43
3599,20221220,99,8,230,163,67,60
3600,20220807,100,8,122,15,107,21
3601,20230224,101,8,281,59,222,45
3602,20230328,102,8,200,66,134,36
3603,20230608,103,8,88,84,4,48
3604,20240915,104,8,148,74,74,43
3605,20220605,105,8,81,30,51,43
3606,20240309,106,8,89,83,6,56
3607,20241106,107,8,75,67,8,25
3608,20221210,108,8,104,47,57,25
3609,20230122,109,8,166,10,156,22
3610,20240613,110,8,151,11,140,42
3611,20240212,111,8,234,142,92,52
3612,20221128,112,8,147,82,65,37
3613,20231020,113,8,265,247,18,32
3614,20221206,114,8,198,17,181,21
3615,20220904,115,8,176,33,143,44
3616,20230223,116,8,220,14,206,23
3617,20240301,117,8,133,29,104,50
3618,20230702,118,8,75,10,65,29
3619,20221025,119,8,187,151,36,32
3620,20220208,120,8,59,31,28,31
3621,20221026,121,8,123,16,107,44
3622,20221026,122,8,236,134,102,43
3623,20230615,123,8,191,75,116,30
3624,20240210,124,8,280,151,129,55
3625,20220620,125,8,52,48,4,28
3626,20220303,126,8,161,143,18,38
3627,20240425,127,8,236,61,175,54
3628,20220726,128,8,168,51,117,45
3629,20230721,129,8,235,220,15,30
3630,20220923,130,8,180,178,2,43
3631,20241022,131,8,187,95,92,29
3632,20230521,132,8,137,125,12,36
3633,20241115,133,8,61,27,34,56
3634,20221121,134,8,145,131,14,37
3635,20230305,135,8,207,22,185,32
3636,20220205,136,8,131,88,43,36
3637,20241014,137,8,55,31,24,48
3638,20241230,138,8,197,150,47,31
3639,20231010,139,8,230,57,173,23
3640,20240119,140,8,156,14,142,43
3641,20230805,141,8,165,38,127,30
3642,20220111,142,8,84,79,5,20
3643,20230826,143,8,64,29,35,38
3644,20240725,144,8,259,102,157,47
3645,20240820,145,8,146,57,89,44
3646,20240507,146,8,280,92,188,50
3647,20221205,147,8,234,30,204,43
3648,20240407,148,8,269,58,211,53
3649,20231117,149,8,129,32,97,39
3650,20231030,150,8,58,14,44,44
3651,20220203,151,8,170,79,91,26
3652,20240414,152,8,199,134,65,59
3653,20220103,153,8,225,190,35,44
3654,20220505,154,8,272,173,99,34
3655,20221109,155,8,254,132,122,27
3656,20221016,156,8,288,199,89,47
3657,20230722,157,8,291,99,192,55
3658,20241204,158,8,124,11,113,59
3659,20240731,159,8,273,158,115,48
3660,20220625,160,8,86,71,15,41
3661,20220427,161,8,194,83,111,23
3662,20230119,162,8,126,104,22,20
3663,20230304,163,8,63,58,5,29
3664,20240827,164,8,148,86,62,20
3665,20231205,165,8,65,42,23,53
3666,20241110,166,8,215,106,109,21
3667,20231028,167,8,155,86,69,42
3668,20221201,168,8,147,51,96,20
3669,20241002,169,8,174,73,101,37
3670,20240403,170,8,130,56,74,51
3671,20240508,171,8,295,218,77,56
3672,20220612,172,8,108,77,31,36
3673,20230508,173,8,88,42,46,31
3674,20241001,174,8,212,211,1,56
3675,20241024,175,8,135,56,79,54
3676,20240808,176,8,160,137,23,43
3677,20220306,177,8,77,29,48,45
3678,20231029,178,8,71,29,42,30
3679,20240509,179,8,247,11,236,52
3680,20241107,180,8,79,43,36,48
3681,20240809,181,8,68,19,49,39
3682,20231022,182,8,252,243,9,31
3683,20231212,183,8,111,33,78,23
3684,20220506,184,8,218,145,73,44
3685,20230925,185,8,53,31,22,52
3686,20240209,186,8,120,50,70,50
3687,20231007,187,8,155,64,91,37
3688,20220428,188,8,244,155,89,21
3689,20231230,189,8,101,93,8,27
3690,20220611,190,8,145,121,24,30
3691,20230805,191,8,195,126,69,31
3692,20220509,192,8,239,82,157,25
3693,20220523,193,8,273,65,208,45
3694,20240617,194,8,262,44,218,34
3695,20230413,195,8,131,39,92,40
3696,20240323,196,8,163,100,63,23
3697,20240713,197,8,262,147,115,50
3698,20221209,198,8,147,130,17,52
3699,20241216,199,8,58,28,30,49
3700,20230811,200,8,295,30,265,56
3701,20231130,201,8,78,69,9,24
3702,20240204,202,8,104,71,33,39
3703,20221218,203,8,138,59,79,26
3704,20240715,204,8,139,123,16,31
3705,20240516,205,8,271,17,254,60
3706,20241203,206,8,289,176,113,23
3707,20231123,207,8,210,51,159,23
3708,20240906,208,8,217,101,116,36
3709,20240229,209,8,287,122,165,26
3710,20240215,210,8,134,70,64,38
3711,20240918,211,8,78,41,37,32
3712,20220629,212,8,189,50,139,34
3713,20240414,213,8,86,36,50,24
3714,20240716,214,8,140,13,127,56
3715,20231226,215,8,191,132,59,26
3716,20241007,216,8,245,66,179,42
3717,20231016,217,8,124,11,113,46
3718,20220217,218,8,240,90,150,58
3719,20241205,219,8,78,16,62,44
3720,20220129,220,8,289,52,237,45
3721,20231007,221,8,139,77,62,30
3722,20241121,222,8,66,53,13,50
3723,20241117,223,8,206,113,93,22
3724,20240801,224,8,192,166,26,46
3725,20221116,225,8,163,10,153,44
3726,20230221,226,8,84,36,48,41
3727,20221116,227,8,95,17,78,34
3728,20220102,228,8,129,97,32,43
3729,20221122,229,8,60,45,15,59
3730,20230616,230,8,92,68,24,52
3731,20240115,231,8,165,36,129,38
3732,20230929,232,8,186,47,139,34
3733,20230317,233,8,281,171,110,59
3734,20220301,234,8,222,131,91,20
3735,20240808,235,8,70,55,15,39
3736,20240601,236,8,274,240,34,44
3737,20240311,237,8,140,28,112,30
3738,20240901,238,8,68,19,49,25
3739,20220201,239,8,102,87,15,47
3740,20230530,240,8,117,37,80,59
3741,20230722,241,8,58,24,34,46
3742,20240129,242,8,205,95,110,51
3743,20220801,243,8,120,34,86,32
3744,20240926,244,8,220,65,155,32
3745,20231004,245,8,261,224,37,47
3746,20231227,246,8,188,133,55,44
3747,20230530,247,8,216,215,1,24
3748,20240606,248,8,121,19,102,53
3749,20230619,249,8,51,34,17,57
3750,20230829,250,8,50,18,32,32
3751,20230513,251,8,125,40,85,39
3752,20231011,252,8,225,29,196,54
3753,20230511,253,8,197,171,26,37
3754,20230601,254,8,267,107,160,32
3755,20241006,255,8,205,87,118,52
3756,20230801,256,8,274,211,63,47
3757,20231231,257,8,283,78,205,52
3758,20240127,258,8,299,88,211,60
3759,20240506,259,8,56,12,44,22
3760,20241128,260,8,205,186,19,44
3761,20240902,261,8,198,153,45,34
3762,20230911,262,8,282,276,6,32
3763,20220512,263,8,65,25,40,55
3764,20230201,264,8,250,117,133,26
3765,20240809,265,8,225,92,133,44
3766,20230305,266,8,240,27,213,46
3767,20241102,267,8,212,77,135,52
3768,20240609,268,8,209,93,116,36
3769,20220524,269,8,69,43,26,26
3770,20230505,270,8,137,30,107,28
3771,20221005,271,8,147,57,90,38
3772,20230227,272,8,132,59,73,23
3773,20220924,273,8,274,221,53,25
3774,20221031,274,8,213,88,125,52
3775,20231009,275,8,276,234,42,37
3776,20220523,276,8,100,94,6,53
3777,20220224,277,8,78,18,60,42
3778,20230113,278,8,276,151,125,31
3779,20230209,279,8,72,48,24,52
3780,20230826,280,8,288,266,22,22
3781,20241021,281,8,61,25,36,50
3782,20220107,282,8,120,49,71,46
3783,20230402,283,8,189,19,170,55
3784,20241120,284,8,255,136,119,59
3785,20240320,285,8,67,27,40,59
3786,20240622,286,8,118,54,64,56
3787,20230305,287,8,258,83,175,36
3788,20231208,288,8,119,26,93,27
3789,20220926,289,8,91,14,77,28
3790,20220911,290,8,142,124,18,44
3791,20220801,291,8,143,44,99,51
3792,20220519,292,8,135,93,42,33
3793,20241012,293,8,148,57,91,35
3794,20230722,294,8,155,61,94,35
3795,20240803,295,8,252,125,127,57
3796,20240910,296,8,58,31,27,26
3797,20230607,297,8,286,162,124,46
3798,20221012,298,8,262,37,225,44
3799,20221124,299,8,178,66,112,27
3800,20220512,300,8,203,203,0,28
3801,20221207,301,8,92,23,69,31
3802,20240725,302,8,128,61,67,27
3803,20240109,303,8,108,91,17,33
3804,20230814,304,8,148,77,71,41
3805,20231030,305,8,58,50,8,28
3806,20241028,306,8,99,56,43,27
3807,20220621,307,8,262,83,179,32
3808,20220805,308,8,112,57,55,41
3809,20240601,309,8,285,235,50,42
3810,20240705,310,8,279,110,169,20
3811,20240607,311,8,264,177,87,21
3812,20230121,312,8,88,45,43,50
3813,20230423,313,8,166,133,33,51
3814,20231110,314,8,104,89,15,39
3815,20240905,315,8,187,70,117,34
3816,20230227,316,8,79,58,21,58
3817,20220225,317,8,202,78,124,47
3818,20230109,318,8,268,133,135,30
3819,20230610,319,8,119,43,76,31
3820,20240522,320,8,289,153,136,57
3821,20220922,321,8,71,18,53,57
3822,20220323,322,8,153,145,8,42
3823,20230603,323,8,281,86,195,35
3824,20240825,324,8,93,93,0,37
3825,20220915,325,8,218,136,82,60
3826,20240613,326,8,64,24,40,34
3827,20241012,327,8,178,45,133,52
3828,20241205,328,8,200,129,71,38
3829,20240418,329,8,64,10,54,54
3830,20240612,330,8,182,141,41,42
3831,20221205,331,8,202,81,121,52
3832,20220126,332,8,298,214,84,39
3833,20221007,333,8,266,155,111,51
3834,20240814,334,8,113,36,77,54
3835,20220330,335,8,131,46,85,24
3836,20221002,336,8,183,25,158,47
3837,20241005,337,8,128,97,31,23
3838,20240109,338,8,209,69,140,25
3839,20220927,339,8,122,88,34,31
3840,20230623,340,8,191,74,117,31
3841,20220504,341,8,75,33,42,41
3842,20230913,342,8,91,62,29,30
3843,20240831,343,8,56,32,24,29
3844,20240805,344,8,93,59,34,60
3845,20241105,345,8,248,201,47,40
3846,20240814,346,8,177,37,140,25
3847,20221105,347,8,97,94,3,25
3848,20230123,348,8,147,112,35,48
3849,20220307,349,8,145,76,69,23
3850,20220214,350,8,147,37,110,35
3851,20221024,351,8,99,55,44,20
3852,20230412,352,8,243,21,222,38
3853,20231220,353,8,292,239,53,35
3854,20230712,354,8,69,21,48,58
3855,20220527,355,8,160,42,118,48
3856,20220625,356,8,183,50,133,51
3857,20230813,357,8,184,136,48,32
3858,20230722,358,8,258,88,170,33
3859,20230508,359,8,261,64,197,57
3860,20231230,360,8,135,22,113,44
3861,20240828,361,8,84,78,6,58
3862,20240531,362,8,114,52,62,38
3863,20220902,363,8,271,54,217,43
3864,20230831,364,8,190,15,175,35
3865,20240614,365,8,267,219,48,44
3866,20220827,366,8,73,16,57,45
3867,20230108,367,8,206,63,143,55
3868,20230307,368,8,233,26,207,47
3869,20230427,369,8,73,73,0,57
3870,20230501,370,8,154,10,144,37
3871,20220529,371,8,94,62,32,26
3872,20220814,372,8,76,14,62,23
3873,20241221,373,8,296,164,132,47
3874,20231101,374,8,128,88,40,25
3875,20231228,375,8,187,171,16,25
3876,20241129,376,8,152,89,63,22
3877,20240816,377,8,93,40,53,27
3878,20230223,378,8,148,139,9,51
3879,20230411,379,8,176,163,13,56
3880,20230113,380,8,293,243,50,60
3881,20231127,381,8,226,145,81,51
3882,20220724,382,8,223,82,141,55
3883,20221022,383,8,100,41,59,25
3884,20220621,384,8,130,86,44,59
3885,20240414,385,8,64,63,1,43
3886,20231003,386,8,94,83,11,59
3887,20230503,387,8,225,192,33,32
3888,20240602,388,8,114,38,76,27
3889,20241117,389,8,91,20,71,47
3890,20240215,390,8,71,14,57,35
3891,20220502,391,8,182,55,127,24
3892,20220507,392,8,156,117,39,45
3893,20220518,393,8,124,112,12,60
3894,20220917,394,8,99,44,55,22
3895,20220106,395,8,227,216,11,53
3896,20220701,396,8,154,23,131,49
3897,20240226,397,8,152,131,21,54
3898,20220615,398,8,61,24,37,36
3899,20230202,399,8,53,17,36,36
3900,20231120,400,8,220,122,98,37
3901,20231108,401,8,105,28,77,29
3902,20240228,402,8,90,69,21,53
3903,20240826,403,8,276,149,127,54
3904,20240222,404,8,118,102,16,33
3905,20220726,405,8,246,119,127,32
3906,20240509,406,8,169,158,11,33
3907,20220508,407,8,195,23,172,28
3908,20240811,408,8,297,165,132,28
3909,20220604,409,8,63,21,42,48
3910,20231111,410,8,134,112,22,43
3911,20221021,411,8,297,56,241,26
3912,20240730,412,8,148,13,135,46
3913,20230519,413,8,156,45,111,39
3914,20220504,414,8,167,22,145,59
3915,20220615,415,8,231,24,207,55
3916,20240117,416,8,268,182,86,54
3917,20240525,417,8,140,56,84,51
3918,20230321,418,8,265,65,200,29
3919,20230817,419,8,55,11,44,50
3920,20221026,420,8,205,52,153,53
3921,20231221,421,8,265,239,26,56
3922,20240422,422,8,114,50,64,55
3923,20231125,423,8,286,64,222,48
3924,20240328,424,8,249,23,226,20
3925,20220206,425,8,292,181,111,51
3926,20241230,426,8,243,64,179,46
3927,20230131,427,8,233,89,144,35
3928,20230131,428,8,233,176,57,27
3929,20220423,429,8,107,106,1,27
3930,20240607,430,8,209,78,131,23
3931,20240806,431,8,198,81,117,35
3932,20240109,432,8,292,11,281,48
3933,20240711,433,8,91,83,8,54
3934,20240919,434,8,63,54,9,50
3935,20240417,435,8,243,90,153,22
3936,20221009,436,8,219,21,198,26
3937,20231016,437,8,69,60,9,27
3938,20240407,438,8,100,14,86,49
3939,20231020,439,8,181,116,65,39
3940,20240727,440,8,271,102,169,45
3941,20220902,441,8,135,60,75,30
3942,20231212,442,8,170,20,150,20
3943,20241103,443,8,80,66,14,24
3944,20241227,444,8,268,156,112,51
3945,20231208,445,8,93,73,20,59
3946,20220525,446,8,81,41,40,38
3947,20221007,447,8,206,28,178,27
3948,20240224,448,8,101,31,70,41
3949,20220420,449,8,180,63,117,59
3950,20231126,450,8,258,93,165,50
3951,20230331,451,8,268,242,26,55
3952,20221017,452,8,237,37,200,33
3953,20220615,453,8,63,51,12,43
3954,20230419,454,8,183,135,48,39
3955,20230707,455,8,98,27,71,40
3956,20220522,456,8,124,97,27,36
3957,20230501,457,8,265,63,202,39
3958,20231205,458,8,162,55,107,35
3959,20230912,459,8,274,179,95,23
3960,20221013,460,8,70,12,58,48
3961,20231017,461,8,74,20,54,56
3962,20240510,462,8,54,26,28,41
3963,20241217,463,8,61,24,37,23
3964,20231201,464,8,57,42,15,26
3965,20241202,465,8,105,40,65,32
3966,20220603,466,8,268,181,87,59
3967,20220310,467,8,201,173,28,42
3968,20240730,468,8,298,115,183,31
3969,20230602,469,8,250,166,84,28
3970,20220414,470,8,226,136,90,36
3971,20230913,471,8,148,134,14,52
3972,20240207,472,8,232,62,170,37
3973,20221019,473,8,128,89,39,20
3974,20220518,474,8,241,154,87,23
3975,20220208,475,8,140,55,85,25
3976,20230807,476,8,207,92,115,31
3977,20230226,477,8,100,28,72,56
3978,20231008,478,8,227,55,172,29
3979,20221116,479,8,143,142,1,51
3980,20240722,480,8,282,76,206,34
3981,20220929,481,8,218,70,148,35
3982,20230423,482,8,144,140,4,33
3983,20230125,483,8,250,176,74,58
3984,20230312,484,8,53,46,7,37
3985,20220630,485,8,193,44,149,28
3986,20220105,486,8,210,130,80,23
3987,20220525,487,8,118,48,70,60
3988,20220107,488,8,277,256,21,44
3989,20240828,489,8,140,103,37,44
3990,20230810,490,8,84,69,15,22
3991,20240622,491,8,162,84,78,27
3992,20241119,492,8,134,104,30,41
3993,20241211,493,8,238,177,61,53
3994,20220219,494,8,175,15,160,24
3995,20240610,495,8,281,192,89,28
3996,20240402,496,8,142,52,90,20
3997,20240106,497,8,277,55,222,28
3998,20231228,498,8,68,68,0,42
3999,20241226,499,8,251,33,218,31
4000,20230418,500,8,286,201,85,39
4001,20220503,1,9,250,246,4,31
4002,20220108,2,9,285,200,85,57
4003,20220919,3,9,210,66,144,58
4004,20230225,4,9,152,59,93,47
4005,20240626,5,9,103,51,52,52
4006,20241109,6,9,278,23,255,57
4007,20220331,7,9,189,123,66,49
4008,20230904,8,9,294,161,133,22
4009,20230125,9,9,163,36,127,41
4010,20240826,10,9,67,21,46,59
4011,20230220,11,9,206,122,84,22
4012,20220307,12,9,208,92,116,39
4013,20220917,13,9,295,122,173,56
4014,20221129,14,9,78,13,65,36
4015,20230723,15,9,106,75,31,60
4016,20230731,16,9,217,132,85,25
4017,20230624,17,9,273,195,78,24
4018,20230102,18,9,276,185,91,23
4019,20240927,19,9,142,136,6,50
4020,20220831,20,9,223,200,23,55
4021,20221215,21,9,69,49,20,59
4022,20220117,22,9,159,128,31,59
4023,20231217,23,9,103,44,59,36
4024,20220922,24,9,109,65,44,28
4025,20221201,25,9,157,10,147,55
4026,20240812,26,9,113,29,84,49
4027,20220613,27,9,155,123,32,56
4028,20220523,28,9,206,134,72,40
4029,20220719,29,9,287,127,160,43
4030,20220312,30,9,154,146,8,40
4031,20240930,31,9,250,103,147,56
4032,20240312,32,9,101,98,3,40
4033,20240120,33,9,294,249,45,37
4034,20240722,34,9,172,88,84,32
4035,20221019,35,9,206,98,108,47
4036,20220512,36,9,214,114,100,24
4037,20220324,37,9,96,69,27,26
4038,20220506,38,9,71,14,57,50
4039,20220930,39,9,210,164,46,44
4040,20240218,40,9,298,267,31,28
4041,20221018,41,9,172,167,5,27
4042,20230808,42,9,136,61,75,54
4043,20241128,43,9,64,46,18,38
4044,20230107,44,9,265,21,244,50
4045,20231201,45,9,116,98,18,42
4046,20240430,46,9,220,167,53,33
4047,20220917,47,9,57,24,33,23
4048,20231102,48,9,86,19,67,44
4049,20241020,49,9,138,17,121,39
4050,20240526,50,9,278,170,108,35
4051,20230828,51,9,195,117,78,43
4052,20240907,52,9,104,87,17,20
4053,20230613,53,9,211,30,181,36
4054,20221115,54,9,138,76,62,38
4055,20221227,55,9,77,45,32,54
4056,20221111,56,9,107,16,91,32
4057,20240524,57,9,78,78,0,38
4058,20231012,58,9,66,48,18,44
4059,20230806,59,9,94,38,56,49
4060,20220218,60,9,89,25,64,33
4061,20220713,61,9,288,140,148,49
4062,20230821,62,9,86,10,76,21
4063,20230403,63,9,54,13,41,39
4064,20240826,64,9,265,170,95,26
4065,20231027,65,9,218,24,194,39
4066,20221002,66,9,209,115,94,49
4067,20230628,67,9,57,57,0,22
4068,20240417,68,9,191,33,158,55
4069,20220220,69,9,89,83,6,35
4070,20240326,70,9,226,10,216,38
4071,20220830,71,9,144,135,9,29
4072,20230215,72,9,180,46,134,58
4073,20220903,73,9,195,79,116,24
4074,20241221,74,9,208,96,112,41
4075,20241022,75,9,150,40,110,35
4076,20221121,76,9,148,14,134,38
4077,20240122,77,9,214,174,40,60
4078,20241019,78,9,68,35,33,45
4079,20240216,79,9,144,139,5,39
4080,20240604,80,9,187,47,140,40
4081,20230509,81,9,277,250,27,28
4082,20220215,82,9,271,205,66,48
4083,20221120,83,9,216,30,186,24
4084,20230113,84,9,252,215,37,22
4085,20230125,85,9,61,11,50,54
4086,20230610,86,9,270,66,204,30
4087,20240414,87,9,157,125,32,41
4088,20230823,88,9,150,148,2,44
4089,20240713,89,9,263,95,168,58
4090,20230619,90,9,293,224,69,37
4091,20230216,91,9,233,132,101,59
4092,20241016,92,9,148,112,36,25
4093,20230809,93,9,150,83,67,54
4094,20220616,94,9,286,131,155,37
4095,20230607,95,9,137,16,121,48
4096,20220405,96,9,62,30,32,43
4097,20240211,97,9,178,59,119,49
4098,20241029,98,9,101,66,35,43
4099,20230118,99,9,201,57,144,22
4100,20240620,100,9,68,51,17,38
4101,20221009,101,9,56,51,5,50
4102,20220716,102,9,287,27,260,41
4103,20231109,103,9,110,62,48,55
4104,20221113,104,9,144,18,126,52
4105,20230313,105,9,255,214,41,50
4106,20240117,106,9,189,15,174,25
4107,20230923,107,9,296,289,7,51
4108,20230618,108,9,154,138,16,32
4109,20240707,109,9,165,34,131,28
4110,20240425,110,9,133,129,4,48
4111,20240114,111,9,299,215,84,26
4112,20240403,112,9,278,211,67,36
4113,20240304,113,9,272,168,104,21
4114,20230208,114,9,125,76,49,25
4115,20230511,115,9,188,159,29,30
4116,20230315,116,9,123,87,36,47
4117,20240806,117,9,166,137,29,51
4118,20231119,118,9,68,11,57,46
4119,20241201,119,9,131,30,101,50
4120,20230921,120,9,277,25,252,60
4121,20240910,121,9,128,23,105,57
4122,20240508,122,9,118,85,33,52
4123,20230527,123,9,82,61,21,45
4124,20241113,124,9,130,97,33,57
4125,20220524,125,9,224,82,142,24
4126,20220725,126,9,209,115,94,25
4127,20230831,127,9,123,96,27,47
4128,20241215,128,9,176,95,81,54
4129,20240112,129,9,115,26,89,37
4130,20220729,130,9,270,94,176,27
4131,20220424,131,9,247,60,187,50
4132,20231004,132,9,140,26,114,55
4133,20240103,133,9,193,156,37,28
4134,20240125,134,9,80,66,14,42
4135,20240109,135,9,69,40,29,42
4136,20231223,136,9,155,11,144,22
4137,20240424,137,9,89,34,55,27
4138,20230608,138,9,193,150,43,24
4139,20220224,139,9,243,229,14,59
4140,20220614,140,9,159,159,0,52
4141,20240405,141,9,122,14,108,55
4142,20230227,142,9,212,198,14,36
4143,20240112,143,9,231,61,170,43
4144,20230702,144,9,129,82,47,54
4145,20231217,145,9,238,176,62,55
4146,20230312,146,9,297,38,259,44
4147,20220307,147,9,278,99,179,25
4148,20240611,148,9,291,112,179,31
4149,20221205,149,9,82,41,41,46
4150,20231121,150,9,82,79,3,44
4151,20240117,151,9,61,55,6,32
4152,20220419,152,9,160,117,43,33
4153,20240317,153,9,278,265,13,52
4154,20220520,154,9,207,116,91,42
4155,20230809,155,9,116,29,87,25
4156,20241025,156,9,148,104,44,47
4157,20240301,157,9,118,19,99,41
4158,20231021,158,9,87,36,51,53
4159,20230223,159,9,132,110,22,26
4160,20220226,160,9,103,62,41,28
4161,20221003,161,9,259,39,220,37
4162,20240826,162,9,118,86,32,26
4163,20220915,163,9,53,15,38,35
4164,20241127,164,9,83,40,43,55
4165,20230314,165,9,108,31,77,46
4166,20220422,166,9,205,201,4,58
4167,20220420,167,9,144,47,97,23
4168,20221015,168,9,189,172,17,30
4169,20231118,169,9,282,74,208,38
4170,20240801,170,9,217,139,78,20
4171,20240525,171,9,237,33,204,56
4172,20230127,172,9,160,150,10,51
4173,20220107,173,9,227,195,32,28
4174,20240909,174,9,145,112,33,25
4175,20240703,175,9,74,32,42,47
4176,20240213,176,9,261,13,248,55
4177,20241202,177,9,214,46,168,37
4178,20230608,178,9,112,71,41,40
4179,20230310,179,9,231,131,100,50
4180,20220130,180,9,173,151,22,36
4181,20220216,181,9,102,23,79,58
4182,20230309,182,9,283,120,163,28
4183,20220320,183,9,211,69,142,46
4184,20231110,184,9,122,58,64,20
4185,20240210,185,9,182,84,98,43
4186,20230317,186,9,231,64,167,39
4187,20240515,187,9,179,155,24,21
4188,20220810,188,9,67,19,48,24
4189,20220719,189,9,152,92,60,57
4190,20230503,190,9,101,95,6,44
4191,20240716,191,9,77,19,58,31
4192,20220110,192,9,195,108,87,39
4193,20230324,193,9,295,241,54,31
4194,20220330,194,9,57,52,5,60
4195,20240306,195,9,233,227,6,33
4196,20220104,196,9,180,90,90,56
4197,20220218,197,9,226,102,124,25
4198,20240630,198,9,292,236,56,55
4199,20220206,199,9,297,171,126,33
4200,20221124,200,9,177,60,117,26
4201,20220309,201,9,170,81,89,36
4202,20220713,202,9,117,43,74,27
4203,20241014,203,9,263,33,230,33
4204,20240419,204,9,50,12,38,23
4205,20240510,205,9,186,70,116,54
4206,20231016,206,9,135,16,119,52
4207,20220828,207,9,176,64,112,57
4208,20220314,208,9,196,41,155,48
4209,20241031,209,9,142,71,71,58
4210,20231209,210,9,278,22,256,51
4211,20220420,211,9,292,167,125,27
4212,20240406,212,9,232,229,3,43
4213,20240617,213,9,284,83,201,38
4214,20240909,214,9,82,38,44,37
4215,20240309,215,9,99,56,43,38
4216,20230823,216,9,239,139,100,39
4217,20220524,217,9,150,123,27,60
4218,20231015,218,9,110,109,1,43
4219,20230419,219,9,81,31,50,45
4220,20220314,220,9,175,170,5,40
4221,20221103,221,9,214,17,197,40
4222,20231027,222,9,107,92,15,43
4223,20240711,223,9,160,58,102,26
4224,20230906,224,9,116,15,101,20
4225,20230307,225,9,281,208,73,24
4226,20221130,226,9,162,112,50,26
4227,20220120,227,9,136,70,66,53
4228,20220315,228,9,217,34,183,44
4229,20220316,229,9,295,110,185,20
4230,20221119,230,9,144,18,126,33
4231,20240522,231,9,206,72,134,32
4232,20230514,232,9,108,106,2,39
4233,20220908,233,9,200,132,68,57
4234,20220430,234,9,195,151,44,24
4235,20221104,235,9,75,35,40,60
4236,20220104,236,9,236,209,27,41
4237,20220309,237,9,241,122,119,27
4238,20240908,238,9,202,65,137,21
4239,20230531,239,9,184,172,12,45
4240,20231122,240,9,216,138,78,53
4241,20240828,241,9,166,17,149,29
4242,20230917,242,9,262,178,84,57
4243,20220215,243,9,140,72,68,43
4244,20240322,244,9,66,63,3,34
4245,20240902,245,9,113,100,13,28
4246,20221107,246,9,113,26,87,40
4247,20230418,247,9,158,24,134,51
4248,20221006,248,9,85,85,0,51
4249,20240607,249,9,182,95,87,49
4250,20240604,250,9,177,60,117,23
4251,20231214,251,9,120,106,14,35
4252,20240201,252,9,208,129,79,52
4253,20241004,253,9,125,101,24,22
4254,20240724,254,9,298,96,202,20
4255,20220508,255,9,172,44,128,42
4256,20220121,256,9,140,94,46,53
4257,20240528,257,9,116,110,6,26
4258,20231104,258,9,286,246,40,32
4259,20220321,259,9,92,49,43,31
4260,20230414,260,9,116,35,81,48
4261,20240503,261,9,243,217,26,37
4262,20221210,262,9,85,14,71,56
4263,20230426,263,9,220,217,3,40
4264,20240521,264,9,227,148,79,21
4265,20231003,265,9,123,100,23,23
4266,20221208,266,9,191,84,107,37
4267,20221116,267,9,90,86,4,34
4268,20230519,268,9,54,24,30,41
4269,20240124,269,9,69,65,4,38
4270,20230217,270,9,145,18,127,48
4271,20220726,271,9,61,39,22,20
4272,20240709,272,9,245,79,166,52
4273,20241015,273,9,270,67,203,40
4274,20240709,274,9,259,54,205,57
4275,20230918,275,9,105,94,11,36
4276,20230924,276,9,286,222,64,23
4277,20220717,277,9,158,79,79,40
4278,20240516,278,9,225,29,196,47
4279,20221118,279,9,103,74,29,38
4280,20240724,280,9,213,211,2,28
4281,20231029,281,9,51,46,5,30
4282,20220718,282,9,259,83,176,53
4283,20230415,283,9,116,22,94,27
4284,20230303,284,9,191,12,179,47
4285,20230307,285,9,73,58,15,57
4286,20220311,286,9,216,153,63,21
4287,20241206,287,9,156,123,33,49
4288,20230112,288,9,78,57,21,47
4289,20230303,289,9,217,39,178,20
4290,20221215,290,9,211,141,70,36
4291,20241009,291,9,131,58,73,49
4292,20240731,292,9,208,42,166,32
4293,20240929,293,9,76,20,56,38
4294,20230914,294,9,66,65,1,28
4295,20230324,295,9,286,249,37,48
4296,20220824,296,9,119,61,58,46
4297,20240329,297,9,178,63,115,26
4298,20241231,298,9,251,21,230,52
4299,20231202,299,9,142,30,112,52
4300,20240819,300,9,252,32,220,45
4301,20240503,301,9,162,19,143,43
4302,20220812,302,9,166,128,38,31
4303,20220202,303,9,257,49,208,38
4304,20221105,304,9,276,179,97,42
4305,20220812,305,9,291,132,159,31
4306,20230115,306,9,146,81,65,21
4307,20231125,307,9,97,93,4,46
4308,20230716,308,9,282,143,139,43
4309,20220622,309,9,253,128,125,24
4310,20240130,310,9,57,33,24,47
4311,20241002,311,9,269,152,117,45
4312,20220617,312,9,255,219,36,60
4313,20241031,313,9,101,16,85,36
4314,20230915,314,9,244,139,105,50
4315,20241116,315,9,246,105,141,51
4316,20220521,316,9,92,86,6,28
4317,20220218,317,9,80,26,54,30
4318,20220124,318,9,207,94,113,39
4319,20240615,319,9,93,55,38,50
4320,20241002,320,9,87,49,38,24
4321,20240828,321,9,121,43,78,42
4322,20221006,322,9,142,92,50,22
4323,20220622,323,9,246,231,15,42
4324,20230130,324,9,219,37,182,35
4325,20240929,325,9,96,13,83,48
4326,20241231,326,9,209,166,43,43
4327,20240125,327,9,299,247,52,20
4328,20240723,328,9,93,32,61,48
4329,20241109,329,9,234,20,214,54
4330,20240314,330,9,206,129,77,51
4331,20220501,331,9,96,64,32,21
4332,20240601,332,9,101,55,46,57
4333,20240320,333,9,144,24,120,55
4334,20230819,334,9,54,39,15,26
4335,20230101,335,9,145,28,117,33
4336,20240116,336,9,292,50,242,43
4337,20220130,337,9,92,90,2,47
4338,20220219,338,9,73,64,9,44
4339,20231128,339,9,206,169,37,49
4340,20221029,340,9,269,181,88,39
4341,20240921,341,9,106,11,95,43
4342,20230429,342,9,103,25,78,48
4343,20230211,343,9,265,166,99,51
4344,20221226,344,9,138,76,62,31
4345,20221102,345,9,147,120,27,59
4346,20230211,346,9,233,37,196,56
4347,20230117,347,9,265,85,180,58
4348,20220204,348,9,61,59,2,33
4349,20231201,349,9,94,58,36,22
4350,20221023,350,9,164,24,140,32
4351,20240531,351,9,70,46,24,58
4352,20241024,352,9,155,65,90,50
4353,20230113,353,9,160,17,143,58
4354,20220208,354,9,205,192,13,56
4355,20240718,355,9,298,282,16,34
4356,20220729,356,9,185,126,59,46
4357,20240626,357,9,186,57,129,55
4358,20221220,358,9,255,157,98,32
4359,20220331,359,9,86,33,53,32
4360,20241224,360,9,262,124,138,32
4361,20230513,361,9,153,67,86,32
4362,20221019,362,9,219,114,105,36
4363,20220822,363,9,98,39,59,46
4364,20240901,364,9,134,23,111,39
4365,20220407,365,9,141,60,81,48
4366,20230615,366,9,154,40,114,59
4367,20241029,367,9,225,189,36,46
4368,20240403,368,9,122,62,60,40
4369,20231027,369,9,79,78,1,28
4370,20230402,370,9,161,23,138,23
4371,20230917,371,9,57,15,42,31
4372,20220716,372,9,212,69,143,35
4373,20241007,373,9,174,31,143,55
4374,20230622,374,9,288,195,93,53
4375,20220723,375,9,116,95,21,37
4376,20240327,376,9,84,74,10,29
4377,20220529,377,9,188,145,43,28
4378,20220828,378,9,135,99,36,40
4379,20230408,379,9,297,30,267,21
4380,20231111,380,9,250,212,38,41
4381,20240623,381,9,148,97,51,42
4382,20230222,382,9,202,166,36,57
4383,20220422,383,9,212,195,17,50
4384,20230116,384,9,202,39,163,59
4385,20230518,385,9,218,23,195,52
4386,20241112,386,9,222,33,189,33
4387,20240116,387,9,237,79,158,39
4388,20231125,388,9,224,44,180,26
4389,20230309,389,9,154,53,101,20
4390,20231029,390,9,209,137,72,58
4391,20240318,391,9,149,21,128,28
4392,20240825,392,9,281,125,156,40
4393,20240515,393,9,291,232,59,56
4394,20240124,394,9,163,98,65,59
4395,20220713,395,9,257,115,142,39
4396,20240624,396,9,260,243,17,37
4397,20240115,397,9,170,42,128,35
4398,20231028,398,9,198,176,22,52
4399,20230828,399,9,246,35,211,54
4400,20231221,400,9,160,79,81,46
4401,20231125,401,9,119,63,56,20
4402,20240628,402,9,275,179,96,46
4403,20230820,403,9,142,85,57,41
4404,20240928,404,9,203,15,188,34
4405,20240429,405,9,181,157,24,31
4406,20240511,406,9,219,92,127,53
4407,20220521,407,9,129,97,32,48
4408,20240125,408,9,270,13,257,21
4409,20230115,409,9,53,11,42,29
4410,20220514,410,9,180,124,56,55
4411,20230811,411,9,284,126,158,42
4412,20241025,412,9,133,45,88,44
4413,20241122,413,9,61,40,21,52
4414,20240512,414,9,172,74,98,34
4415,20220826,415,9,131,46,85,38
4416,20240302,416,9,285,187,98,23
4417,20240411,417,9,159,110,49,56
4418,20230516,418,9,160,62,98,26
4419,20220814,419,9,63,38,25,34
4420,20220923,420,9,72,64,8,46
4421,20230428,421,9,83,69,14,57
4422,20240720,422,9,288,84,204,23
4423,20230209,423,9,178,30,148,29
4424,20230719,424,9,125,100,25,47
4425,20230528,425,9,71,64,7,37
4426,20240918,426,9,177,75,102,44
4427,20220201,427,9,117,21,96,23
4428,20220226,428,9,64,56,8,29
4429,20230604,429,9,232,116,116,24
4430,20220612,430,9,243,236,7,24
4431,20230707,431,9,235,105,130,39
4432,20241215,432,9,257,83,174,46
4433,20230507,433,9,126,124,2,27
4434,20241024,434,9,242,84,158,54
4435,20241218,435,9,90,36,54,35
4436,20230226,436,9,107,88,19,34
4437,20220520,437,9,176,108,68,28
4438,20230919,438,9,135,71,64,50
4439,20220330,439,9,58,19,39,53
4440,20220721,440,9,270,16,254,43
4441,20231121,441,9,114,10,104,58
4442,20230317,442,9,185,60,125,59
4443,20220207,443,9,187,52,135,47
4444,20240703,444,9,126,75,51,33
4445,20230403,445,9,267,259,8,52
4446,20240301,446,9,281,38,243,32
4447,20220425,447,9,221,104,117,60
4448,20240304,448,9,128,103,25,44
4449,20231119,449,9,182,178,4,51
4450,20220311,450,9,272,115,157,55
4451,20240207,451,9,260,101,159,20
4452,20221104,452,9,296,86,210,49
4453,20230328,453,9,116,109,7,42
4454,20220323,454,9,58,23,35,60
4455,20220519,455,9,144,86,58,47
4456,20230909,456,9,261,122,139,20
4457,20241209,457,9,169,150,19,56
4458,20220827,458,9,123,48,75,48
4459,20220616,459,9,218,200,18,47
4460,20221105,460,9,241,204,37,20
4461,20230502,461,9,79,46,33,42
4462,20240710,462,9,144,137,7,40
4463,20240617,463,9,164,81,83,54
4464,20220117,464,9,75,41,34,51
4465,20220422,465,9,175,58,117,59
4466,20231007,466,9,181,146,35,42
4467,20220309,467,9,129,12,117,21
4468,20240718,468,9,190,153,37,37
4469,20221019,469,9,132,130,2,56
4470,20230624,470,9,112,12,100,49
4471,20230627,471,9,153,107,46,36
4472,20230419,472,9,101,25,76,42
4473,20231229,473,9,61,39,22,56
4474,20240416,474,9,58,42,16,36
4475,20230310,475,9,138,129,9,22
4476,20241020,476,9,85,74,11,36
4477,20220122,477,9,267,185,82,20
4478,20240911,478,9,233,129,104,54
4479,20240428,479,9,181,85,96,43
4480,20230403,480,9,291,168,123,30
4481,20220723,481,9,223,205,18,40
4482,20240418,482,9,116,44,72,23
4483,20241209,483,9,111,17,94,50
4484,20241219,484,9,171,31,140,29
4485,20240622,485,9,111,12,99,59
4486,20231128,486,9,135,83,52,54
4487,20220404,487,9,107,94,13,35
4488,20220720,488,9,220,200,20,42
4489,20240327,489,9,114,63,51,53
4490,20231122,490,9,147,33,114,34
4491,20230316,491,9,54,38,16,54
4492,20220122,492,9,174,152,22,25
4493,20221101,493,9,179,85,94,54
4494,20240204,494,9,286,269,17,37
4495,20220410,495,9,120,30,90,32
4496,20230512,496,9,55,53,2,60
4497,20240322,497,9,74,15,59,54
4498,20230726,498,9,222,165,57,20
4499,20241120,499,9,135,27,108,53
4500,20240719,500,9,163,118,45,43
4501,20230531,1,10,100,40,60,21
4502,20231031,2,10,162,83,79,30
4503,20240612,3,10,188,90,98,44
4504,20230401,4,10,71,14,57,55
4505,20220808,5,10,225,89,136,48
4506,20220831,6,10,248,78,170,45
4507,20240708,7,10,241,225,16,50
4508,20240722,8,10,204,134,70,28
4509,20240406,9,10,62,55,7,59
4510,20240519,10,10,68,36,32,59
4511,20240211,11,10,206,164,42,51
4512,20240421,12,10,97,84,13,22
4513,20221110,13,10,194,158,36,52
4514,20241214,14,10,293,143,150,45
4515,20240706,15,10,267,70,197,27
4516,20230216,16,10,229,218,11,29
4517,20230521,17,10,154,81,73,25
4518,20220726,18,10,248,20,228,35
4519,20240825,19,10,244,37,207,45
4520,20241102,20,10,59,12,47,47
4521,20220924,21,10,72,27,45,32
4522,20240712,22,10,280,154,126,37
4523,20220913,23,10,109,102,7,59
4524,20230320,24,10,285,55,230,22
4525,20231122,25,10,155,120,35,43
4526,20240718,26,10,120,51,69,31
4527,20220823,27,10,262,21,241,42
4528,20240515,28,10,64,27,37,34
4529,20241115,29,10,87,63,24,55
4530,20231211,30,10,238,109,129,44
4531,20230521,31,10,172,47,125,54
4532,20230420,32,10,257,16,241,28
4533,20240912,33,10,299,233,66,49
4534,20240209,34,10,126,117,9,50
4535,20220105,35,10,110,110,0,53
4536,20220711,36,10,80,80,0,43
4537,20230614,37,10,144,23,121,23
4538,20221119,38,10,283,46,237,51
4539,20220927,39,10,100,63,37,54
4540,20221221,40,10,225,155,70,44
4541,20241027,41,10,180,52,128,38
4542,20231224,42,10,214,205,9,49
4543,20220323,43,10,279,182,97,23
4544,20240806,44,10,146,83,63,31
4545,20220215,45,10,228,166,62,52
4546,20240628,46,10,50,46,4,30
4547,20230328,47,10,76,25,51,36
4548,20221220,48,10,74,63,11,20
4549,20241024,49,10,152,13,139,44
4550,20231104,50,10,68,43,25,48
4551,20220507,51,10,132,104,28,51
4552,20221212,52,10,168,138,30,21
4553,20241109,53,10,240,87,153,49
4554,20220429,54,10,271,260,11,28
4555,20230428,55,10,216,165,51,45
4556,20221010,56,10,116,107,9,20
4557,20241020,57,10,82,34,48,28
4558,20221021,58,10,292,115,177,58
4559,20240910,59,10,171,151,20,49
4560,20231129,60,10,196,26,170,36
4561,20221209,61,10,263,259,4,29
4562,20231125,62,10,55,32,23,35
4563,20240523,63,10,270,207,63,32
4564,20230616,64,10,178,130,48,51
4565,20240422,65,10,104,73,31,52
4566,20230514,66,10,221,129,92,37
4567,20241031,67,10,147,45,102,20
4568,20230831,68,10,139,93,46,48
4569,20221126,69,10,69,43,26,47
4570,20220209,70,10,108,66,42,53
4571,20240929,71,10,85,79,6,42
4572,20221118,72,10,212,178,34,50
4573,20220414,73,10,268,100,168,23
4574,20220323,74,10,61,28,33,51
4575,20240921,75,10,105,89,16,50
4576,20220713,76,10,284,151,133,57
4577,20240829,77,10,205,191,14,25
4578,20231018,78,10,199,161,38,33
4579,20221201,79,10,137,123,14,29
4580,20230118,80,10,203,42,161,27
4581,20240618,81,10,228,102,126,40
4582,20240217,82,10,209,105,104,46
4583,20220410,83,10,299,202,97,60
4584,20220624,84,10,107,47,60,51
4585,20240220,85,10,294,90,204,30
4586,20230505,86,10,194,120,74,34
4587,20240324,87,10,75,50,25,24
4588,20220703,88,10,90,64,26,26
4589,20230413,89,10,58,17,41,37
4590,20230924,90,10,185,142,43,58
4591,20221225,91,10,143,77,66,28
4592,20240616,92,10,83,60,23,32
4593,20230903,93,10,287,194,93,43
4594,20220203,94,10,55,20,35,24
4595,20220810,95,10,142,100,42,48
4596,20231031,96,10,93,61,32,24
4597,20241210,97,10,268,12,256,20
4598,20241017,98,10,75,38,37,20
4599,20230816,99,10,232,186,46,37
4600,20220511,100,10,204,26,178,44
4601,20230216,101,10,185,175,10,34
4602,20240723,102,10,75,13,62,47
4603,20220625,103,10,275,234,41,44
4604,20240707,104,10,70,41,29,32
4605,20220516,105,10,182,116,66,40
4606,20240909,106,10,88,54,34,60
4607,20230313,107,10,99,67,32,25
4608,20240214,108,10,283,179,104,57
4609,20240903,109,10,296,58,238,37
4610,20240304,110,10,127,88,39,29
4611,20240106,111,10,213,121,92,43
4612,20240105,112,10,159,31,128,44
4613,20241210,113,10,167,70,97,50
4614,20240301,114,10,224,98,126,51
4615,20220111,115,10,188,24,164,51
4616,20221106,116,10,159,20,139,35
4617,20240704,117,10,87,34,53,33
4618,20240127,118,10,275,111,164,54
4619,20220319,119,10,194,14,180,51
4620,20220906,120,10,269,141,128,50
4621,20230330,121,10,179,174,5,29
4622,20230729,122,10,202,107,95,49
4623,20240309,123,10,175,171,4,39
4624,20240420,124,10,204,64,140,47
4625,20220226,125,10,63,25,38,26
4626,20220623,126,10,142,130,12,30
4627,20240906,127,10,279,57,222,51
4628,20230112,128,10,285,180,105,43
4629,20230810,129,10,133,89,44,22
4630,20230815,130,10,272,61,211,56
4631,20240108,131,10,243,36,207,45
4632,20221222,132,10,206,149,57,58
4633,20241124,133,10,156,103,53,57
4634,20230626,134,10,107,14,93,40
4635,20220728,135,10,292,108,184,55
4636,20231005,136,10,137,32,105,45
4637,20230803,137,10,275,67,208,44
4638,20240412,138,10,77,74,3,26
4639,20240112,139,10,200,36,164,52
4640,20220620,140,10,79,18,61,22
4641,20220708,141,10,52,16,36,48
4642,20220628,142,10,115,47,68,24
4643,20220209,143,10,256,59,197,46
4644,20220401,144,10,152,23,129,59
4645,20230326,145,10,209,129,80,29
4646,20220618,146,10,115,60,55,50
4647,20241121,147,10,212,96,116,30
4648,20230512,148,10,108,90,18,35
4649,20230519,149,10,163,38,125,51
4650,20241221,150,10,294,34,260,56
4651,20221001,151,10,52,30,22,28
4652,20220801,152,10,57,16,41,25
4653,20230128,153,10,194,96,98,45
4654,20240120,154,10,250,229,21,52
4655,20230131,155,10,116,95,21,48
4656,20240721,156,10,268,22,246,33
4657,20220803,157,10,281,211,70,22
4658,20241126,158,10,273,40,233,20
4659,20220805,159,10,132,87,45,33
4660,20221011,160,10,144,133,11,37
4661,20231110,161,10,143,24,119,53
4662,20230227,162,10,176,143,33,38
4663,20240212,163,10,267,124,143,29
4664,20240826,164,10,89,42,47,55
4665,20220708,165,10,148,74,74,38
4666,20230926,166,10,70,16,54,42
4667,20220126,167,10,268,217,51,53
4668,20230512,168,10,251,142,109,26
4669,20220412,169,10,159,132,27,36
4670,20220928,170,10,213,50,163,35
4671,20230817,171,10,75,16,59,50
4672,20221211,172,10,218,12,206,33
4673,20221120,173,10,59,11,48,51
4674,20230430,174,10,212,129,83,36
4675,20220812,175,10,234,59,175,39
4676,20231012,176,10,223,93,130,29
4677,20230615,177,10,220,149,71,36
4678,20230420,178,10,107,39,68,50
4679,20231018,179,10,243,155,88,34
4680,20220128,180,10,271,111,160,54
4681,20240325,181,10,122,122,0,35
4682,20240211,182,10,128,119,9,43
4683,20241112,183,10,254,128,126,58
4684,20231006,184,10,284,29,255,43
4685,20220119,185,10,290,247,43,58
4686,20230902,186,10,256,212,44,53
4687,20220103,187,10,295,243,52,36
4688,20220504,188,10,217,83,134,30
4689,20230630,189,10,278,14,264,33
4690,20230524,190,10,169,58,111,22
4691,20221130,191,10,69,26,43,22
4692,20230901,192,10,300,226,74,36
4693,20230424,193,10,173,143,30,43
4694,20230704,194,10,76,28,48,52
4695,20230417,195,10,169,86,83,34
4696,20230206,196,10,217,140,77,38
4697,20230901,197,10,57,41,16,20
4698,20220318,198,10,293,232,61,37
4699,20221024,199,10,143,39,104,55
4700,20220609,200,10,229,153,76,42
4701,20231015,201,10,245,55,190,31
4702,20241027,202,10,218,23,195,43
4703,20230730,203,10,230,84,146,36
4704,20230617,204,10,95,42,53,28
4705,20240420,205,10,249,215,34,43
4706,20240915,206,10,55,27,28,36
4707,20220605,207,10,242,147,95,35
4708,20230131,208,10,102,96,6,42
4709,20220416,209,10,200,143,57,54
4710,20230304,210,10,85,78,7,55
4711,20240601,211,10,95,80,15,32
4712,20240906,212,10,183,22,161,39
4713,20240628,213,10,279,270,9,22
4714,20230711,214,10,152,11,141,41
4715,20240725,215,10,78,69,9,22
4716,20220703,216,10,177,36,141,27
4717,20221011,217,10,281,83,198,34
4718,20230531,218,10,140,62,78,57
4719,20231227,219,10,200,45,155,36
4720,20231102,220,10,185,28,157,54
4721,20231225,221,10,255,31,224,40
4722,20220820,222,10,282,157,125,21
4723,20220115,223,10,249,134,115,21
4724,20240502,224,10,86,75,11,33
4725,20220109,225,10,269,47,222,44
4726,20241214,226,10,89,26,63,28
4727,20220711,227,10,159,134,25,47
4728,20241015,228,10,245,212,33,27
4729,20240102,229,10,275,61,214,22
4730,20240213,230,10,167,76,91,29
4731,20220708,231,10,207,103,104,23
4732,20220907,232,10,222,122,100,37
4733,20220613,233,10,209,89,120,25
4734,20240715,234,10,298,262,36,55
4735,20231005,235,10,171,75,96,42
4736,20221031,236,10,123,91,32,25
4737,20241212,237,10,169,124,45,30
4738,20240423,238,10,227,164,63,32
4739,20230223,239,10,128,120,8,27
4740,20220427,240,10,281,217,64,60
4741,20220819,241,10,283,280,3,44
4742,20220908,242,10,121,66,55,24
4743,20230822,243,10,75,62,13,35
4744,20231005,244,10,189,152,37,47
4745,20230309,245,10,260,74,186,46
4746,20220327,246,10,175,103,72,48
4747,20241130,247,10,72,25,47,44
4748,20240605,248,10,270,265,5,30
4749,20221206,249,10,208,106,102,36
4750,20240523,250,10,228,163,65,57
4751,20230725,251,10,273,147,126,24
4752,20230817,252,10,231,25,206,55
4753,20241219,253,10,128,22,106,20
4754,20220905,254,10,298,78,220,51
4755,20221120,255,10,182,20,162,21
4756,20231218,256,10,249,236,13,42
4757,20220215,257,10,196,31,165,26
4758,20230401,258,10,73,24,49,22
4759,20220918,259,10,58,22,36,40
4760,20240712,260,10,193,100,93,24
4761,20220603,261,10,144,112,32,39
4762,20230322,262,10,105,40,65,23
4763,20220815,263,10,238,120,118,41
4764,20240708,264,10,249,79,170,24
4765,20220525,265,10,203,97,106,25
4766,20240703,266,10,126,74,52,35
4767,20220525,267,10,177,83,94,49
4768,20230121,268,10,125,97,28,41
4769,20240628,269,10,251,84,167,36
4770,20230311,270,10,163,46,117,42
4771,20241017,271,10,161,13,148,29
4772,20240729,272,10,244,66,178,59
4773,20240928,273,10,289,242,47,45
4774,20240822,274,10,62,41,21,31
4775,20230512,275,10,203,62,141,38
4776,20220127,276,10,234,200,34,32
4777,20230214,277,10,72,15,57,54
4778,20220716,278,10,98,50,48,54
4779,20230716,279,10,73,40,33,47
4780,20220813,280,10,147,139,8,25
4781,20220905,281,10,253,85,168,60
4782,20221013,282,10,216,160,56,31
4783,20231126,283,10,187,68,119,31
4784,20220813,284,10,127,42,85,57
4785,20220106,285,10,150,87,63,23
4786,20221118,286,10,206,101,105,30
4787,20241105,287,10,172,171,1,28
4788,20220621,288,10,162,47,115,58
4789,20230723,289,10,98,12,86,59
4790,20220131,290,10,146,74,72,40
4791,20230809,291,10,143,36,107,35
4792,20231215,292,10,110,106,4,44
4793,20240720,293,10,130,47,83,60
4794,20240320,294,10,177,127,50,40
4795,20241202,295,10,120,19,101,39
4796,20230423,296,10,67,20,47,60
4797,20240523,297,10,148,121,27,36
4798,20230713,298,10,281,50,231,21
4799,20230413,299,10,93,48,45,44
4800,20231115,300,10,156,106,50,20
4801,20220103,301,10,59,44,15,43
4802,20240611,302,10,257,79,178,56
4803,20230605,303,10,216,98,118,46
4804,20240122,304,10,221,131,90,58
4805,20240702,305,10,117,74,43,55
4806,20240406,306,10,269,133,136,27
4807,20220904,307,10,60,36,24,37
4808,20241231,308,10,81,61,20,26
4809,20240703,309,10,196,94,102,43
4810,20240717,310,10,207,173,34,45
4811,20230524,311,10,53,26,27,55
4812,20230223,312,10,177,146,31,40
4813,20231101,313,10,197,167,30,41
4814,20240127,314,10,99,45,54,24
4815,20230523,315,10,272,162,110,37
4816,20220626,316,10,173,166,7,60
4817,20231216,317,10,120,46,74,32
4818,20240927,318,10,288,50,238,20
4819,20230818,319,10,245,107,138,28
4820,20220629,320,10,170,110,60,46
4821,20221027,321,10,288,97,191,50
4822,20230722,322,10,57,56,1,26
4823,20231010,323,10,214,113,101,60
4824,20230727,324,10,55,22,33,54
4825,20240818,325,10,164,97,67,33
4826,20220612,326,10,251,152,99,57
4827,20240907,327,10,279,241,38,27
4828,20230613,328,10,159,128,31,24
4829,20240520,329,10,268,185,83,48
4830,20240117,330,10,126,16,110,52
4831,20220802,331,10,145,29,116,44
4832,20231219,332,10,161,45,116,35
4833,20230709,333,10,118,98,20,45
4834,20240822,334,10,230,21,209,35
4835,20220410,335,10,261,93,168,25
4836,20220513,336,10,231,81,150,47
4837,20230222,337,10,81,22,59,23
4838,20230106,338,10,219,66,153,50
4839,20220505,339,10,208,19,189,52
4840,20240828,340,10,154,77,77,46
4841,20240209,341,10,205,195,10,54
4842,20240331,342,10,228,143,85,41
4843,20220610,343,10,81,21,60,36
4844,20240122,344,10,53,35,18,44
4845,20240914,345,10,230,147,83,45
4846,20230712,346,10,166,69,97,42
4847,20241206,347,10,210,162,48,24
4848,20230429,348,10,134,114,20,59
4849,20220604,349,10,137,28,109,32
4850,20230115,350,10,217,158,59,22
4851,20231008,351,10,225,71,154,52
4852,20230723,352,10,53,40,13,30
4853,20230717,353,10,205,56,149,41
4854,20220802,354,10,238,216,22,43
4855,20230703,355,10,280,279,1,59
4856,20241114,356,10,260,24,236,52
4857,20220622,357,10,222,39,183,25
4858,20240801,358,10,286,216,70,54
4859,20230605,359,10,183,173,10,39
4860,20230702,360,10,243,166,77,53
4861,20240115,361,10,100,69,31,51
4862,20230721,362,10,70,64,6,48
4863,20220306,363,10,204,88,116,34
4864,20220117,364,10,107,43,64,56
4865,20221207,365,10,151,51,100,49
4866,20230413,366,10,251,99,152,22
4867,20220917,367,10,206,14,192,51
4868,20220124,368,10,290,178,112,58
4869,20230917,369,10,166,68,98,23
4870,20221229,370,10,197,194,3,57
4871,20240727,371,10,195,155,40,40
4872,20230523,372,10,213,136,77,52
4873,20240304,373,10,206,177,29,31
4874,20221220,374,10,227,174,53,48
4875,20220911,375,10,267,258,9,35
4876,20230201,376,10,211,112,99,26
4877,20241203,377,10,217,31,186,29
4878,20230205,378,10,213,14,199,30
4879,20230613,379,10,281,66,215,22
4880,20240415,380,10,234,81,153,31
4881,20220113,381,10,156,32,124,25
4882,20230328,382,10,156,88,68,58
4883,20240911,383,10,157,90,67,57
4884,20241223,384,10,195,189,6,54
4885,20230303,385,10,158,143,15,24
4886,20220720,386,10,202,88,114,34
4887,20221207,387,10,140,52,88,37
4888,20240118,388,10,195,138,57,54
4889,20230517,389,10,288,179,109,38
4890,20240126,390,10,219,143,76,30
4891,20240810,391,10,240,77,163,45
4892,20240813,392,10,257,25,232,50
4893,20220723,393,10,98,57,41,44
4894,20230217,394,10,181,58,123,31
4895,20221013,395,10,279,278,1,27
4896,20231024,396,10,217,39,178,55
4897,20230820,397,10,99,32,67,45
4898,20230223,398,10,50,28,22,59
4899,20230708,399,10,236,167,69,59
4900,20240620,400,10,112,41,71,21
4901,20220405,401,10,206,172,34,49
4902,20221231,402,10,298,127,171,24
4903,20230917,403,10,138,43,95,34
4904,20240405,404,10,108,44,64,43
4905,20230727,405,10,169,116,53,29
4906,20230806,406,10,70,43,27,60
4907,20240126,407,10,148,32,116,28
4908,20220202,408,10,276,167,109,43
4909,20230312,409,10,102,26,76,48
4910,20230521,410,10,93,41,52,38
4911,20220725,411,10,104,49,55,29
4912,20241108,412,10,176,123,53,20
4913,20240229,413,10,251,28,223,39
4914,20230320,414,10,59,29,30,36
4915,20231212,415,10,297,117,180,60
4916,20241207,416,10,155,119,36,26
4917,20240321,417,10,74,29,45,53
4918,20231016,418,10,166,166,0,48
4919,20241224,419,10,258,141,117,31
4920,20230119,420,10,117,53,64,59
4921,20241016,421,10,56,30,26,46
4922,20220609,422,10,231,91,140,48
4923,20230514,423,10,132,23,109,47
4924,20220101,424,10,79,41,38,34
4925,20220418,425,10,236,24,212,46
4926,20230901,426,10,88,34,54,27
4927,20220507,427,10,205,98,107,41
4928,20230211,428,10,120,61,59,23
4929,20230818,429,10,205,185,20,20
4930,20241116,430,10,149,114,35,54
4931,20240701,431,10,93,44,49,26
4932,20220616,432,10,278,21,257,34
4933,20220323,433,10,139,33,106,40
4934,20230211,434,10,144,141,3,41
4935,20231031,435,10,79,35,44,41
4936,20230523,436,10,180,117,63,24
4937,20220405,437,10,65,39,26,28
4938,20230806,438,10,236,186,50,46
4939,20230114,439,10,190,73,117,46
4940,20241230,440,10,192,165,27,43
4941,20241230,441,10,159,35,124,37
4942,20230128,442,10,290,96,194,51
4943,20231223,443,10,104,44,60,59
4944,20221025,444,10,153,122,31,59
4945,20241024,445,10,225,196,29,25
4946,20220614,446,10,236,174,62,55
4947,20240901,447,10,210,208,2,37
4948,20241102,448,10,125,54,71,32
4949,20221025,449,10,143,138,5,59
4950,20241130,450,10,253,233,20,49
4951,20230126,451,10,289,95,194,21
4952,20220319,452,10,100,47,53,36
4953,20220131,453,10,237,13,224,51
4954,20240115,454,10,224,177,47,38
4955,20220107,455,10,150,66,84,32
4956,20230802,456,10,240,85,155,57
4957,20221216,457,10,286,123,163,20
4958,20240403,458,10,227,201,26,46
4959,20230306,459,10,233,66,167,31
4960,20240504,460,10,170,107,63,42
4961,20240410,461,10,159,142,17,37
4962,20221208,462,10,114,98,16,56
4963,20220710,463,10,151,20,131,32
4964,20220603,464,10,254,54,200,56
4965,20220614,465,10,218,16,202,32
4966,20240115,466,10,66,37,29,55
4967,20240112,467,10,97,33,64,49
4968,20220422,468,10,110,110,0,44
4969,20240321,469,10,214,168,46,23
4970,20240907,470,10,79,10,69,36
4971,20240722,471,10,235,106,129,47
4972,20220619,472,10,279,80,199,41
4973,20220514,473,10,131,115,16,22
4974,20220831,474,10,87,62,25,43
4975,20220512,475,10,118,56,62,51
4976,20230930,476,10,232,181,51,26
4977,20220910,477,10,228,75,153,42
4978,20241025,478,10,298,248,50,47
4979,20241205,479,10,243,69,174,49
4980,20220617,480,10,71,11,60,46
4981,20240316,481,10,108,65,43,20
4982,20230824,482,10,74,53,21,44
4983,20241221,483,10,117,114,3,57
4984,20220325,484,10,219,197,22,23
4985,20220109,485,10,266,251,15,30
4986,20230108,486,10,149,91,58,34
4987,20240118,487,10,97,20,77,41
4988,20220827,488,10,263,242,21,33
4989,20221023,489,10,192,100,92,26
4990,20220519,490,10,138,52,86,41
4991,20240925,491,10,298,75,223,38
4992,20240529,492,10,99,93,6,52
4993,20230508,493,10,279,213,66,30
4994,20220114,494,10,223,117,106,31
4995,20221102,495,10,239,128,111,22
4996,20230717,496,10,82,64,18,47
4997,20220305,497,10,80,55,25,46
4998,20230924,498,10,198,191,7,55
4999,20221213,499,10,144,55,89,22
5000,20220608,500,10,53,29,24,53
5001,20221008,1,11,257,17,240,26
5002,20230818,2,11,61,17,44,38
5003,20240707,3,11,229,61,168,28
5004,20240329,4,11,234,224,10,44
5005,20221122,5,11,266,81,185,33
5006,20220426,6,11,135,115,20,38
5007,20241101,7,11,184,180,4,38
5008,20241110,8,11,219,48,171,35
5009,20220419,9,11,168,108,60,54
5010,20230428,10,11,89,79,10,59
5011,20220515,11,11,150,48,102,28
5012,20231115,12,11,92,59,33,24
5013,20230121,13,11,165,153,12,42
5014,20240225,14,11,159,145,14,57
5015,20230120,15,11,273,69,204,43
5016,20220616,16,11,287,227,60,32
5017,20220317,17,11,92,87,5,57
5018,20230628,18,11,249,236,13,33
5019,20220610,19,11,273,66,207,25
5020,20240929,20,11,92,49,43,31
5021,20221225,21,11,231,131,100,35
5022,20230129,22,11,163,25,138,48
5023,20221111,23,11,134,22,112,23
5024,20230118,24,11,245,13,232,59
5025,20230717,25,11,66,29,37,22
5026,20220504,26,11,209,132,77,24
5027,20221215,27,11,147,139,8,24
5028,20230403,28,11,248,128,120,37
5029,20221227,29,11,183,121,62,54
5030,20240520,30,11,157,72,85,24
5031,20241231,31,11,169,141,28,22
5032,20220622,32,11,229,161,68,36
5033,20230927,33,11,258,154,104,24
5034,20240611,34,11,65,19,46,59
5035,20220728,35,11,66,43,23,48
5036,20230919,36,11,169,17,152,54
5037,20230404,37,11,182,42,140,32
5038,20240428,38,11,73,28,45,48
5039,20220221,39,11,249,181,68,49
5040,20240216,40,11,130,54,76,27
5041,20220213,41,11,252,32,220,23
5042,20220117,42,11,87,10,77,36
5043,20221101,43,11,141,28,113,60
5044,20241001,44,11,187,146,41,53
5045,20240430,45,11,168,163,5,21
5046,20240312,46,11,132,126,6,52
5047,20231126,47,11,85,56,29,55
5048,20220406,48,11,294,262,32,40
5049,20231220,49,11,122,53,69,32
5050,20221106,50,11,250,117,133,50
5051,20240102,51,11,162,48,114,20
5052,20220123,52,11,64,57,7,49
5053,20240824,53,11,211,27,184,25
5054,20220226,54,11,189,71,118,43
5055,20241116,55,11,240,68,172,28
5056,20220718,56,11,66,13,53,38
5057,20220208,57,11,242,159,83,57
5058,20220213,58,11,140,61,79,36
5059,20230322,59,11,89,87,2,59
5060,20220813,60,11,260,229,31,35
5061,20240114,61,11,257,119,138,60
5062,20220623,62,11,55,26,29,44
5063,20240216,63,11,54,52,2,60
5064,20230102,64,11,114,81,33,31
5065,20221129,65,11,182,59,123,48
5066,20230202,66,11,279,174,105,48
5067,20241127,67,11,96,43,53,41
5068,20220730,68,11,278,262,16,51
5069,20240607,69,11,72,43,29,44
5070,20240908,70,11,101,65,36,45
5071,20240614,71,11,202,158,44,50
5072,20240321,72,11,269,150,119,40
5073,20241229,73,11,274,253,21,51
5074,20240713,74,11,288,192,96,41
5075,20230830,75,11,224,10,214,40
5076,20220603,76,11,69,33,36,27
5077,20230920,77,11,233,221,12,48
5078,20230824,78,11,262,156,106,40
5079,20220211,79,11,143,49,94,20
5080,20220717,80,11,152,78,74,31
5081,20221221,81,11,105,34,71,51
5082,20230321,82,11,220,210,10,57
5083,20241004,83,11,256,254,2,52
5084,20240105,84,11,222,138,84,33
5085,20230317,85,11,96,27,69,30
5086,20220309,86,11,67,43,24,54
5087,20240509,87,11,130,58,72,54
5088,20230726,88,11,77,54,23,29
5089,20220910,89,11,208,39,169,28
5090,20230819,90,11,193,88,105,45
5091,20230424,91,11,122,10,112,55
5092,20230609,92,11,269,214,55,60
5093,20241214,93,11,186,87,99,57
5094,20240923,94,11,217,46,171,32
5095,20220802,95,11,199,182,17,31
5096,20240623,96,11,57,31,26,32
5097,20241123,97,11,154,147,7,23
5098,20231126,98,11,199,35,164,20
5099,20241112,99,11,295,156,139,55
5100,20240706,100,11,267,34,233,41
5101,20231017,101,11,233,44,189,46
5102,20230409,102,11,72,60,12,28
5103,20220731,103,11,110,25,85,50
5104,20230112,104,11,214,129,85,32
5105,20230820,105,11,171,140,31,47
5106,20230815,106,11,282,111,171,37
5107,20220119,107,11,76,31,45,47
5108,20240302,108,11,234,50,184,35
5109,20220813,109,11,285,119,166,42
5110,20220301,110,11,72,54,18,52
5111,20230828,111,11,125,121,4,52
5112,20240615,112,11,73,67,6,27
5113,20220520,113,11,141,87,54,30
5114,20220914,114,11,60,56,4,52
5115,20220904,115,11,212,32,180,40
5116,20240213,116,11,283,31,252,40
5117,20230406,117,11,91,73,18,60
5118,20221022,118,11,50,28,22,26
5119,20221121,119,11,261,52,209,22
5120,20220104,120,11,109,57,52,20
5121,20231223,121,11,161,150,11,55
5122,20230830,122,11,118,85,33,52
5123,20240224,123,11,212,136,76,53
5124,20221122,124,11,242,207,35,33
5125,20221129,125,11,83,81,2,21
5126,20220415,126,11,142,61,81,32
5127,20230909,127,11,197,118,79,37
5128,20240623,128,11,64,51,13,26
5129,20240716,129,11,67,53,14,49
5130,20240520,130,11,146,79,67,47
5131,20230211,131,11,150,91,59,60
5132,20230718,132,11,66,25,41,55
5133,20240322,133,11,122,114,8,26
5134,20231031,134,11,118,113,5,20
5135,20231114,135,11,66,15,51,23
5136,20230426,136,11,119,66,53,31
5137,20230119,137,11,54,25,29,25
5138,20230621,138,11,224,120,104,24
5139,20230723,139,11,154,12,142,59
5140,20240130,140,11,241,152,89,21
5141,20240328,141,11,167,89,78,38
5142,20230210,142,11,93,83,10,20
5143,20221006,143,11,55,38,17,20
5144,20241027,144,11,151,151,0,47
5145,20241020,145,11,107,80,27,39
5146,20240107,146,11,266,206,60,35
5147,20240915,147,11,114,92,22,22
5148,20220507,148,11,248,230,18,28
5149,20241216,149,11,254,95,159,43
5150,20240315,150,11,182,85,97,42
5151,20241029,151,11,64,27,37,37
5152,20241227,152,11,124,35,89,51
5153,20220224,153,11,81,20,61,39
5154,20240221,154,11,134,21,113,58
5155,20240903,155,11,61,33,28,49
5156,20241014,156,11,215,162,53,41
5157,20220115,157,11,205,163,42,46
5158,20240509,158,11,278,277,1,46
5159,20240603,159,11,243,85,158,27
5160,20240124,160,11,149,115,34,27
5161,20220317,161,11,220,171,49,33
5162,20220529,162,11,277,95,182,42
5163,20240430,163,11,60,36,24,36
5164,20241220,164,11,107,36,71,60
5165,20220716,165,11,210,175,35,56
5166,20220430,166,11,218,210,8,48
5167,20221216,167,11,179,17,162,46
5168,20240229,168,11,127,124,3,38
5169,20231227,169,11,147,119,28,24
5170,20230607,170,11,253,199,54,57
5171,20220426,171,11,271,84,187,38
5172,20230719,172,11,56,33,23,26
5173,20220615,173,11,76,55,21,29
5174,20240824,174,11,87,45,42,49
5175,20240720,175,11,226,72,154,39
5176,20220924,176,11,56,17,39,24
5177,20230630,177,11,83,46,37,34
5178,20240229,178,11,261,45,216,39
5179,20240412,179,11,130,18,112,41
5180,20230107,180,11,234,52,182,46
5181,20220226,181,11,173,31,142,43
5182,20240429,182,11,72,14,58,38
5183,20230811,183,11,165,118,47,32
5184,20240812,184,11,184,117,67,48
5185,20240204,185,11,206,16,190,55
5186,20230808,186,11,246,159,87,26
5187,20220121,187,11,246,40,206,26
5188,20231010,188,11,75,39,36,47
5189,20230408,189,11,129,95,34,36
5190,20230111,190,11,250,158,92,32
5191,20241102,191,11,137,36,101,27
5192,20220721,192,11,205,12,193,39
5193,20240305,193,11,100,71,29,31
5194,20230329,194,11,175,82,93,36
5195,20230223,195,11,127,113,14,56
5196,20240617,196,11,127,14,113,59
5197,20241004,197,11,68,17,51,52
5198,20230117,198,11,104,73,31,35
5199,20220414,199,11,274,185,89,57
5200,20221027,200,11,170,127,43,38
5201,20220817,201,11,120,40,80,20
5202,20230212,202,11,127,52,75,34
5203,20221220,203,11,211,81,130,55
5204,20220320,204,11,261,171,90,46
5205,20240529,205,11,174,107,67,26
5206,20220312,206,11,132,109,23,40
5207,20240511,207,11,290,262,28,52
5208,20220821,208,11,262,152,110,54
5209,20230603,209,11,112,11,101,55
5210,20220504,210,11,64,49,15,59
5211,20230628,211,11,241,86,155,51
5212,20241223,212,11,190,100,90,32
5213,20241011,213,11,77,60,17,23
5214,20240602,214,11,77,40,37,34
5215,20230413,215,11,210,157,53,42
5216,20220331,216,11,258,56,202,25
5217,20241211,217,11,169,15,154,52
5218,20220223,218,11,252,125,127,23
5219,20240328,219,11,64,59,5,39
5220,20220608,220,11,188,147,41,60
5221,20231224,221,11,111,106,5,60
5222,20231204,222,11,153,95,58,48
5223,20230726,223,11,105,67,38,24
5224,20240508,224,11,111,99,12,58
5225,20220611,225,11,282,91,191,40
5226,20220120,226,11,220,95,125,54
5227,20241117,227,11,100,77,23,28
5228,20230627,228,11,129,123,6,58
5229,20221119,229,11,289,188,101,32
5230,20220819,230,11,245,16,229,48
5231,20220228,231,11,197,196,1,42
5232,20231220,232,11,148,54,94,33
5233,20220327,233,11,160,141,19,29
5234,20230213,234,11,165,91,74,59
5235,20240114,235,11,193,58,135,24
5236,20240402,236,11,126,52,74,45
5237,20240425,237,11,98,51,47,60
5238,20230704,238,11,284,54,230,48
5239,20220512,239,11,76,35,41,37
5240,20240801,240,11,113,23,90,42
5241,20231024,241,11,137,129,8,47
5242,20231127,242,11,142,60,82,45
5243,20220203,243,11,105,48,57,38
5244,20231215,244,11,244,176,68,58
5245,20220110,245,11,245,187,58,48
5246,20240626,246,11,277,213,64,26
5247,20241225,247,11,240,17,223,42
5248,20240306,248,11,229,73,156,31
5249,20231118,249,11,289,132,157,43
5250,20221219,250,11,208,89,119,24
5251,20240303,251,11,61,46,15,44
5252,20221023,252,11,101,12,89,23
5253,20220501,253,11,234,151,83,23
5254,20221028,254,11,142,69,73,30
5255,20230621,255,11,118,85,33,58
5256,20230717,256,11,284,163,121,21
5257,20231112,257,11,288,46,242,35
5258,20240304,258,11,90,16,74,57
5259,20240509,259,11,229,130,99,40
5260,20240116,260,11,281,69,212,57
5261,20220621,261,11,85,51,34,47
5262,20240611,262,11,56,48,8,44
5263,20220527,263,11,207,170,37,47
5264,20240504,264,11,192,101,91,53
5265,20221221,265,11,66,59,7,34
5266,20240702,266,11,123,55,68,35
5267,20240425,267,11,159,15,144,37
5268,20241023,268,11,125,115,10,42
5269,20240920,269,11,299,293,6,37
5270,20240229,270,11,75,63,12,44
5271,20220812,271,11,230,192,38,51
5272,20230305,272,11,278,263,15,34
5273,20240110,273,11,221,199,22,29
5274,20231020,274,11,186,44,142,46
5275,20230901,275,11,288,154,134,40
5276,20221231,276,11,142,52,90,28
5277,20230802,277,11,116,91,25,31
5278,20220825,278,11,121,70,51,42
5279,20241228,279,11,112,49,63,35
5280,20221128,280,11,249,40,209,59
5281,20240607,281,11,182,145,37,27
5282,20231018,282,11,261,220,41,39
5283,20220310,283,11,162,36,126,34
5284,20240229,284,11,184,149,35,38
5285,20230220,285,11,217,80,137,32
5286,20231024,286,11,206,48,158,39
5287,20220130,287,11,205,49,156,47
5288,20221201,288,11,114,41,73,55
5289,20240702,289,11,245,238,7,40
5290,20230126,290,11,276,45,231,52
5291,20240523,291,11,105,29,76,58
5292,20220218,292,11,243,240,3,35
5293,20230203,293,11,75,59,16,36
5294,20220604,294,11,80,60,20,50
5295,20240707,295,11,148,62,86,58
5296,20220509,296,11,81,57,24,51
5297,20240923,297,11,59,35,24,50
5298,20220106,298,11,133,102,31,25
5299,20240601,299,11,182,161,21,53
5300,20240612,300,11,247,28,219,55
5301,20230115,301,11,139,127,12,30
5302,20220122,302,11,242,101,141,51
5303,20221211,303,11,131,12,119,56
5304,20221016,304,11,235,27,208,43
5305,20220324,305,11,164,49,115,57
5306,20230917,306,11,259,190,69,25
5307,20240412,307,11,254,124,130,23
5308,20241012,308,11,115,83,32,27
5309,20240124,309,11,175,26,149,50
5310,20220308,310,11,177,10,167,59
5311,20240727,311,11,277,83,194,29
5312,20220925,312,11,66,52,14,48
5313,20221227,313,11,187,129,58,34
5314,20241124,314,11,121,96,25,39
5315,20231210,315,11,72,69,3,53
5316,20230611,316,11,179,16,163,21
5317,20220614,317,11,214,75,139,44
5318,20230122,318,11,199,29,170,54
5319,20220912,319,11,131,19,112,53
5320,20241011,320,11,61,58,3,51
5321,20231125,321,11,279,192,87,54
5322,20231230,322,11,154,45,109,55
5323,20220720,323,11,299,97,202,42
5324,20230619,324,11,264,93,171,46
5325,20240519,325,11,81,26,55,41
5326,20241214,326,11,256,253,3,44
5327,20231107,327,11,134,51,83,48
5328,20240817,328,11,221,156,65,49
5329,20220625,329,11,67,65,2,30
5330,20230910,330,11,204,159,45,38
5331,20240419,331,11,264,252,12,23
5332,20240205,332,11,241,42,199,52
5333,20220216,333,11,50,15,35,20
5334,20240606,334,11,286,113,173,56
5335,20240518,335,11,70,33,37,56
5336,20240212,336,11,247,222,25,37
5337,20221128,337,11,152,108,44,38
5338,20230513,338,11,216,44,172,59
5339,20221128,339,11,96,89,7,22
5340,20220503,340,11,182,155,27,24
5341,20231123,341,11,120,93,27,47
5342,20230425,342,11,200,50,150,39
5343,20240703,343,11,238,173,65,38
5344,20220104,344,11,250,104,146,47
5345,20220515,345,11,251,102,149,60
5346,20230325,346,11,117,101,16,53
5347,20220302,347,11,288,237,51,28
5348,20221007,348,11,59,18,41,58
5349,20220321,349,11,150,94,56,58
5350,20240722,350,11,78,52,26,39
5351,20220405,351,11,92,37,55,46
5352,20231115,352,11,274,132,142,38
5353,20220523,353,11,108,95,13,22
5354,20220316,354,11,276,59,217,31
5355,20240402,355,11,106,68,38,57
5356,20240805,356,11,254,146,108,50
5357,20240507,357,11,252,193,59,50
5358,20240521,358,11,161,63,98,23
5359,20240404,359,11,50,17,33,21
5360,20230216,360,11,261,90,171,60
5361,20230912,361,11,165,13,152,33
5362,20220623,362,11,273,109,164,28
5363,20220113,363,11,78,66,12,35
5364,20220927,364,11,192,192,0,23
5365,20240727,365,11,269,134,135,24
5366,20230419,366,11,229,124,105,43
5367,20240125,367,11,126,60,66,45
5368,20240402,368,11,93,84,9,38
5369,20230401,369,11,250,161,89,21
5370,20221220,370,11,190,32,158,24
5371,20231203,371,11,74,10,64,56
5372,20230316,372,11,51,19,32,50
5373,20221029,373,11,62,26,36,28
5374,20240212,374,11,269,173,96,57
5375,20220124,375,11,227,213,14,47
5376,20220626,376,11,130,34,96,27
5377,20230322,377,11,115,68,47,56
5378,20240528,378,11,55,14,41,29
5379,20220209,379,11,246,125,121,59
5380,20240613,380,11,274,256,18,42
5381,20240807,381,11,182,173,9,54
5382,20240809,382,11,258,227,31,21
5383,20231223,383,11,186,67,119,37
5384,20230731,384,11,256,151,105,44
5385,20240928,385,11,298,196,102,29
5386,20241210,386,11,71,40,31,45
5387,20240417,387,11,241,44,197,52
5388,20230401,388,11,295,189,106,51
5389,20230909,389,11,246,235,11,41
5390,20221220,390,11,241,88,153,54
5391,20220525,391,11,87,25,62,53
5392,20231118,392,11,67,15,52,45
5393,20220118,393,11,251,144,107,36
5394,20231219,394,11,172,114,58,34
5395,20230522,395,11,212,53,159,60
5396,20221030,396,11,158,21,137,51
5397,20220315,397,11,259,193,66,29
5398,20221115,398,11,195,11,184,40
5399,20230522,399,11,215,17,198,54
5400,20240123,400,11,92,65,27,50
5401,20220909,401,11,212,44,168,34
5402,20241112,402,11,181,178,3,38
5403,20241215,403,11,54,20,34,27
5404,20221004,404,11,267,127,140,52
5405,20220617,405,11,192,66,126,49
5406,20240118,406,11,251,135,116,35
5407,20230515,407,11,186,186,0,37
5408,20230314,408,11,170,62,108,28
5409,20240302,409,11,222,54,168,57
5410,20241231,410,11,92,92,0,29
5411,20240731,411,11,258,124,134,33
5412,20231106,412,11,223,91,132,55
5413,20220822,413,11,214,114,100,20
5414,20241124,414,11,231,76,155,40
5415,20240629,415,11,244,178,66,56
5416,20220506,416,11,275,181,94,38
5417,20241105,417,11,206,177,29,59
5418,20240602,418,11,222,66,156,52
5419,20241018,419,11,298,55,243,30
5420,20240114,420,11,235,180,55,48
5421,20230719,421,11,185,16,169,58
5422,20241107,422,11,106,27,79,51
5423,20230621,423,11,167,117,50,31
5424,20230410,424,11,150,91,59,42
5425,20231108,425,11,76,66,10,40
5426,20220811,426,11,128,62,66,55
5427,20221012,427,11,63,19,44,21
5428,20240411,428,11,202,182,20,31
5429,20240125,429,11,194,54,140,57
5430,20220221,430,11,183,71,112,36
5431,20240624,431,11,70,53,17,45
5432,20230607,432,11,128,43,85,21
5433,20240416,433,11,104,95,9,20
5434,20221115,434,11,246,146,100,60
5435,20240716,435,11,157,139,18,28
5436,20230227,436,11,178,24,154,39
5437,20240719,437,11,225,206,19,50
5438,20240115,438,11,189,72,117,32
5439,20231129,439,11,91,49,42,36
5440,20240721,440,11,82,13,69,52
5441,20241029,441,11,195,121,74,33
5442,20230417,442,11,154,26,128,60
5443,20240327,443,11,269,262,7,28
5444,20240211,444,11,86,63,23,30
5445,20220914,445,11,210,24,186,24
5446,20230722,446,11,242,105,137,30
5447,20230206,447,11,125,82,43,26
5448,20230311,448,11,268,40,228,28
5449,20231107,449,11,56,28,28,36
5450,20241118,450,11,280,165,115,39
5451,20240905,451,11,109,88,21,35
5452,20230516,452,11,117,21,96,22
5453,20230312,453,11,204,122,82,56
5454,20220523,454,11,171,55,116,47
5455,20240416,455,11,206,110,96,23
5456,20231227,456,11,84,22,62,37
5457,20241024,457,11,267,146,121,26
5458,20241006,458,11,169,97,72,30
5459,20231127,459,11,198,116,82,60
5460,20230315,460,11,196,54,142,44
5461,20241216,461,11,171,78,93,53
5462,20220526,462,11,188,32,156,46
5463,20231030,463,11,247,107,140,22
5464,20240106,464,11,188,164,24,36
5465,20221018,465,11,148,91,57,27
5466,20230614,466,11,249,144,105,56
5467,20240117,467,11,60,21,39,33
5468,20240106,468,11,130,27,103,24
5469,20240316,469,11,186,171,15,33
5470,20221114,470,11,204,41,163,43
5471,20230225,471,11,160,82,78,39
5472,20220525,472,11,100,21,79,50
5473,20240129,473,11,210,205,5,33
5474,20231009,474,11,144,13,131,32
5475,20241002,475,11,131,92,39,50
5476,20241026,476,11,205,140,65,53
5477,20241225,477,11,203,123,80,56
5478,20240706,478,11,147,37,110,56
5479,20230312,479,11,68,63,5,35
5480,20220707,480,11,285,64,221,24
5481,20240131,481,11,65,57,8,47
5482,20230608,482,11,249,82,167,40
5483,20240621,483,11,249,36,213,22
5484,20240119,484,11,80,13,67,57
5485,20240923,485,11,153,141,12,30
5486,20221115,486,11,91,11,80,33
5487,20230801,487,11,288,209,79,25
5488,20221111,488,11,115,47,68,52
5489,20230621,489,11,296,213,83,32
5490,20231023,490,11,56,52,4,44
5491,20240327,491,11,196,11,185,57
5492,20230902,492,11,109,45,64,26
5493,20220904,493,11,59,33,26,48
5494,20221014,494,11,101,15,86,21
5495,20230727,495,11,201,92,109,22
5496,20230329,496,11,155,36,119,20
5497,20221029,497,11,220,148,72,48
5498,20221015,498,11,182,55,127,51
5499,20241021,499,11,212,146,66,52
5500,20240417,500,11,127,114,13,25
5501,20221117,1,12,290,156,134,45
5502,20240920,2,12,184,56,128,54
5503,20220626,3,12,280,207,73,32
5504,20220520,4,12,82,26,56,48
5505,20220923,5,12,183,24,159,24
5506,20230331,6,12,125,99,26,42
5507,20220812,7,12,289,23,266,20
5508,20220719,8,12,120,46,74,53
5509,20220728,9,12,85,73,12,52
5510,20240603,10,12,130,27,103,23
5511,20220411,11,12,175,99,76,59
5512,20220723,12,12,239,223,16,40
5513,20231220,13,12,92,83,9,49
5514,20230928,14,12,255,224,31,59
5515,20241126,15,12,154,64,90,23
5516,20240811,16,12,180,116,64,23
5517,20230319,17,12,257,51,206,51
5518,20240108,18,12,131,131,0,53
5519,20240207,19,12,208,14,194,35
5520,20230808,20,12,127,116,11,55
5521,20241020,21,12,218,12,206,29
5522,20240903,22,12,171,127,44,48
5523,20240211,23,12,207,45,162,24
5524,20230127,24,12,147,20,127,22
5525,20230412,25,12,148,82,66,59
5526,20241124,26,12,132,59,73,47
5527,20230929,27,12,77,30,47,31
5528,20240423,28,12,190,173,17,21
5529,20220228,29,12,246,79,167,27
5530,20220112,30,12,290,21,269,32
5531,20240127,31,12,158,89,69,59
5532,20230625,32,12,223,210,13,20
5533,20230709,33,12,131,115,16,45
5534,20231218,34,12,127,76,51,56
5535,20240626,35,12,100,32,68,55
5536,20220120,36,12,209,75,134,56
5537,20240925,37,12,125,24,101,26
5538,20230226,38,12,228,189,39,33
5539,20230615,39,12,152,69,83,23
5540,20230413,40,12,178,42,136,53
5541,20240306,41,12,65,50,15,23
5542,20221121,42,12,72,21,51,47
5543,20220106,43,12,290,230,60,57
5544,20240331,44,12,174,43,131,44
5545,20231021,45,12,191,124,67,60
5546,20231118,46,12,71,21,50,50
5547,20220217,47,12,80,52,28,57
5548,20230511,48,12,151,21,130,59
5549,20221026,49,12,193,83,110,43
5550,20221015,50,12,176,157,19,51
5551,20240427,51,12,199,179,20,51
5552,20230617,52,12,58,53,5,56
5553,20220530,53,12,157,84,73,31
5554,20240513,54,12,168,73,95,20
5555,20230330,55,12,173,87,86,33
5556,20230911,56,12,207,22,185,44
5557,20221020,57,12,191,84,107,46
5558,20240629,58,12,243,153,90,40
5559,20220205,59,12,230,159,71,41
5560,20220124,60,12,169,97,72,55
5561,20230830,61,12,75,36,39,29
5562,20230811,62,12,152,135,17,36
5563,20240428,63,12,181,174,7,23
5564,20221112,64,12,268,123,145,50
5565,20220311,65,12,215,179,36,30
5566,20241027,66,12,200,32,168,26
5567,20220421,67,12,177,87,90,53
5568,20241105,68,12,173,140,33,28
5569,20240908,69,12,253,251,2,55
5570,20231120,70,12,117,87,30,56
5571,20220901,71,12,130,116,14,53
5572,20240911,72,12,231,117,114,37
5573,20220225,73,12,172,100,72,48
5574,20230122,74,12,294,152,142,48
5575,20221218,75,12,166,30,136,42
5576,20220320,76,12,148,68,80,24
5577,20230725,77,12,70,24,46,22
5578,20240313,78,12,71,15,56,50
5579,20230430,79,12,56,28,28,50
5580,20241012,80,12,229,24,205,31
5581,20221213,81,12,297,219,78,56
5582,20220717,82,12,293,68,225,36
5583,20220118,83,12,224,133,91,29
5584,20230517,84,12,117,65,52,56
5585,20231007,85,12,59,18,41,24
5586,20230228,86,12,135,124,11,38
5587,20240101,87,12,256,160,96,33
5588,20240220,88,12,211,206,5,46
5589,20231025,89,12,110,24,86,57
5590,20220210,90,12,94,23,71,45
5591,20240815,91,12,246,95,151,30
5592,20240615,92,12,87,85,2,51
5593,20240508,93,12,166,99,67,55
5594,20230312,94,12,162,153,9,33
5595,20240819,95,12,122,41,81,41
5596,20230818,96,12,288,131,157,20
5597,20241009,97,12,213,38,175,52
5598,20230827,98,12,271,263,8,44
5599,20220504,99,12,225,221,4,56
5600,20220918,100,12,200,184,16,51
5601,20240906,101,12,278,140,138,56
5602,20220627,102,12,117,19,98,22
5603,20231125,103,12,67,17,50,26
5604,20220527,104,12,260,139,121,32
5605,20240811,105,12,242,119,123,28
5606,20240815,106,12,298,68,230,47
5607,20220718,107,12,261,238,23,40
5608,20230807,108,12,245,232,13,41
5609,20230417,109,12,70,17,53,46
5610,20241021,110,12,300,139,161,21
5611,20241003,111,12,294,200,94,31
5612,20240929,112,12,91,75,16,35
5613,20231117,113,12,127,122,5,25
5614,20240201,114,12,276,246,30,51
5615,20221210,115,12,240,21,219,47
5616,20240116,116,12,77,76,1,45
5617,20220318,117,12,279,245,34,24
5618,20230714,118,12,297,287,10,27
5619,20230521,119,12,132,19,113,56
5620,20231217,120,12,279,47,232,44
5621,20230107,121,12,244,123,121,42
5622,20221224,122,12,132,46,86,20
5623,20240411,123,12,70,42,28,48
5624,20221023,124,12,214,77,137,35
5625,20221222,125,12,282,169,113,59
5626,20240816,126,12,81,71,10,24
5627,20240516,127,12,90,38,52,33
5628,20240919,128,12,184,95,89,35
5629,20230602,129,12,265,242,23,47
5630,20240913,130,12,261,77,184,38
5631,20241011,131,12,287,142,145,48
5632,20231123,132,12,177,141,36,53
5633,20220603,133,12,136,115,21,20
5634,20220320,134,12,234,117,117,55
5635,20240609,135,12,70,38,32,25
5636,20240707,136,12,74,56,18,20
5637,20240510,137,12,294,21,273,22
5638,20230616,138,12,151,71,80,42
5639,20231107,139,12,213,102,111,46
5640,20221117,140,12,157,145,12,36
5641,20231228,141,12,160,35,125,48
5642,20240809,142,12,165,109,56,58
5643,20240924,143,12,65,30,35,29
5644,20220626,144,12,56,43,13,42
5645,20230717,145,12,132,70,62,56
5646,20221117,146,12,141,11,130,36
5647,20220513,147,12,149,111,38,27
5648,20231205,148,12,132,59,73,53
5649,20220410,149,12,196,140,56,59
5650,20240316,150,12,66,61,5,29
5651,20230408,151,12,108,58,50,30
5652,20220810,152,12,286,196,90,55
5653,20231228,153,12,169,69,100,57
5654,20220706,154,12,177,171,6,45
5655,20240103,155,12,219,70,149,51
5656,20221106,156,12,223,181,42,39
5657,20220209,157,12,231,133,98,36
5658,20230423,158,12,287,252,35,25
5659,20240802,159,12,169,163,6,32
5660,20231119,160,12,53,21,32,57
5661,20241111,161,12,247,129,118,23
5662,20230205,162,12,178,114,64,27
5663,20240226,163,12,202,73,129,58
5664,20240725,164,12,170,116,54,42
5665,20231003,165,12,115,99,16,20
5666,20220714,166,12,190,100,90,48
5667,20241211,167,12,67,49,18,45
5668,20230816,168,12,132,33,99,33
5669,20230413,169,12,219,50,169,39
5670,20241110,170,12,150,102,48,35
5671,20240413,171,12,91,67,24,26
5672,20240604,172,12,220,178,42,28
5673,20240910,173,12,281,112,169,30
5674,20231114,174,12,104,90,14,20
5675,20230904,175,12,90,90,0,23
5676,20230821,176,12,168,43,125,31
5677,20240624,177,12,213,85,128,27
5678,20220603,178,12,61,17,44,37
5679,20220305,179,12,237,70,167,28
5680,20241005,180,12,194,60,134,57
5681,20240307,181,12,57,29,28,20
5682,20230322,182,12,229,156,73,44
5683,20231028,183,12,221,116,105,45
5684,20241031,184,12,163,29,134,51
5685,20221101,185,12,65,17,48,31
5686,20220826,186,12,50,26,24,59
5687,20230123,187,12,210,34,176,47
5688,20220613,188,12,136,49,87,59
5689,20240205,189,12,280,124,156,48
5690,20240706,190,12,139,119,20,39
5691,20230518,191,12,248,82,166,46
5692,20231229,192,12,271,213,58,47
5693,20240116,193,12,149,127,22,33
5694,20240330,194,12,161,80,81,32
5695,20240529,195,12,80,45,35,51
5696,20220506,196,12,160,35,125,51
5697,20230201,197,12,93,42,51,32
5698,20240214,198,12,82,14,68,53
5699,20240221,199,12,127,101,26,25
5700,20241206,200,12,115,18,97,55
5701,20241204,201,12,167,120,47,24
5702,20230605,202,12,118,71,47,22
5703,20240627,203,12,273,244,29,50
5704,20221106,204,12,295,166,129,32
5705,20221029,205,12,79,13,66,51
5706,20220404,206,12,269,213,56,24
5707,20220308,207,12,267,105,162,27
5708,20240214,208,12,246,44,202,50
5709,20240401,209,12,202,127,75,31
5710,20220526,210,12,277,213,64,32
5711,20241224,211,12,208,172,36,25
5712,20220819,212,12,111,100,11,39
5713,20240715,213,12,50,46,4,40
5714,20240728,214,12,160,101,59,25
5715,20220616,215,12,138,85,53,60
5716,20241217,216,12,179,89,90,45
5717,20220714,217,12,90,84,6,33
5718,20230828,218,12,299,160,139,21
5719,20241220,219,12,67,10,57,26
5720,20220211,220,12,262,126,136,28
5721,20240623,221,12,236,211,25,20
5722,20230831,222,12,64,56,8,47
5723,20230320,223,12,191,17,174,53
5724,20230310,224,12,200,108,92,38
5725,20240308,225,12,173,43,130,49
5726,20230204,226,12,80,79,1,46
5727,20240112,227,12,66,37,29,34
5728,20240203,228,12,232,230,2,43
5729,20220711,229,12,51,46,5,53
5730,20231106,230,12,128,120,8,58
5731,20240723,231,12,95,72,23,29
5732,20220630,232,12,114,50,64,48
5733,20241119,233,12,222,218,4,51
5734,20231114,234,12,87,24,63,27
5735,20241024,235,12,92,30,62,36
5736,20220903,236,12,110,63,47,25
5737,20231103,237,12,279,90,189,60
5738,20230702,238,12,259,181,78,41
5739,20231022,239,12,157,157,0,33
5740,20230910,240,12,291,275,16,32
5741,20220311,241,12,282,166,116,37
5742,20230622,242,12,120,26,94,39
5743,20220729,243,12,237,197,40,29
5744,20221231,244,12,174,92,82,25
5745,20231222,245,12,278,232,46,55
5746,20221022,246,12,154,14,140,59
5747,20221112,247,12,82,61,21,28
5748,20220926,248,12,127,45,82,20
5749,20240618,249,12,199,198,1,23
5750,20240121,250,12,59,31,28,28
5751,20220525,251,12,142,123,19,41
5752,20241221,252,12,265,264,1,39
5753,20230616,253,12,298,19,279,31
5754,20221006,254,12,98,98,0,24
5755,20220828,255,12,105,100,5,41
5756,20230307,256,12,55,27,28,38
5757,20230812,257,12,194,188,6,49
5758,20230719,258,12,208,14,194,29
5759,20230724,259,12,197,123,74,43
5760,20241025,260,12,134,45,89,40
5761,20230528,261,12,80,67,13,46
5762,20240725,262,12,118,83,35,34
5763,20240101,263,12,270,72,198,44
5764,20230628,264,12,86,48,38,43
5765,20220401,265,12,85,42,43,25
5766,20240504,266,12,128,29,99,24
5767,20230620,267,12,106,50,56,40
5768,20220916,268,12,84,23,61,26
5769,20240916,269,12,231,223,8,59
5770,20220907,270,12,161,158,3,48
5771,20240106,271,12,144,28,116,59
5772,20220701,272,12,176,104,72,33
5773,20220530,273,12,149,85,64,20
5774,20220617,274,12,272,175,97,20
5775,20241224,275,12,193,103,90,56
5776,20230225,276,12,51,49,2,48
5777,20230509,277,12,169,123,46,59
5778,20240403,278,12,143,12,131,25
5779,20241212,279,12,122,26,96,38
5780,20240203,280,12,235,100,135,31
5781,20221023,281,12,195,136,59,37
5782,20230909,282,12,196,115,81,24
5783,20221024,283,12,170,21,149,26
5784,20230317,284,12,132,97,35,38
5785,20221113,285,12,177,127,50,34
5786,20240102,286,12,176,159,17,46
5787,20230822,287,12,194,178,16,44
5788,20231202,288,12,232,229,3,49
5789,20230421,289,12,221,93,128,54
5790,20240215,290,12,219,127,92,45
5791,20231008,291,12,249,143,106,37
5792,20220406,292,12,239,52,187,45
5793,20220814,293,12,219,18,201,58
5794,20231028,294,12,202,145,57,55
5795,20240619,295,12,140,112,28,28
5796,20241123,296,12,281,192,89,44
5797,20220216,297,12,177,94,83,20
5798,20220302,298,12,139,22,117,28
5799,20230503,299,12,239,181,58,46
5800,20220204,300,12,228,129,99,39
5801,20220725,301,12,51,12,39,58
5802,20240620,302,12,184,93,91,56
5803,20240105,303,12,212,212,0,20
5804,20240618,304,12,284,36,248,60
5805,20231104,305,12,88,65,23,34
5806,20241216,306,12,68,61,7,43
5807,20240202,307,12,282,85,197,47
5808,20230704,308,12,148,80,68,50
5809,20240902,309,12,69,20,49,58
5810,20230520,310,12,175,45,130,30
5811,20240614,311,12,266,136,130,27
5812,20241209,312,12,197,66,131,48
5813,20231114,313,12,297,36,261,25
5814,20220520,314,12,108,81,27,59
5815,20220223,315,12,61,58,3,49
5816,20230803,316,12,150,139,11,31
5817,20220920,317,12,231,129,102,26
5818,20240620,318,12,202,176,26,56
5819,20220529,319,12,279,255,24,34
5820,20220331,320,12,251,175,76,50
5821,20220331,321,12,120,99,21,34
5822,20220329,322,12,169,14,155,55
5823,20240828,323,12,234,224,10,31
5824,20240703,324,12,212,39,173,29
5825,20230627,325,12,106,38,68,52
5826,20230621,326,12,193,101,92,22
5827,20240320,327,12,145,42,103,41
5828,20221021,328,12,106,55,51,57
5829,20220927,329,12,161,106,55,26
5830,20230323,330,12,233,50,183,36
5831,20240318,331,12,214,71,143,53
5832,20241219,332,12,226,146,80,24
5833,20241121,333,12,161,146,15,57
5834,20230916,334,12,152,73,79,50
5835,20230720,335,12,84,24,60,27
5836,20230405,336,12,97,64,33,25
5837,20240303,337,12,182,15,167,55
5838,20240405,338,12,284,230,54,48
5839,20240604,339,12,141,106,35,47
5840,20240111,340,12,177,171,6,49
5841,20240208,341,12,144,113,31,33
5842,20230710,342,12,131,100,31,33
5843,20241106,343,12,161,77,84,28
5844,20240609,344,12,120,111,9,27
5845,20240229,345,12,71,67,4,28
5846,20220703,346,12,166,31,135,23
5847,20230830,347,12,171,87,84,58
5848,20230514,348,12,133,14,119,23
5849,20230810,349,12,163,60,103,56
5850,20231223,350,12,74,13,61,35
5851,20241019,351,12,207,183,24,47
5852,20220701,352,12,241,129,112,44
5853,20240827,353,12,67,56,11,45
5854,20230514,354,12,214,140,74,28
5855,20230206,355,12,140,26,114,38
5856,20221115,356,12,70,70,0,56
5857,20220224,357,12,250,190,60,31
5858,20220608,358,12,152,135,17,39
5859,20230506,359,12,78,18,60,26
5860,20240808,360,12,230,154,76,48
5861,20231211,361,12,206,191,15,60
5862,20240325,362,12,121,53,68,58
5863,20241224,363,12,76,13,63,59
5864,20230401,364,12,126,19,107,48
5865,20220202,365,12,247,177,70,39
5866,20230123,366,12,163,102,61,44
5867,20230426,367,12,273,238,35,53
5868,20240529,368,12,207,130,77,51
5869,20240124,369,12,152,116,36,35
5870,20241024,370,12,124,118,6,40
5871,20240810,371,12,206,14,192,35
5872,20230731,372,12,284,277,7,48
5873,20230913,373,12,186,102,84,48
5874,20240713,374,12,173,161,12,54
5875,20230515,375,12,204,33,171,55
5876,20230307,376,12,174,48,126,45
5877,20230508,377,12,201,132,69,31
5878,20230706,378,12,251,227,24,32
5879,20241211,379,12,116,13,103,60
5880,20220922,380,12,258,86,172,46
5881,20220204,381,12,56,40,16,36
5882,20240530,382,12,215,193,22,58
5883,20241130,383,12,74,25,49,50
5884,20230907,384,12,137,23,114,39
5885,20230410,385,12,145,116,29,52
5886,20241206,386,12,83,74,9,53
5887,20241212,387,12,95,70,25,28
5888,20240523,388,12,173,26,147,36
5889,20220719,389,12,154,16,138,33
5890,20230317,390,12,250,110,140,41
5891,20220511,391,12,276,116,160,42
5892,20240711,392,12,266,193,73,38
5893,20230821,393,12,60,30,30,52
5894,20220405,394,12,158,19,139,58
5895,20220702,395,12,147,129,18,29
5896,20221122,396,12,187,185,2,30
5897,20230324,397,12,294,262,32,31
5898,20220128,398,12,167,158,9,27
5899,20230923,399,12,249,131,118,50
5900,20220110,400,12,245,112,133,35
5901,20241017,401,12,159,95,64,46
5902,20220629,402,12,259,248,11,28
5903,20220610,403,12,182,83,99,41
5904,20220707,404,12,176,146,30,27
5905,20231005,405,12,244,40,204,38
5906,20241103,406,12,232,159,73,20
5907,20230310,407,12,118,89,29,22
5908,20240825,408,12,114,41,73,53
5909,20230804,409,12,144,137,7,45
5910,20231110,410,12,276,56,220,58
5911,20230528,411,12,108,55,53,43
5912,20220307,412,12,181,30,151,57
5913,20231211,413,12,141,133,8,30
5914,20241009,414,12,72,70,2,39
5915,20230425,415,12,147,51,96,38
5916,20230701,416,12,115,57,58,53
5917,20230124,417,12,207,180,27,45
5918,20241001,418,12,73,65,8,20
5919,20240806,419,12,109,21,88,54
5920,20231124,420,12,182,108,74,22
5921,20240720,421,12,124,15,109,36
5922,20240815,422,12,126,42,84,53
5923,20221027,423,12,132,69,63,48
5924,20221104,424,12,134,17,117,27
5925,20230403,425,12,91,68,23,52
5926,20221229,426,12,235,115,120,51
5927,20241101,427,12,286,152,134,35
5928,20220214,428,12,117,92,25,44
5929,20220902,429,12,171,137,34,42
5930,20231128,430,12,273,38,235,54
5931,20240715,431,12,71,68,3,24
5932,20240308,432,12,267,19,248,52
5933,20220214,433,12,162,38,124,34
5934,20240223,434,12,197,191,6,50
5935,20220905,435,12,159,21,138,52
5936,20220629,436,12,274,165,109,52
5937,20240211,437,12,154,40,114,31
5938,20220525,438,12,234,187,47,48
5939,20220215,439,12,60,36,24,46
5940,20220610,440,12,133,21,112,52
5941,20240831,441,12,155,64,91,22
5942,20241030,442,12,276,185,91,49
5943,20220109,443,12,124,55,69,32
5944,20231024,444,12,63,37,26,43
5945,20240613,445,12,253,204,49,39
5946,20240324,446,12,220,63,157,35
5947,20240329,447,12,294,136,158,30
5948,20241111,448,12,111,100,11,29
5949,20240821,449,12,152,55,97,27
5950,20220618,450,12,91,51,40,36
5951,20220611,451,12,265,16,249,33
5952,20220924,452,12,57,39,18,58
5953,20220723,453,12,156,116,40,22
5954,20220220,454,12,138,49,89,54
5955,20231104,455,12,77,23,54,33
5956,20220603,456,12,95,79,16,29
5957,20230724,457,12,214,118,96,26
5958,20220625,458,12,176,27,149,58
5959,20241127,459,12,296,85,211,41
5960,20220111,460,12,170,111,59,26
5961,20230225,461,12,179,88,91,51
5962,20231224,462,12,266,243,23,32
5963,20221230,463,12,251,100,151,41
5964,20230625,464,12,247,225,22,34
5965,20221002,465,12,106,103,3,51
5966,20230907,466,12,275,104,171,39
5967,20220114,467,12,195,58,137,27
5968,20230618,468,12,51,18,33,59
5969,20240103,469,12,50,38,12,39
5970,20220308,470,12,61,57,4,43
5971,20230403,471,12,275,244,31,46
5972,20220210,472,12,236,30,206,54
5973,20221102,473,12,89,13,76,44
5974,20220802,474,12,122,57,65,51
5975,20220416,475,12,287,90,197,22
5976,20240703,476,12,253,55,198,55
5977,20230219,477,12,216,204,12,50
5978,20230601,478,12,256,255,1,56
5979,20220711,479,12,76,10,66,49
5980,20220409,480,12,300,44,256,22
5981,20230724,481,12,247,66,181,22
5982,20241011,482,12,154,132,22,49
5983,20230402,483,12,198,178,20,35
5984,20240427,484,12,58,46,12,49
5985,20240730,485,12,155,46,109,44
5986,20240419,486,12,78,57,21,26
5987,20240217,487,12,110,56,54,35
5988,20240629,488,12,273,24,249,28
5989,20240906,489,12,172,68,104,43
5990,20221123,490,12,226,103,123,32
5991,20221023,491,12,236,158,78,33
5992,20220204,492,12,144,22,122,35
5993,20231118,493,12,77,23,54,48
5994,20240825,494,12,172,98,74,33
5995,20240923,495,12,245,158,87,42
5996,20220426,496,12,281,199,82,51
5997,20240218,497,12,238,169,69,31
5998,20230127,498,12,156,66,90,60
5999,20240815,499,12,192,163,29,51
6000,20231005,500,12,189,136,53,21
6001,20221102,1,13,240,179,61,57
6002,20221222,2,13,89,59,30,42
6003,20241114,3,13,229,98,131,43
6004,20230830,4,13,145,66,79,51
6005,20240912,5,13,240,162,78,37
6006,20240430,6,13,114,21,93,51
6007,20241017,7,13,178,85,93,28
6008,20220930,8,13,179,83,96,35
6009,20231219,9,13,59,32,27,27
6010,20240418,10,13,204,25,179,23
6011,20220926,11,13,235,26,209,54
6012,20241221,12,13,142,110,32,44
6013,20240128,13,13,100,88,12,25
6014,20231215,14,13,287,262,25,22
6015,20241115,15,13,150,43,107,20
6016,20231203,16,13,78,28,50,29
6017,20221126,17,13,246,224,22,46
6018,20230304,18,13,273,121,152,49
6019,20241203,19,13,57,35,22,26
6020,20220720,20,13,277,100,177,21
6021,20230430,21,13,161,154,7,35
6022,20230405,22,13,284,174,110,26
6023,20240612,23,13,56,46,10,32
6024,20240818,24,13,157,34,123,53
6025,20230325,25,13,210,20,190,21
6026,20231023,26,13,227,58,169,31
6027,20240531,27,13,276,114,162,38
6028,20231207,28,13,256,177,79,49
6029,20240426,29,13,234,51,183,48
6030,20240521,30,13,210,98,112,51
6031,20240901,31,13,148,15,133,60
6032,20240609,32,13,58,32,26,26
6033,20220613,33,13,185,162,23,38
6034,20240620,34,13,55,47,8,43
6035,20240712,35,13,56,10,46,26
6036,20220126,36,13,226,72,154,44
6037,20230616,37,13,220,88,132,46
6038,20230411,38,13,220,195,25,39
6039,20221006,39,13,195,160,35,30
6040,20240627,40,13,139,54,85,47
6041,20230122,41,13,91,13,78,21
6042,20231018,42,13,75,45,30,60
6043,20220813,43,13,295,183,112,32
6044,20221104,44,13,165,130,35,55
6045,20220325,45,13,169,79,90,57
6046,20240818,46,13,90,19,71,43
6047,20240502,47,13,107,69,38,21
6048,20241222,48,13,82,25,57,22
6049,20220509,49,13,298,19,279,36
6050,20241228,50,13,219,169,50,34
6051,20231124,51,13,181,167,14,38
6052,20240725,52,13,81,80,1,22
6053,20241031,53,13,149,39,110,31
6054,20221108,54,13,50,41,9,43
6055,20240711,55,13,76,52,24,36
6056,20220930,56,13,225,205,20,29
6057,20241229,57,13,171,100,71,37
6058,20230120,58,13,98,97,1,59
6059,20240223,59,13,176,80,96,37
6060,20220906,60,13,210,43,167,53
6061,20241124,61,13,271,124,147,59
6062,20220215,62,13,100,89,11,37
6063,20231003,63,13,183,72,111,60
6064,20240306,64,13,88,16,72,50
6065,20221008,65,13,264,156,108,38
6066,20220612,66,13,97,81,16,53
6067,20221027,67,13,288,46,242,31
6068,20230826,68,13,231,150,81,37
6069,20221006,69,13,145,67,78,36
6070,20230711,70,13,95,88,7,22
6071,20240122,71,13,272,168,104,55
6072,20220103,72,13,266,58,208,28
6073,20220321,73,13,94,24,70,60
6074,20240125,74,13,168,93,75,30
6075,20220428,75,13,116,58,58,20
6076,20230924,76,13,246,14,232,42
6077,20220923,77,13,51,26,25,54
6078,20231108,78,13,90,37,53,57
6079,20220407,79,13,159,48,111,40
6080,20240706,80,13,272,93,179,54
6081,20220309,81,13,206,171,35,20
6082,20240614,82,13,81,68,13,40
6083,20230913,83,13,211,96,115,27
6084,20220831,84,13,110,43,67,32
6085,20240709,85,13,286,66,220,25
6086,20220822,86,13,204,54,150,37
6087,20220202,87,13,71,22,49,26
6088,20220930,88,13,134,80,54,54
6089,20221208,89,13,96,35,61,32
6090,20221025,90,13,88,58,30,60
6091,20231204,91,13,155,71,84,24
6092,20230818,92,13,116,22,94,38
6093,20240117,93,13,74,32,42,35
6094,20231212,94,13,229,71,158,49
6095,20220108,95,13,126,117,9,49
6096,20230730,96,13,112,86,26,58
6097,20220810,97,13,278,216,62,22
6098,20240717,98,13,89,29,60,60
6099,20220817,99,13,188,140,48,49
6100,20231115,100,13,117,99,18,35
6101,20240730,101,13,146,97,49,34
6102,20231007,102,13,252,184,68,58
6103,20240127,103,13,253,172,81,38
6104,20230924,104,13,282,37,245,29
6105,20221001,105,13,256,26,230,38
6106,20230209,106,13,108,25,83,33
6107,20230812,107,13,54,33,21,38
6108,20221209,108,13,147,128,19,22
6109,20221101,109,13,130,106,24,48
6110,20221209,110,13,92,29,63,57
6111,20241004,111,13,68,52,16,44
6112,20240629,112,13,221,218,3,24
6113,20241216,113,13,246,36,210,30
6114,20230219,114,13,185,62,123,44
6115,20220521,115,13,263,27,236,25
6116,20230807,116,13,108,83,25,46
6117,20220705,117,13,235,88,147,30
6118,20220418,118,13,53,28,25,39
6119,20240202,119,13,262,20,242,42
6120,20221112,120,13,259,125,134,45
6121,20230212,121,13,269,69,200,22
6122,20220928,122,13,134,125,9,26
6123,20231125,123,13,224,81,143,59
6124,20240507,124,13,174,28,146,41
6125,20241126,125,13,245,146,99,58
6126,20230406,126,13,71,51,20,49
6127,20240520,127,13,231,137,94,20
6128,20230504,128,13,85,67,18,47
6129,20220813,129,13,128,100,28,47
6130,20220605,130,13,296,162,134,21
6131,20231130,131,13,257,71,186,36
6132,20241119,132,13,237,209,28,55
6133,20230816,133,13,149,24,125,55
6134,20230325,134,13,275,43,232,52
6135,20220607,135,13,74,70,4,51
6136,20220512,136,13,187,39,148,36
6137,20231231,137,13,265,199,66,27
6138,20240415,138,13,135,28,107,32
6139,20240402,139,13,275,228,47,54
6140,20221016,140,13,217,109,108,55
6141,20220204,141,13,113,25,88,30
6142,20220621,142,13,292,87,205,41
6143,20240505,143,13,177,63,114,26
6144,20240421,144,13,202,86,116,42
6145,20220728,145,13,154,46,108,52
6146,20240612,146,13,221,134,87,47
6147,20240315,147,13,265,228,37,30
6148,20220904,148,13,271,34,237,35
6149,20220803,149,13,172,105,67,36
6150,20231130,150,13,210,151,59,45
6151,20220605,151,13,253,64,189,46
6152,20240103,152,13,226,197,29,21
6153,20220618,153,13,115,111,4,44
6154,20240305,154,13,236,92,144,37
6155,20240103,155,13,157,152,5,22
6156,20230522,156,13,184,138,46,53
6157,20240301,157,13,207,45,162,22
6158,20230901,158,13,115,106,9,31
6159,20240912,159,13,265,12,253,49
6160,20230606,160,13,61,47,14,58
6161,20220421,161,13,101,29,72,55
6162,20240112,162,13,95,55,40,32
6163,20240523,163,13,52,27,25,20
6164,20241002,164,13,106,54,52,26
6165,20220711,165,13,97,41,56,22
6166,20240721,166,13,219,134,85,27
6167,20221009,167,13,167,76,91,52
6168,20220510,168,13,210,46,164,30
6169,20230120,169,13,229,144,85,50
6170,20231028,170,13,187,98,89,23
6171,20230122,171,13,178,24,154,31
6172,20220325,172,13,163,73,90,41
6173,20221207,173,13,232,60,172,55
6174,20230328,174,13,55,50,5,34
6175,20230831,175,13,116,74,42,35
6176,20230824,176,13,143,133,10,48
6177,20221025,177,13,272,65,207,60
6178,20221008,178,13,145,31,114,44
6179,20241117,179,13,129,33,96,25
6180,20231101,180,13,148,113,35,52
6181,20230213,181,13,199,123,76,55
6182,20241006,182,13,76,67,9,25
6183,20230807,183,13,207,184,23,44
6184,20220225,184,13,111,43,68,58
6185,20220710,185,13,231,167,64,26
6186,20220309,186,13,135,22,113,23
6187,20220701,187,13,109,85,24,20
6188,20220729,188,13,274,32,242,21
6189,20241029,189,13,213,154,59,51
6190,20231009,190,13,257,249,8,28
6191,20220610,191,13,126,116,10,42
6192,20230929,192,13,55,52,3,35
6193,20241115,193,13,151,57,94,22
6194,20220129,194,13,146,105,41,38
6195,20220718,195,13,73,53,20,26
6196,20230614,196,13,181,119,62,27
6197,20240116,197,13,90,81,9,30
6198,20230728,198,13,290,62,228,34
6199,20220928,199,13,105,103,2,59
6200,20240914,200,13,280,219,61,20
6201,20240621,201,13,100,26,74,35
6202,20241207,202,13,259,196,63,37
6203,20231025,203,13,114,69,45,36
6204,20240425,204,13,277,54,223,41
6205,20231024,205,13,84,83,1,33
6206,20221012,206,13,170,38,132,46
6207,20221019,207,13,86,15,71,25
6208,20220115,208,13,251,21,230,23
6209,20241114,209,13,94,51,43,44
6210,20221108,210,13,54,11,43,22
6211,20231010,211,13,85,23,62,30
6212,20241109,212,13,128,54,74,30
6213,20240101,213,13,83,67,16,43
6214,20220328,214,13,102,59,43,44
6215,20240410,215,13,113,20,93,56
6216,20231220,216,13,90,21,69,20
6217,20220623,217,13,163,115,48,53
6218,20240615,218,13,180,26,154,55
6219,20221026,219,13,63,13,50,49
6220,20241012,220,13,248,88,160,52
6221,20240613,221,13,162,13,149,50
6222,20231129,222,13,144,85,59,23
6223,20231002,223,13,263,234,29,29
6224,20241128,224,13,158,92,66,20
6225,20240106,225,13,140,127,13,46
6226,20230302,226,13,99,94,5,46
6227,20230610,227,13,191,112,79,60
6228,20240211,228,13,155,101,54,32
6229,20240418,229,13,183,122,61,59
6230,20230510,230,13,120,75,45,36
6231,20220712,231,13,96,77,19,41
6232,20220629,232,13,298,115,183,21
6233,20231009,233,13,169,100,69,35
6234,20221010,234,13,281,172,109,49
6235,20241106,235,13,193,193,0,36
6236,20240225,236,13,70,20,50,33
6237,20220306,237,13,135,72,63,28
6238,20241112,238,13,72,59,13,38
6239,20230713,239,13,135,14,121,38
6240,20230215,240,13,245,150,95,44
6241,20221007,241,13,170,131,39,51
6242,20240123,242,13,205,166,39,43
6243,20220129,243,13,252,146,106,21
6244,20230208,244,13,187,76,111,51
6245,20220104,245,13,202,47,155,51
6246,20240426,246,13,137,96,41,21
6247,20240214,247,13,188,106,82,48
6248,20220409,248,13,232,151,81,39
6249,20240802,249,13,64,31,33,55
6250,20240328,250,13,149,99,50,43
6251,20230712,251,13,119,112,7,45
6252,20231020,252,13,85,19,66,36
6253,20220718,253,13,264,196,68,30
6254,20220423,254,13,172,82,90,44
6255,20230212,255,13,138,42,96,26
6256,20241007,256,13,246,95,151,41
6257,20230311,257,13,125,92,33,53
6258,20221025,258,13,294,140,154,37
6259,20230923,259,13,297,211,86,21
6260,20220114,260,13,151,80,71,31
6261,20240601,261,13,235,110,125,31
6262,20240215,262,13,204,90,114,27
6263,20220528,263,13,174,36,138,28
6264,20220108,264,13,158,35,123,51
6265,20240317,265,13,101,63,38,57
6266,20220103,266,13,254,215,39,52
6267,20240308,267,13,232,116,116,34
6268,20241030,268,13,162,135,27,24
6269,20230501,269,13,115,101,14,46
6270,20220831,270,13,180,28,152,37
6271,20220201,271,13,223,45,178,53
6272,20220529,272,13,122,40,82,31
6273,20240623,273,13,167,93,74,56
6274,20220827,274,13,183,50,133,27
6275,20230722,275,13,218,114,104,32
6276,20230406,276,13,137,83,54,55
6277,20241007,277,13,244,147,97,22
6278,20240926,278,13,166,68,98,54
6279,20241013,279,13,164,74,90,52
6280,20221105,280,13,175,77,98,50
6281,20240909,281,13,135,44,91,33
6282,20240209,282,13,93,93,0,48
6283,20240128,283,13,210,176,34,34
6284,20230214,284,13,137,19,118,50
6285,20220705,285,13,150,24,126,38
6286,20220816,286,13,128,45,83,44
6287,20220217,287,13,127,116,11,21
6288,20240203,288,13,58,19,39,56
6289,20220725,289,13,249,37,212,27
6290,20220530,290,13,151,95,56,51
6291,20230818,291,13,139,106,33,20
6292,20241120,292,13,87,20,67,37
6293,20221019,293,13,241,114,127,46
6294,20240915,294,13,183,40,143,39
6295,20231215,295,13,106,33,73,26
6296,20230310,296,13,83,36,47,30
6297,20231003,297,13,209,155,54,23
6298,20230213,298,13,280,210,70,37
6299,20230609,299,13,121,56,65,44
6300,20220726,300,13,60,19,41,56
6301,20221011,301,13,80,25,55,25
6302,20220314,302,13,147,114,33,42
6303,20230709,303,13,209,20,189,24
6304,20220503,304,13,111,66,45,42
6305,20230913,305,13,111,52,59,30
6306,20230526,306,13,55,10,45,43
6307,20220510,307,13,257,167,90,34
6308,20230323,308,13,237,167,70,20
6309,20230617,309,13,91,54,37,41
6310,20240921,310,13,197,180,17,47
6311,20220512,311,13,270,20,250,50
6312,20240615,312,13,146,45,101,46
6313,20230108,313,13,57,33,24,53
6314,20220608,314,13,229,149,80,59
6315,20220801,315,13,68,34,34,52
6316,20220830,316,13,238,215,23,40
6317,20241114,317,13,96,44,52,35
6318,20240707,318,13,206,131,75,26
6319,20241129,319,13,199,56,143,20
6320,20220208,320,13,283,191,92,21
6321,20230429,321,13,239,145,94,48
6322,20230701,322,13,176,24,152,29
6323,20240914,323,13,227,197,30,29
6324,20220902,324,13,72,22,50,20
6325,20241216,325,13,225,26,199,24
6326,20230106,326,13,138,58,80,44
6327,20240620,327,13,265,60,205,51
6328,20220920,328,13,208,151,57,37
6329,20241216,329,13,91,10,81,22
6330,20241105,330,13,274,54,220,21
6331,20231201,331,13,280,202,78,37
6332,20230303,332,13,131,116,15,38
6333,20240708,333,13,236,232,4,45
6334,20220720,334,13,79,72,7,33
6335,20240830,335,13,233,47,186,31
6336,20240614,336,13,64,45,19,22
6337,20240905,337,13,263,118,145,20
6338,20240316,338,13,55,34,21,40
6339,20230705,339,13,164,30,134,36
6340,20221005,340,13,201,21,180,49
6341,20230211,341,13,184,174,10,44
6342,20240602,342,13,78,64,14,31
6343,20230806,343,13,138,73,65,41
6344,20240810,344,13,54,26,28,26
6345,20221112,345,13,204,25,179,23
6346,20240924,346,13,86,60,26,30
6347,20240310,347,13,70,46,24,24
6348,20231219,348,13,142,127,15,31
6349,20240516,349,13,240,140,100,26
6350,20240922,350,13,205,76,129,56
6351,20221030,351,13,126,50,76,35
6352,20231214,352,13,284,173,111,48
6353,20240418,353,13,283,187,96,54
6354,20240104,354,13,296,85,211,58
6355,20230507,355,13,100,68,32,28
6356,20230510,356,13,213,64,149,48
6357,20221016,357,13,82,61,21,52
6358,20230303,358,13,122,28,94,50
6359,20240207,359,13,172,65,107,39
6360,20230713,360,13,186,11,175,25
6361,20240910,361,13,105,101,4,51
6362,20230908,362,13,122,88,34,45
6363,20230314,363,13,210,208,2,57
6364,20240104,364,13,294,238,56,32
6365,20240818,365,13,69,39,30,27
6366,20230828,366,13,230,223,7,58
6367,20220724,367,13,162,29,133,33
6368,20240927,368,13,173,144,29,36
6369,20230312,369,13,89,40,49,43
6370,20241220,370,13,75,40,35,27
6371,20240409,371,13,117,86,31,51
6372,20220428,372,13,206,92,114,34
6373,20230612,373,13,281,186,95,36
6374,20220409,374,13,202,105,97,48
6375,20230203,375,13,164,103,61,45
6376,20220829,376,13,298,146,152,55
6377,20220416,377,13,109,104,5,32
6378,20230808,378,13,111,68,43,38
6379,20230907,379,13,113,110,3,55
6380,20221123,380,13,157,38,119,46
6381,20230821,381,13,176,120,56,22
6382,20241120,382,13,209,103,106,23
6383,20240827,383,13,51,26,25,51
6384,20220121,384,13,51,35,16,21
6385,20220220,385,13,175,77,98,22
6386,20230731,386,13,76,19,57,35
6387,20240614,387,13,176,31,145,41
6388,20230619,388,13,282,54,228,44
6389,20241210,389,13,245,210,35,31
6390,20220815,390,13,160,10,150,39
6391,20240520,391,13,157,140,17,49
6392,20240418,392,13,218,116,102,39
6393,20231117,393,13,233,52,181,36
6394,20221224,394,13,89,61,28,54
6395,20240805,395,13,199,35,164,29
6396,20241213,396,13,68,51,17,43
6397,20231112,397,13,120,113,7,23
6398,20220710,398,13,104,98,6,53
6399,20240705,399,13,86,39,47,55
6400,20231202,400,13,75,66,9,47
6401,20231111,401,13,160,91,69,36
6402,20230701,402,13,161,12,149,58
6403,20240219,403,13,272,141,131,44
6404,20221105,404,13,96,43,53,24
6405,20240613,405,13,70,12,58,54
6406,20230308,406,13,75,46,29,50
6407,20240421,407,13,222,67,155,26
6408,20240905,408,13,63,28,35,32
6409,20230702,409,13,263,237,26,24
6410,20221018,410,13,185,73,112,52
6411,20231205,411,13,249,106,143,25
6412,20230713,412,13,76,57,19,58
6413,20230510,413,13,239,235,4,21
6414,20230526,414,13,268,64,204,26
6415,20240813,415,13,185,18,167,21
6416,20241019,416,13,256,168,88,25
6417,20240907,417,13,283,182,101,48
6418,20231213,418,13,91,48,43,43
6419,20220414,419,13,270,264,6,56
6420,20230423,420,13,243,214,29,21
6421,20220218,421,13,297,248,49,30
6422,20220110,422,13,165,33,132,41
6423,20230828,423,13,145,93,52,45
6424,20220802,424,13,127,122,5,60
6425,20230307,425,13,262,140,122,49
6426,20240825,426,13,91,87,4,38
6427,20220819,427,13,216,192,24,29
6428,20230609,428,13,211,209,2,57
6429,20240319,429,13,57,40,17,35
6430,20220425,430,13,122,18,104,56
6431,20240916,431,13,151,51,100,50
6432,20231205,432,13,276,157,119,29
6433,20221213,433,13,133,59,74,38
6434,20220909,434,13,284,163,121,44
6435,20240730,435,13,136,63,73,52
6436,20240326,436,13,300,131,169,25
6437,20230224,437,13,157,65,92,41
6438,20240917,438,13,127,30,97,47
6439,20221002,439,13,81,65,16,48
6440,20240928,440,13,128,11,117,34
6441,20220610,441,13,192,118,74,52
6442,20230904,442,13,289,125,164,26
6443,20220520,443,13,180,59,121,48
6444,20220212,444,13,71,58,13,23
6445,20240516,445,13,190,99,91,50
6446,20241224,446,13,94,63,31,28
6447,20241001,447,13,178,100,78,24
6448,20220122,448,13,74,12,62,33
6449,20221025,449,13,77,59,18,55
6450,20230622,450,13,64,52,12,23
6451,20220504,451,13,162,119,43,49
6452,20220110,452,13,145,101,44,21
6453,20241226,453,13,278,142,136,24
6454,20230117,454,13,283,145,138,44
6455,20221216,455,13,69,33,36,25
6456,20241220,456,13,298,217,81,49
6457,20240411,457,13,114,90,24,25
6458,20220126,458,13,282,97,185,57
6459,20230902,459,13,85,55,30,30
6460,20231122,460,13,234,110,124,48
6461,20220920,461,13,120,61,59,22
6462,20240513,462,13,112,93,19,29
6463,20241205,463,13,288,68,220,25
6464,20230418,464,13,266,264,2,27
6465,20220914,465,13,98,51,47,23
6466,20240726,466,13,156,155,1,51
6467,20230412,467,13,124,77,47,30
6468,20231007,468,13,106,30,76,53
6469,20220315,469,13,206,83,123,43
6470,20230213,470,13,226,56,170,30
6471,20220720,471,13,208,106,102,49
6472,20231119,472,13,181,133,48,42
6473,20220514,473,13,95,45,50,55
6474,20220204,474,13,104,43,61,60
6475,20240802,475,13,281,22,259,43
6476,20240127,476,13,140,115,25,46
6477,20230529,477,13,108,92,16,25
6478,20220111,478,13,128,20,108,27
6479,20241029,479,13,80,27,53,53
6480,20240104,480,13,248,33,215,36
6481,20231002,481,13,174,168,6,20
6482,20230521,482,13,224,101,123,52
6483,20220518,483,13,127,86,41,30
6484,20220927,484,13,141,28,113,53
6485,20230817,485,13,100,50,50,23
6486,20240120,486,13,179,143,36,32
6487,20240718,487,13,183,21,162,28
6488,20230309,488,13,166,84,82,32
6489,20220531,489,13,233,126,107,28
6490,20220822,490,13,140,119,21,41
6491,20231023,491,13,131,121,10,51
6492,20240601,492,13,69,64,5,53
6493,20220107,493,13,99,64,35,22
6494,20230717,494,13,274,21,253,20
6495,20240523,495,13,163,160,3,29
6496,20221003,496,13,146,142,4,42
6497,20220705,497,13,181,114,67,47
6498,20220414,498,13,133,97,36,48
6499,20221124,499,13,160,97,63,47
6500,20221209,500,13,187,71,116,55
6501,20221228,1,14,75,47,28,52
6502,20220314,2,14,109,52,57,58
6503,20240507,3,14,98,54,44,27
6504,20240113,4,14,153,74,79,25
6505,20220407,5,14,246,199,47,23
6506,20220830,6,14,270,61,209,34
6507,20240604,7,14,251,213,38,39
6508,20220301,8,14,252,250,2,40
6509,20220930,9,14,174,75,99,37
6510,20240409,10,14,281,15,266,52
6511,20231102,11,14,191,110,81,54
6512,20240905,12,14,75,44,31,31
6513,20241120,13,14,287,31,256,39
6514,20220301,14,14,148,79,69,59
6515,20231119,15,14,64,48,16,37
6516,20230508,16,14,110,36,74,57
6517,20241114,17,14,260,219,41,40
6518,20220123,18,14,62,51,11,56
6519,20240915,19,14,73,39,34,36
6520,20221126,20,14,252,21,231,54
6521,20240605,21,14,134,57,77,58
6522,20220728,22,14,237,224,13,59
6523,20240807,23,14,254,105,149,57
6524,20231228,24,14,211,196,15,45
6525,20230725,25,14,243,134,109,56
6526,20241128,26,14,191,128,63,52
6527,20231001,27,14,261,231,30,56
6528,20220803,28,14,65,54,11,59
6529,20230314,29,14,296,141,155,52
6530,20220309,30,14,154,81,73,37
6531,20231125,31,14,206,19,187,58
6532,20240809,32,14,280,243,37,29
6533,20240207,33,14,53,44,9,22
6534,20231124,34,14,223,216,7,39
6535,20221113,35,14,241,183,58,29
6536,20241208,36,14,223,181,42,55
6537,20240328,37,14,194,41,153,23
6538,20241112,38,14,293,194,99,30
6539,20240522,39,14,125,74,51,32
6540,20220701,40,14,187,161,26,55
6541,20240610,41,14,88,33,55,33
6542,20230616,42,14,284,83,201,53
6543,20240224,43,14,136,57,79,48
6544,20241023,44,14,108,43,65,30
6545,20230223,45,14,125,61,64,51
6546,20230816,46,14,287,150,137,33
6547,20240510,47,14,265,58,207,46
6548,20220608,48,14,216,135,81,57
6549,20241106,49,14,144,10,134,57
6550,20241027,50,14,256,128,128,53
6551,20240227,51,14,81,19,62,57
6552,20230508,52,14,71,24,47,55
6553,20230408,53,14,274,32,242,42
6554,20240717,54,14,115,30,85,24
6555,20240209,55,14,165,91,74,37
6556,20230522,56,14,283,277,6,50
6557,20220628,57,14,255,180,75,26
6558,20230708,58,14,88,65,23,24
6559,20220528,59,14,267,15,252,40
6560,20241205,60,14,157,50,107,42
6561,20231021,61,14,269,174,95,54
6562,20240610,62,14,294,118,176,31
6563,20241220,63,14,145,144,1,24
6564,20220125,64,14,136,61,75,28
6565,20240728,65,14,236,216,20,41
6566,20240523,66,14,250,28,222,32
6567,20230112,67,14,222,82,140,55
6568,20230112,68,14,200,31,169,51
6569,20240128,69,14,65,54,11,21
6570,20230830,70,14,93,19,74,30
6571,20220320,71,14,118,115,3,53
6572,20220407,72,14,168,99,69,55
6573,20231229,73,14,161,26,135,57
6574,20220527,74,14,147,114,33,54
6575,20230918,75,14,210,88,122,33
6576,20221108,76,14,272,119,153,45
6577,20220629,77,14,250,28,222,41
6578,20221019,78,14,275,138,137,21
6579,20221226,79,14,276,51,225,53
6580,20240329,80,14,200,167,33,27
6581,20240309,81,14,94,54,40,60
6582,20220905,82,14,144,136,8,25
6583,20230315,83,14,183,123,60,60
6584,20231126,84,14,153,129,24,20
6585,20221016,85,14,173,109,64,28
6586,20230906,86,14,184,127,57,30
6587,20220322,87,14,93,15,78,29
6588,20240106,88,14,84,61,23,36
6589,20220416,89,14,76,17,59,32
6590,20220410,90,14,197,160,37,40
6591,20220830,91,14,152,151,1,39
6592,20231219,92,14,53,16,37,20
6593,20220602,93,14,114,105,9,30
6594,20220920,94,14,287,10,277,46
6595,20240602,95,14,50,32,18,33
6596,20220211,96,14,109,80,29,20
6597,20230307,97,14,184,89,95,37
6598,20230626,98,14,204,46,158,51
6599,20221115,99,14,72,44,28,36
6600,20240803,100,14,144,91,53,46
6601,20230103,101,14,300,13,287,44
6602,20230329,102,14,135,95,40,22
6603,20240102,103,14,53,35,18,36
6604,20220102,104,14,229,198,31,47
6605,20240507,105,14,252,190,62,41
6606,20231231,106,14,202,136,66,54
6607,20241115,107,14,51,43,8,50
6608,20221106,108,14,230,109,121,51
6609,20240304,109,14,192,167,25,47
6610,20220830,110,14,249,94,155,20
6611,20230225,111,14,250,158,92,37
6612,20240218,112,14,234,208,26,56
6613,20240206,113,14,204,159,45,23
6614,20240806,114,14,143,56,87,60
6615,20230512,115,14,242,174,68,42
6616,20231129,116,14,76,12,64,36
6617,20230110,117,14,148,131,17,31
6618,20231124,118,14,267,28,239,32
6619,20230414,119,14,278,256,22,25
6620,20230124,120,14,126,105,21,38
6621,20230506,121,14,265,136,129,38
6622,20241008,122,14,292,104,188,43
6623,20230413,123,14,265,19,246,56
6624,20221027,124,14,246,147,99,50
6625,20241220,125,14,53,46,7,56
6626,20220210,126,14,293,184,109,52
6627,20231221,127,14,178,143,35,56
6628,20230218,128,14,293,232,61,54
6629,20220116,129,14,300,39,261,46
6630,20240319,130,14,86,60,26,30
6631,20221113,131,14,250,102,148,47
6632,20230314,132,14,272,233,39,41
6633,20220409,133,14,156,141,15,51
6634,20231222,134,14,220,153,67,53
6635,20221221,135,14,136,66,70,58
6636,20240306,136,14,148,79,69,59
6637,20231004,137,14,236,14,222,26
6638,20230415,138,14,160,142,18,48
6639,20220505,139,14,85,56,29,24
6640,20221020,140,14,275,76,199,43
6641,20221225,141,14,64,56,8,43
6642,20241116,142,14,115,52,63,33
6643,20240915,143,14,126,117,9,54
6644,20230505,144,14,112,103,9,28
6645,20240312,145,14,198,54,144,25
6646,20240624,146,14,220,160,60,59
6647,20220814,147,14,264,37,227,39
6648,20240617,148,14,105,51,54,20
6649,20230516,149,14,278,39,239,26
6650,20230814,150,14,225,203,22,39
6651,20240128,151,14,142,13,129,54
6652,20240415,152,14,201,52,149,39
6653,20240831,153,14,87,54,33,22
6654,20220418,154,14,96,70,26,36
6655,20231022,155,14,292,74,218,58
6656,20240214,156,14,263,244,19,25
6657,20220213,157,14,165,71,94,37
6658,20220519,158,14,73,45,28,34
6659,20240303,159,14,131,105,26,23
6660,20240503,160,14,87,84,3,26
6661,20240714,161,14,180,162,18,52
6662,20230828,162,14,165,21,144,26
6663,20220921,163,14,259,47,212,34
6664,20220917,164,14,280,96,184,45
6665,20230606,165,14,294,57,237,40
6666,20240219,166,14,269,230,39,23
6667,20231113,167,14,202,75,127,23
6668,20240425,168,14,160,159,1,56
6669,20240121,169,14,253,57,196,30
6670,20240609,170,14,297,285,12,42
6671,20220830,171,14,296,159,137,49
6672,20231215,172,14,55,55,0,48
6673,20231005,173,14,192,27,165,32
6674,20240116,174,14,174,133,41,21
6675,20241230,175,14,124,87,37,55
6676,20240504,176,14,194,30,164,29
6677,20240903,177,14,89,35,54,21
6678,20220102,178,14,222,180,42,22
6679,20241025,179,14,224,53,171,26
6680,20230811,180,14,252,120,132,55
6681,20240731,181,14,108,53,55,40
6682,20220627,182,14,257,92,165,60
6683,20240812,183,14,112,50,62,37
6684,20240928,184,14,99,26,73,58
6685,20240128,185,14,89,41,48,43
6686,20230627,186,14,90,88,2,23
6687,20240818,187,14,223,129,94,23
6688,20221018,188,14,101,13,88,27
6689,20230126,189,14,167,31,136,54
6690,20240331,190,14,212,123,89,46
6691,20231116,191,14,197,148,49,25
6692,20220613,192,14,256,61,195,40
6693,20230426,193,14,278,104,174,40
6694,20220410,194,14,161,48,113,23
6695,20221018,195,14,113,58,55,36
6696,20221228,196,14,240,218,22,48
6697,20240710,197,14,247,79,168,55
6698,20230124,198,14,78,44,34,32
6699,20231006,199,14,122,93,29,24
6700,20230914,200,14,286,268,18,44
6701,20230222,201,14,131,32,99,59
6702,20240618,202,14,290,104,186,43
6703,20230320,203,14,229,98,131,42
6704,20231125,204,14,166,141,25,34
6705,20230605,205,14,93,44,49,55
6706,20240519,206,14,57,33,24,35
6707,20230603,207,14,174,26,148,50
6708,20241121,208,14,273,14,259,57
6709,20240318,209,14,203,97,106,23
6710,20231120,210,14,299,210,89,32
6711,20230215,211,14,263,59,204,38
6712,20240803,212,14,238,125,113,57
6713,20231130,213,14,194,162,32,35
6714,20220205,214,14,233,93,140,26
6715,20220914,215,14,152,114,38,59
6716,20230521,216,14,198,101,97,50
6717,20240828,217,14,291,195,96,41
6718,20241201,218,14,219,212,7,41
6719,20241019,219,14,224,97,127,54
6720,20230110,220,14,263,118,145,52
6721,20230126,221,14,83,37,46,43
6722,20220109,222,14,128,80,48,56
6723,20231027,223,14,280,159,121,47
6724,20231018,224,14,271,257,14,21
6725,20241104,225,14,109,63,46,46
6726,20240607,226,14,92,89,3,24
6727,20221103,227,14,267,90,177,28
6728,20231204,228,14,236,230,6,43
6729,20241106,229,14,281,105,176,46
6730,20220808,230,14,149,83,66,24
6731,20230406,231,14,255,75,180,44
6732,20240903,232,14,239,135,104,24
6733,20231120,233,14,101,85,16,58
6734,20231102,234,14,228,173,55,39
6735,20220406,235,14,65,45,20,43
6736,20241205,236,14,291,121,170,60
6737,20220805,237,14,173,147,26,26
6738,20240519,238,14,292,193,99,21
6739,20230921,239,14,179,59,120,60
6740,20240904,240,14,205,139,66,58
6741,20220824,241,14,298,287,11,54
6742,20220606,242,14,249,159,90,50
6743,20230219,243,14,189,122,67,21
6744,20241213,244,14,251,19,232,52
6745,20220106,245,14,240,99,141,22
6746,20240826,246,14,219,115,104,50
6747,20230212,247,14,265,43,222,49
6748,20230407,248,14,73,34,39,47
6749,20220310,249,14,74,60,14,46
6750,20230701,250,14,116,59,57,59
6751,20240217,251,14,116,14,102,21
6752,20230724,252,14,281,165,116,28
6753,20220227,253,14,241,104,137,41
6754,20220822,254,14,173,138,35,22
6755,20240730,255,14,139,87,52,37
6756,20241001,256,14,216,94,122,39
6757,20230718,257,14,55,26,29,48
6758,20240330,258,14,200,131,69,27
6759,20231212,259,14,67,42,25,21
6760,20220124,260,14,195,85,110,35
6761,20231225,261,14,110,84,26,33
6762,20231116,262,14,85,60,25,55
6763,20240507,263,14,195,184,11,23
6764,20241206,264,14,97,17,80,50
6765,20240801,265,14,186,25,161,30
6766,20230925,266,14,246,214,32,41
6767,20230625,267,14,241,116,125,47
6768,20230205,268,14,179,79,100,43
6769,20240113,269,14,153,137,16,52
6770,20231119,270,14,206,44,162,36
6771,20220720,271,14,284,32,252,33
6772,20240414,272,14,289,244,45,23
6773,20241018,273,14,143,142,1,41
6774,20241212,274,14,131,48,83,21
6775,20240217,275,14,72,43,29,21
6776,20240515,276,14,162,72,90,22
6777,20230129,277,14,195,63,132,24
6778,20230811,278,14,63,41,22,48
6779,20220625,279,14,173,56,117,36
6780,20220119,280,14,214,155,59,37
6781,20220217,281,14,221,139,82,38
6782,20220103,282,14,119,104,15,49
6783,20220717,283,14,281,19,262,36
6784,20241227,284,14,131,40,91,37
6785,20240823,285,14,91,47,44,53
6786,20230705,286,14,265,21,244,23
6787,20220726,287,14,243,154,89,44
6788,20230624,288,14,109,52,57,43
6789,20221122,289,14,204,152,52,51
6790,20241002,290,14,288,121,167,60
6791,20220127,291,14,274,186,88,46
6792,20220928,292,14,176,65,111,40
6793,20241226,293,14,137,46,91,51
6794,20240529,294,14,197,192,5,30
6795,20221031,295,14,187,173,14,22
6796,20220809,296,14,119,45,74,53
6797,20230612,297,14,125,13,112,48
6798,20230907,298,14,108,39,69,49
6799,20220319,299,14,219,52,167,39
6800,20221006,300,14,246,56,190,55
6801,20220201,301,14,289,272,17,59
6802,20240805,302,14,165,53,112,23
6803,20220122,303,14,194,41,153,23
6804,20231128,304,14,198,16,182,41
6805,20241106,305,14,182,145,37,45
6806,20240711,306,14,169,62,107,33
6807,20220528,307,14,177,160,17,52
6808,20230927,308,14,219,32,187,55
6809,20240928,309,14,121,100,21,23
6810,20220108,310,14,217,212,5,53
6811,20241017,311,14,293,119,174,41
6812,20231007,312,14,95,43,52,60
6813,20231221,313,14,123,94,29,49
6814,20240710,314,14,233,113,120,45
6815,20241006,315,14,293,13,280,51
6816,20230303,316,14,260,70,190,31
6817,20220716,317,14,173,163,10,51
6818,20241221,318,14,298,242,56,46
6819,20231026,319,14,119,66,53,50
6820,20241210,320,14,209,204,5,29
6821,20230227,321,14,267,147,120,37
6822,20241116,322,14,182,21,161,60
6823,20220628,323,14,277,189,88,59
6824,20230317,324,14,173,16,157,38
6825,20240206,325,14,134,66,68,25
6826,20221031,326,14,81,71,10,39
6827,20240329,327,14,80,75,5,48
6828,20220522,328,14,200,161,39,32
6829,20220519,329,14,191,44,147,49
6830,20240116,330,14,160,106,54,58
6831,20220801,331,14,278,246,32,37
6832,20230816,332,14,158,102,56,26
6833,20220118,333,14,208,20,188,36
6834,20241130,334,14,134,125,9,25
6835,20220712,335,14,99,88,11,34
6836,20220725,336,14,256,157,99,33
6837,20230527,337,14,132,132,0,23
6838,20240926,338,14,245,107,138,47
6839,20230221,339,14,53,25,28,53
6840,20231019,340,14,75,69,6,47
6841,20230930,341,14,223,90,133,33
6842,20220822,342,14,192,96,96,33
6843,20221201,343,14,70,58,12,49
6844,20241022,344,14,108,102,6,32
6845,20240129,345,14,120,105,15,51
6846,20230827,346,14,208,86,122,48
6847,20230915,347,14,105,97,8,26
6848,20230108,348,14,97,15,82,26
6849,20230924,349,14,61,18,43,21
6850,20240620,350,14,279,64,215,31
6851,20220522,351,14,144,75,69,29
6852,20230323,352,14,255,160,95,30
6853,20221002,353,14,277,178,99,32
6854,20220123,354,14,298,73,225,30
6855,20240203,355,14,84,68,16,58
6856,20230930,356,14,221,149,72,50
6857,20231116,357,14,163,29,134,46
6858,20240101,358,14,67,65,2,57
6859,20240531,359,14,236,202,34,23
6860,20231210,360,14,58,27,31,47
6861,20230918,361,14,161,146,15,51
6862,20240824,362,14,182,90,92,56
6863,20240525,363,14,97,33,64,39
6864,20230907,364,14,204,170,34,22
6865,20230219,365,14,158,64,94,45
6866,20241204,366,14,60,39,21,32
6867,20230717,367,14,154,44,110,47
6868,20220105,368,14,137,24,113,29
6869,20240727,369,14,230,29,201,24
6870,20241203,370,14,150,28,122,23
6871,20240817,371,14,127,119,8,54
6872,20240201,372,14,223,13,210,38
6873,20220605,373,14,163,24,139,27
6874,20231106,374,14,284,60,224,24
6875,20240405,375,14,246,224,22,45
6876,20230515,376,14,231,204,27,58
6877,20221006,377,14,77,21,56,51
6878,20230303,378,14,55,18,37,23
6879,20221218,379,14,209,203,6,29
6880,20230213,380,14,223,31,192,25
6881,20230610,381,14,149,103,46,40
6882,20220208,382,14,259,224,35,49
6883,20230802,383,14,284,100,184,30
6884,20230115,384,14,86,85,1,47
6885,20240405,385,14,124,52,72,55
6886,20230701,386,14,224,160,64,31
6887,20230214,387,14,267,56,211,48
6888,20240330,388,14,271,128,143,25
6889,20231106,389,14,65,58,7,45
6890,20231108,390,14,64,19,45,50
6891,20241017,391,14,296,101,195,53
6892,20230720,392,14,55,11,44,60
6893,20230704,393,14,267,139,128,22
6894,20230323,394,14,233,109,124,52
6895,20231015,395,14,72,33,39,44
6896,20220521,396,14,83,17,66,53
6897,20240701,397,14,279,59,220,42
6898,20220508,398,14,183,44,139,31
6899,20240526,399,14,197,161,36,58
6900,20231214,400,14,91,87,4,28
6901,20240525,401,14,185,157,28,35
6902,20220605,402,14,108,58,50,33
6903,20230630,403,14,151,99,52,32
6904,20221224,404,14,110,12,98,27
6905,20230809,405,14,75,14,61,57
6906,20241212,406,14,121,65,56,37
6907,20240728,407,14,104,92,12,52
6908,20220602,408,14,275,269,6,49
6909,20231013,409,14,180,88,92,60
6910,20240915,410,14,109,109,0,21
6911,20220501,411,14,111,62,49,54
6912,20220415,412,14,195,29,166,40
6913,20220211,413,14,160,16,144,26
6914,20230523,414,14,179,46,133,51
6915,20240909,415,14,150,45,105,54
6916,20240522,416,14,164,129,35,43
6917,20240426,417,14,92,65,27,43
6918,20220217,418,14,75,20,55,34
6919,20230817,419,14,284,90,194,36
6920,20230911,420,14,196,54,142,51
6921,20240205,421,14,124,62,62,27
6922,20240523,422,14,272,49,223,43
6923,20230813,423,14,149,93,56,45
6924,20220724,424,14,77,43,34,20
6925,20230309,425,14,115,88,27,28
6926,20240620,426,14,160,150,10,44
6927,20221123,427,14,224,66,158,33
6928,20240618,428,14,51,16,35,43
6929,20230504,429,14,165,77,88,40
6930,20241113,430,14,51,36,15,25
6931,20220612,431,14,278,38,240,40
6932,20230124,432,14,111,97,14,33
6933,20231202,433,14,214,137,77,57
6934,20240921,434,14,115,76,39,35
6935,20230604,435,14,137,50,87,33
6936,20220803,436,14,214,88,126,55
6937,20220512,437,14,74,67,7,21
6938,20240614,438,14,103,25,78,47
6939,20230304,439,14,84,23,61,35
6940,20230425,440,14,188,149,39,40
6941,20230317,441,14,166,159,7,21
6942,20230714,442,14,297,210,87,48
6943,20240928,443,14,72,24,48,43
6944,20230502,444,14,178,12,166,41
6945,20230117,445,14,239,148,91,32
6946,20220225,446,14,210,105,105,37
6947,20230825,447,14,155,130,25,30
6948,20240204,448,14,71,48,23,37
6949,20220517,449,14,129,24,105,51
6950,20220401,450,14,254,167,87,24
6951,20240611,451,14,252,119,133,24
6952,20231024,452,14,272,29,243,43
6953,20230807,453,14,50,22,28,60
6954,20220704,454,14,126,16,110,43
6955,20230505,455,14,79,17,62,22
6956,20240822,456,14,133,42,91,34
6957,20241228,457,14,165,162,3,58
6958,20230630,458,14,266,185,81,48
6959,20231027,459,14,131,25,106,51
6960,20240809,460,14,182,120,62,29
6961,20240307,461,14,150,36,114,23
6962,20240104,462,14,138,51,87,34
6963,20220324,463,14,147,144,3,54
6964,20220925,464,14,141,60,81,34
6965,20220206,465,14,188,38,150,34
6966,20230112,466,14,286,159,127,35
6967,20231005,467,14,215,33,182,28
6968,20230810,468,14,190,61,129,36
6969,20231124,469,14,103,96,7,20
6970,20230428,470,14,156,100,56,33
6971,20240213,471,14,77,66,11,37
6972,20220726,472,14,111,29,82,46
6973,20230820,473,14,71,21,50,28
6974,20240413,474,14,300,137,163,37
6975,20231027,475,14,192,190,2,24
6976,20230108,476,14,224,99,125,49
6977,20240203,477,14,162,137,25,47
6978,20240417,478,14,183,64,119,60
6979,20240805,479,14,60,46,14,42
6980,20230106,480,14,78,36,42,45
6981,20240404,481,14,60,17,43,43
6982,20220614,482,14,61,45,16,57
6983,20240225,483,14,234,152,82,20
6984,20220415,484,14,122,45,77,36
6985,20240613,485,14,196,87,109,56
6986,20221118,486,14,54,35,19,25
6987,20240104,487,14,265,202,63,31
6988,20230804,488,14,119,21,98,38
6989,20220719,489,14,191,167,24,46
6990,20220321,490,14,64,25,39,57
6991,20240508,491,14,279,88,191,33
6992,20220511,492,14,296,133,163,27
6993,20231208,493,14,229,174,55,58
6994,20230325,494,14,240,21,219,46
6995,20241204,495,14,222,112,110,47
6996,20240606,496,14,283,36,247,20
6997,20230410,497,14,281,232,49,55
6998,20240615,498,14,148,101,47,44
6999,20231114,499,14,232,131,101,22
7000,20240721,500,14,159,41,118,59
7001,20230115,1,15,263,220,43,51
7002,20220106,2,15,222,196,26,37
7003,20240313,3,15,246,136,110,35
7004,20240809,4,15,148,81,67,42
7005,20220720,5,15,293,278,15,48
7006,20230906,6,15,54,35,19,20
7007,20230805,7,15,170,109,61,55
7008,20231227,8,15,179,131,48,44
7009,20220520,9,15,270,188,82,34
7010,20241110,10,15,125,65,60,42
7011,20230707,11,15,80,50,30,33
7012,20241128,12,15,113,80,33,24
7013,20221009,13,15,125,115,10,48
7014,20240827,14,15,122,42,80,21
7015,20220102,15,15,292,93,199,49
7016,20220312,16,15,215,169,46,34
7017,20240129,17,15,174,100,74,56
7018,20230919,18,15,276,84,192,55
7019,20220502,19,15,249,103,146,52
7020,20240804,20,15,90,65,25,41
7021,20240209,21,15,229,95,134,48
7022,20230403,22,15,53,15,38,56
7023,20220625,23,15,144,93,51,42
7024,20220129,24,15,250,15,235,54
7025,20231102,25,15,272,75,197,48
7026,20241221,26,15,51,34,17,40
7027,20240119,27,15,147,134,13,44
7028,20230831,28,15,106,20,86,34
7029,20221222,29,15,105,100,5,43
7030,20220826,30,15,78,34,44,31
7031,20220227,31,15,118,91,27,52
7032,20240818,32,15,254,156,98,30
7033,20240602,33,15,175,98,77,41
7034,20240504,34,15,133,129,4,24
7035,20240809,35,15,158,121,37,43
7036,20240131,36,15,232,101,131,50
7037,20240423,37,15,103,58,45,36
7038,20231012,38,15,165,33,132,20
7039,20240524,39,15,107,74,33,48
7040,20230511,40,15,174,56,118,49
7041,20220209,41,15,82,45,37,28
7042,20230823,42,15,149,67,82,25
7043,20231124,43,15,142,20,122,52
7044,20230602,44,15,154,15,139,41
7045,20220926,45,15,221,10,211,43
7046,20231102,46,15,248,129,119,56
7047,20221117,47,15,194,149,45,33
7048,20221125,48,15,217,197,20,43
7049,20220607,49,15,145,104,41,58
7050,20240713,50,15,174,148,26,48
7051,20240211,51,15,263,216,47,53
7052,20240408,52,15,116,108,8,45
7053,20240206,53,15,87,54,33,37
7054,20220918,54,15,210,181,29,29
7055,20230409,55,15,151,102,49,26
7056,20220521,56,15,252,102,150,38
7057,20240826,57,15,136,87,49,42
7058,20230101,58,15,216,180,36,52
7059,20240617,59,15,282,133,149,59
7060,20221207,60,15,60,58,2,51
7061,20230112,61,15,91,49,42,34
7062,20220818,62,15,165,59,106,34
7063,20231023,63,15,74,18,56,52
7064,20240303,64,15,78,37,41,21
7065,20240930,65,15,123,41,82,20
7066,20230712,66,15,251,143,108,48
7067,20230717,67,15,237,192,45,28
7068,20220102,68,15,300,87,213,55
7069,20240603,69,15,87,10,77,36
7070,20220713,70,15,131,52,79,32
7071,20231017,71,15,120,117,3,23
7072,20230129,72,15,239,217,22,23
7073,20230512,73,15,200,186,14,36
7074,20240222,74,15,99,41,58,50
7075,20230830,75,15,174,51,123,39
7076,20220822,76,15,270,37,233,54
7077,20240622,77,15,174,17,157,41
7078,20230921,78,15,160,128,32,58
7079,20230423,79,15,150,39,111,24
7080,20230927,80,15,169,152,17,31
7081,20220617,81,15,225,119,106,37
7082,20240126,82,15,210,184,26,32
7083,20241120,83,15,220,141,79,23
7084,20240109,84,15,138,130,8,27
7085,20241019,85,15,64,54,10,48
7086,20220714,86,15,55,54,1,30
7087,20221002,87,15,167,140,27,48
7088,20220829,88,15,250,11,239,22
7089,20240412,89,15,232,120,112,40
7090,20240513,90,15,213,110,103,50
7091,20230126,91,15,116,82,34,60
7092,20241008,92,15,128,52,76,60
7093,20220502,93,15,254,38,216,24
7094,20240410,94,15,79,52,27,31
7095,20240812,95,15,290,221,69,29
7096,20241026,96,15,225,131,94,50
7097,20230803,97,15,175,42,133,59
7098,20231216,98,15,217,101,116,26
7099,20230302,99,15,97,21,76,45
7100,20230222,100,15,117,90,27,41
7101,20230921,101,15,205,40,165,58
7102,20220510,102,15,122,47,75,40
7103,20230723,103,15,67,55,12,37
7104,20220807,104,15,70,24,46,32
7105,20230219,105,15,71,39,32,30
7106,20230825,106,15,268,38,230,30
7107,20230102,107,15,121,62,59,22
7108,20240322,108,15,81,53,28,23
7109,20240613,109,15,50,26,24,39
7110,20230810,110,15,273,117,156,35
7111,20221014,111,15,61,15,46,37
7112,20230609,112,15,76,53,23,60
7113,20220724,113,15,131,12,119,40
7114,20231011,114,15,96,62,34,39
7115,20240808,115,15,92,71,21,54
7116,20240912,116,15,101,44,57,57
7117,20221218,117,15,211,91,120,47
7118,20231219,118,15,275,61,214,29
7119,20230404,119,15,267,194,73,36
7120,20240406,120,15,99,11,88,37
7121,20221029,121,15,96,54,42,23
7122,20230721,122,15,153,23,130,51
7123,20241209,123,15,149,102,47,57
7124,20240621,124,15,211,204,7,41
7125,20230620,125,15,265,123,142,47
7126,20241011,126,15,160,69,91,54
7127,20220412,127,15,90,21,69,60
7128,20241209,128,15,207,115,92,42
7129,20230122,129,15,156,61,95,55
7130,20220617,130,15,123,64,59,27
7131,20240605,131,15,241,118,123,55
7132,20220824,132,15,208,187,21,29
7133,20230411,133,15,89,12,77,38
7134,20240904,134,15,244,72,172,47
7135,20230704,135,15,296,63,233,50
7136,20221126,136,15,94,13,81,21
7137,20240124,137,15,212,156,56,28
7138,20241102,138,15,200,42,158,27
7139,20240725,139,15,65,24,41,44
7140,20241124,140,15,279,269,10,49
7141,20230117,141,15,143,87,56,28
7142,20220118,142,15,127,27,100,37
7143,20240617,143,15,186,76,110,26
7144,20240105,144,15,285,210,75,26
7145,20220626,145,15,156,46,110,36
7146,20240505,146,15,59,12,47,30
7147,20230523,147,15,149,141,8,35
7148,20240309,148,15,104,31,73,26
7149,20231006,149,15,105,31,74,39
7150,20240129,150,15,216,53,163,25
7151,20240329,151,15,299,121,178,28
7152,20221101,152,15,223,223,0,27
7153,20240121,153,15,285,83,202,24
7154,20241125,154,15,120,119,1,30
7155,20220212,155,15,102,74,28,56
7156,20240422,156,15,194,160,34,38
7157,20240823,157,15,216,15,201,35
7158,20220221,158,15,275,64,211,59
7159,20231115,159,15,69,30,39,58
7160,20220629,160,15,235,37,198,33
7161,20240319,161,15,262,232,30,32
7162,20230615,162,15,296,129,167,59
7163,20241126,163,15,224,137,87,56
7164,20220313,164,15,113,111,2,22
7165,20221230,165,15,193,156,37,54
7166,20230729,166,15,132,88,44,22
7167,20241014,167,15,219,202,17,59
7168,20220929,168,15,300,154,146,23
7169,20230918,169,15,151,107,44,20
7170,20231023,170,15,94,48,46,36
7171,20240320,171,15,185,174,11,45
7172,20240909,172,15,256,17,239,42
7173,20240914,173,15,215,157,58,43
7174,20230215,174,15,180,17,163,47
7175,20230831,175,15,74,44,30,51
7176,20241115,176,15,259,23,236,51
7177,20240522,177,15,185,166,19,22
7178,20230605,178,15,113,39,74,51
7179,20241201,179,15,200,20,180,27
7180,20221127,180,15,80,30,50,50
7181,20240619,181,15,51,20,31,23
7182,20240313,182,15,127,21,106,54
7183,20220802,183,15,220,162,58,39
7184,20221008,184,15,142,29,113,42
7185,20240317,185,15,268,75,193,38
7186,20240320,186,15,268,181,87,55
7187,20220225,187,15,86,77,9,26
7188,20230105,188,15,134,119,15,25
7189,20220522,189,15,265,200,65,28
7190,20240424,190,15,123,13,110,52
7191,20240517,191,15,130,95,35,32
7192,20220721,192,15,107,77,30,34
7193,20240416,193,15,210,60,150,42
7194,20240907,194,15,66,38,28,58
7195,20230205,195,15,206,123,83,40
7196,20220819,196,15,178,43,135,21
7197,20240812,197,15,136,70,66,59
7198,20220418,198,15,149,28,121,57
7199,20230301,199,15,191,26,165,55
7200,20240727,200,15,90,57,33,38
7201,20220615,201,15,250,47,203,27
7202,20230813,202,15,164,91,73,37
7203,20220612,203,15,124,12,112,48
7204,20240313,204,15,173,36,137,25
7205,20240710,205,15,168,55,113,57
7206,20220217,206,15,225,13,212,34
7207,20220819,207,15,99,35,64,40
7208,20230713,208,15,125,97,28,58
7209,20220521,209,15,100,62,38,51
7210,20240814,210,15,214,61,153,25
7211,20220525,211,15,175,105,70,50
7212,20240329,212,15,262,227,35,58
7213,20230806,213,15,174,37,137,24
7214,20220620,214,15,73,68,5,36
7215,20241126,215,15,52,13,39,33
7216,20221103,216,15,277,127,150,44
7217,20241231,217,15,68,60,8,21
7218,20241002,218,15,276,94,182,42
7219,20221018,219,15,202,79,123,47
7220,20230122,220,15,266,70,196,52
7221,20221019,221,15,175,135,40,40
7222,20221209,222,15,299,208,91,36
7223,20230109,223,15,282,159,123,43
7224,20231016,224,15,288,279,9,22
7225,20220613,225,15,121,39,82,21
7226,20230209,226,15,208,36,172,25
7227,20220404,227,15,69,69,0,36
7228,20240109,228,15,172,170,2,41
7229,20231115,229,15,213,21,192,36
7230,20230829,230,15,271,244,27,42
7231,20231112,231,15,191,166,25,40
7232,20230311,232,15,210,135,75,40
7233,20221014,233,15,124,39,85,29
7234,20230721,234,15,257,11,246,40
7235,20230626,235,15,102,87,15,51
7236,20230319,236,15,106,26,80,58
7237,20240219,237,15,274,34,240,54
7238,20220714,238,15,286,228,58,35
7239,20230426,239,15,101,47,54,23
7240,20220729,240,15,294,37,257,43
7241,20220529,241,15,67,59,8,21
7242,20241210,242,15,176,33,143,42
7243,20221215,243,15,65,34,31,53
7244,20240719,244,15,158,30,128,43
7245,20220826,245,15,265,215,50,52
7246,20220111,246,15,242,72,170,27
7247,20240404,247,15,239,92,147,41
7248,20220820,248,15,197,101,96,51
7249,20230915,249,15,85,12,73,58
7250,20220227,250,15,58,44,14,34
7251,20240301,251,15,128,38,90,54
7252,20241116,252,15,293,155,138,56
7253,20241018,253,15,169,169,0,43
7254,20231003,254,15,270,43,227,50
7255,20240208,255,15,87,11,76,57
7256,20230530,256,15,78,67,11,57
7257,20230208,257,15,58,50,8,31
7258,20230128,258,15,96,75,21,33
7259,20220616,259,15,223,153,70,45
7260,20231109,260,15,284,150,134,21
7261,20220203,261,15,126,23,103,56
7262,20241019,262,15,204,173,31,20
7263,20220519,263,15,81,56,25,53
7264,20230507,264,15,93,44,49,28
7265,20230829,265,15,279,71,208,29
7266,20230607,266,15,80,52,28,26
7267,20241202,267,15,58,26,32,41
7268,20220104,268,15,185,111,74,33
7269,20240522,269,15,141,84,57,58
7270,20231118,270,15,80,61,19,51
7271,20221029,271,15,91,81,10,27
7272,20240606,272,15,217,18,199,37
7273,20220110,273,15,292,55,237,25
7274,20240311,274,15,275,199,76,46
7275,20220104,275,15,176,24,152,51
7276,20240504,276,15,153,37,116,43
7277,20231031,277,15,137,66,71,47
7278,20240826,278,15,99,49,50,51
7279,20230618,279,15,76,27,49,59
7280,20230406,280,15,74,34,40,20
7281,20230313,281,15,182,14,168,26
7282,20230605,282,15,110,64,46,51
7283,20230417,283,15,103,34,69,21
7284,20230201,284,15,116,83,33,58
7285,20231126,285,15,128,59,69,51
7286,20241220,286,15,127,95,32,49
7287,20240224,287,15,116,82,34,27
7288,20240529,288,15,273,136,137,22
7289,20221224,289,15,247,55,192,30
7290,20221001,290,15,267,21,246,25
7291,20230820,291,15,96,87,9,54
7292,20230608,292,15,243,161,82,31
7293,20240530,293,15,246,234,12,59
7294,20240401,294,15,134,75,59,48
7295,20220608,295,15,81,23,58,54
7296,20220312,296,15,247,204,43,21
7297,20240323,297,15,250,210,40,23
7298,20240919,298,15,60,27,33,23
7299,20240710,299,15,165,90,75,46
7300,20221224,300,15,256,49,207,20
7301,20220824,301,15,147,116,31,37
7302,20230520,302,15,55,37,18,59
7303,20240710,303,15,115,33,82,36
7304,20230517,304,15,257,199,58,36
7305,20241026,305,15,164,102,62,49
7306,20240901,306,15,114,43,71,49
7307,20220627,307,15,101,50,51,32
7308,20241119,308,15,204,115,89,56
7309,20220713,309,15,199,39,160,41
7310,20220314,310,15,262,134,128,23
7311,20240212,311,15,220,164,56,31
7312,20231208,312,15,186,129,57,46
7313,20241010,313,15,92,32,60,49
7314,20231021,314,15,145,49,96,35
7315,20240728,315,15,256,32,224,40
7316,20240117,316,15,185,111,74,50
7317,20241231,317,15,268,268,0,22
7318,20240124,318,15,50,25,25,29
7319,20241230,319,15,104,74,30,22
7320,20241219,320,15,115,96,19,33
7321,20230705,321,15,153,13,140,23
7322,20230616,322,15,255,162,93,49
7323,20220830,323,15,156,152,4,31
7324,20220125,324,15,104,40,64,57
7325,20220819,325,15,183,54,129,46
7326,20230321,326,15,84,56,28,29
7327,20240723,327,15,192,61,131,42
7328,20230626,328,15,115,27,88,45
7329,20230411,329,15,90,52,38,52
7330,20221012,330,15,173,34,139,46
7331,20220722,331,15,82,10,72,56
7332,20240417,332,15,116,27,89,47
7333,20240216,333,15,175,83,92,56
7334,20240708,334,15,139,27,112,57
7335,20240112,335,15,190,74,116,20
7336,20230615,336,15,230,68,162,48
7337,20220807,337,15,58,48,10,57
7338,20220801,338,15,210,184,26,22
7339,20240707,339,15,66,10,56,60
7340,20240319,340,15,79,69,10,47
7341,20240517,341,15,300,111,189,25
7342,20240717,342,15,143,22,121,57
7343,20240504,343,15,79,38,41,46
7344,20221021,344,15,257,130,127,30
7345,20240215,345,15,161,66,95,53
7346,20231209,346,15,255,188,67,57
7347,20241013,347,15,189,35,154,39
7348,20230104,348,15,182,16,166,44
7349,20220423,349,15,67,33,34,30
7350,20220412,350,15,280,80,200,60
7351,20221114,351,15,139,120,19,54
7352,20231229,352,15,80,66,14,46
7353,20230303,353,15,252,128,124,60
7354,20220118,354,15,247,37,210,60
7355,20220910,355,15,250,31,219,54
7356,20240606,356,15,148,70,78,52
7357,20230711,357,15,62,21,41,30
7358,20220627,358,15,59,47,12,31
7359,20230711,359,15,298,85,213,53
7360,20240211,360,15,117,87,30,54
7361,20220506,361,15,78,49,29,37
7362,20240524,362,15,177,47,130,56
7363,20240508,363,15,279,201,78,27
7364,20240404,364,15,143,13,130,39
7365,20240713,365,15,116,78,38,30
7366,20231030,366,15,251,189,62,50
7367,20241220,367,15,133,27,106,47
7368,20230708,368,15,118,31,87,41
7369,20221015,369,15,53,21,32,40
7370,20240326,370,15,157,123,34,26
7371,20240830,371,15,237,219,18,42
7372,20240923,372,15,145,137,8,32
7373,20231102,373,15,243,179,64,23
7374,20240408,374,15,295,268,27,57
7375,20240120,375,15,223,176,47,33
7376,20240817,376,15,196,147,49,57
7377,20220321,377,15,215,115,100,53
7378,20230312,378,15,153,105,48,53
7379,20230211,379,15,284,59,225,34
7380,20230322,380,15,300,252,48,57
7381,20231004,381,15,127,121,6,33
7382,20221225,382,15,203,129,74,24
7383,20230902,383,15,188,24,164,34
7384,20231222,384,15,52,27,25,24
7385,20231219,385,15,183,103,80,57
7386,20220613,386,15,68,42,26,32
7387,20220810,387,15,124,107,17,38
7388,20230608,388,15,97,41,56,26
7389,20230226,389,15,231,188,43,49
7390,20230819,390,15,100,98,2,37
7391,20230325,391,15,180,51,129,59
7392,20230315,392,15,172,13,159,38
7393,20240126,393,15,82,34,48,59
7394,20220622,394,15,109,19,90,29
7395,20240607,395,15,233,197,36,48
7396,20240121,396,15,88,23,65,40
7397,20230302,397,15,258,64,194,45
7398,20240821,398,15,100,81,19,21
7399,20230430,399,15,286,122,164,52
7400,20220904,400,15,203,47,156,30
7401,20230819,401,15,260,166,94,21
7402,20240412,402,15,286,76,210,52
7403,20240618,403,15,231,190,41,39
7404,20230809,404,15,156,153,3,55
7405,20231205,405,15,149,106,43,52
7406,20240314,406,15,181,118,63,27
7407,20240603,407,15,83,48,35,21
7408,20230417,408,15,66,14,52,54
7409,20231122,409,15,92,87,5,41
7410,20230406,410,15,156,152,4,49
7411,20220331,411,15,104,82,22,30
7412,20220724,412,15,230,150,80,47
7413,20230413,413,15,193,170,23,59
7414,20240227,414,15,163,47,116,35
7415,20241226,415,15,120,16,104,40
7416,20241029,416,15,263,98,165,28
7417,20220408,417,15,214,55,159,46
7418,20241221,418,15,244,221,23,25
7419,20240730,419,15,140,29,111,34
7420,20220210,420,15,59,38,21,50
7421,20220716,421,15,146,114,32,52
7422,20220626,422,15,195,118,77,23
7423,20240304,423,15,159,25,134,33
7424,20230617,424,15,114,33,81,45
7425,20241127,425,15,256,87,169,58
7426,20221113,426,15,240,60,180,26
7427,20240806,427,15,150,80,70,50
7428,20230517,428,15,218,130,88,32
7429,20220303,429,15,186,128,58,52
7430,20231124,430,15,152,64,88,50
7431,20220813,431,15,159,102,57,44
7432,20230409,432,15,261,228,33,41
7433,20240905,433,15,72,54,18,49
7434,20240228,434,15,124,101,23,57
7435,20230918,435,15,51,39,12,28
7436,20220729,436,15,283,71,212,34
7437,20240923,437,15,299,61,238,21
7438,20231123,438,15,178,20,158,54
7439,20241017,439,15,197,35,162,54
7440,20240714,440,15,224,150,74,45
7441,20231101,441,15,69,30,39,51
7442,20230512,442,15,51,22,29,59
7443,20231026,443,15,146,138,8,43
7444,20220930,444,15,200,92,108,29
7445,20220514,445,15,97,65,32,44
7446,20240330,446,15,133,124,9,52
7447,20230613,447,15,125,38,87,56
7448,20230506,448,15,100,10,90,32
7449,20230720,449,15,144,71,73,26
7450,20230711,450,15,180,103,77,34
7451,20220921,451,15,130,106,24,43
7452,20240906,452,15,231,24,207,58
7453,20230826,453,15,171,21,150,23
7454,20230301,454,15,177,13,164,22
7455,20231012,455,15,244,68,176,38
7456,20230503,456,15,202,141,61,35
7457,20231205,457,15,184,101,83,38
7458,20240505,458,15,189,184,5,57
7459,20230522,459,15,171,82,89,59
7460,20220326,460,15,300,54,246,45
7461,20220809,461,15,277,127,150,56
7462,20231206,462,15,294,81,213,30
7463,20230318,463,15,279,103,176,22
7464,20220622,464,15,269,131,138,39
7465,20230316,465,15,286,178,108,40
7466,20230224,466,15,94,76,18,34
7467,20240224,467,15,112,25,87,28
7468,20241202,468,15,176,10,166,58
7469,20231219,469,15,202,183,19,55
7470,20240302,470,15,158,118,40,35
7471,20240127,471,15,268,171,97,33
7472,20241207,472,15,116,25,91,59
7473,20230909,473,15,102,86,16,43
7474,20220916,474,15,177,43,134,40
7475,20240330,475,15,246,227,19,51
7476,20230223,476,15,158,104,54,58
7477,20241113,477,15,203,12,191,41
7478,20240402,478,15,183,172,11,28
7479,20220117,479,15,296,22,274,42
7480,20240602,480,15,61,61,0,49
7481,20221224,481,15,175,34,141,55
7482,20220917,482,15,172,117,55,52
7483,20221216,483,15,255,124,131,51
7484,20240516,484,15,64,18,46,57
7485,20220518,485,15,231,196,35,51
7486,20240315,486,15,69,10,59,51
7487,20220803,487,15,80,52,28,37
7488,20240222,488,15,208,163,45,47
7489,20240518,489,15,255,75,180,55
7490,20240501,490,15,114,22,92,28
7491,20241110,491,15,224,10,214,21
7492,20230311,492,15,222,44,178,33
7493,20230825,493,15,166,58,108,54
7494,20230516,494,15,83,76,7,51
7495,20220327,495,15,202,22,180,49
7496,20220929,496,15,126,62,64,28
7497,20220809,497,15,180,87,93,56
7498,20230714,498,15,180,39,141,41
7499,20220930,499,15,233,107,126,40
7500,20230519,500,15,109,89,20,39
7501,20230315,1,16,109,24,85,52
7502,20221211,2,16,209,22,187,42
7503,20241226,3,16,162,130,32,41
7504,20220206,4,16,145,96,49,43
7505,20230619,5,16,291,146,145,45
7506,20221012,6,16,109,101,8,58
7507,20240101,7,16,191,19,172,26
7508,20230311,8,16,113,58,55,56
7509,20240227,9,16,227,105,122,55
7510,20240619,10,16,50,33,17,25
7511,20230103,11,16,130,50,80,51
7512,20230303,12,16,201,64,137,26
7513,20221016,13,16,167,10,157,33
7514,20230617,14,16,186,18,168,38
7515,20241029,15,16,246,36,210,48
7516,20230811,16,16,270,262,8,29
7517,20241014,17,16,167,148,19,53
7518,20240927,18,16,98,73,25,48
7519,20220211,19,16,127,54,73,34
7520,20240914,20,16,101,76,25,43
7521,20220317,21,16,157,97,60,47
7522,20240102,22,16,202,72,130,23
7523,20240217,23,16,199,73,126,34
7524,20220816,24,16,164,150,14,31
7525,20240226,25,16,124,106,18,20
7526,20230913,26,16,84,32,52,34
7527,20230712,27,16,251,124,127,51
7528,20240526,28,16,262,225,37,51
7529,20231128,29,16,280,130,150,24
7530,20241110,30,16,282,259,23,60
7531,20220114,31,16,75,63,12,29
7532,20231119,32,16,194,115,79,58
7533,20230210,33,16,90,77,13,40
7534,20231006,34,16,264,214,50,36
7535,20220110,35,16,160,13,147,25
7536,20220320,36,16,209,109,100,30
7537,20230718,37,16,239,72,167,42
7538,20220113,38,16,122,35,87,28
7539,20230517,39,16,82,60,22,47
7540,20230108,40,16,131,68,63,27
7541,20220505,41,16,150,125,25,37
7542,20240210,42,16,117,61,56,58
7543,20240710,43,16,82,46,36,46
7544,20231227,44,16,253,85,168,40
7545,20220105,45,16,250,148,102,44
7546,20230504,46,16,196,79,117,25
7547,20240327,47,16,235,71,164,52
7548,20241220,48,16,188,109,79,44
7549,20220810,49,16,181,161,20,50
7550,20231216,50,16,75,14,61,51
7551,20230216,51,16,83,70,13,56
7552,20221220,52,16,125,97,28,21
7553,20240827,53,16,125,22,103,39
7554,20230406,54,16,196,168,28,54
7555,20230430,55,16,76,74,2,29
7556,20221029,56,16,260,13,247,33
7557,20220618,57,16,266,213,53,44
7558,20240809,58,16,274,128,146,38
7559,20220615,59,16,222,207,15,25
7560,20230731,60,16,165,45,120,38
7561,20240303,61,16,249,62,187,54
7562,20230426,62,16,111,80,31,45
7563,20230918,63,16,97,97,0,54
7564,20220917,64,16,242,189,53,40
7565,20220909,65,16,158,27,131,30
7566,20240420,66,16,128,84,44,25
7567,20221114,67,16,65,22,43,30
7568,20231020,68,16,91,78,13,53
7569,20240221,69,16,224,92,132,23
7570,20230604,70,16,121,54,67,59
7571,20220507,71,16,109,39,70,48
7572,20220312,72,16,50,46,4,48
7573,20230206,73,16,74,25,49,48
7574,20221007,74,16,192,35,157,37
7575,20230501,75,16,278,153,125,23
7576,20230816,76,16,50,18,32,20
7577,20240104,77,16,237,75,162,20
7578,20230529,78,16,75,35,40,55
7579,20230617,79,16,90,57,33,45
7580,20241119,80,16,101,85,16,33
7581,20240528,81,16,130,34,96,31
7582,20220608,82,16,186,61,125,51
7583,20230416,83,16,108,101,7,48
7584,20231023,84,16,127,81,46,48
7585,20241230,85,16,137,65,72,49
7586,20230124,86,16,124,54,70,26
7587,20230401,87,16,146,62,84,25
7588,20240624,88,16,66,36,30,53
7589,20240409,89,16,274,36,238,35
7590,20240808,90,16,93,49,44,55
7591,20220420,91,16,101,12,89,29
7592,20230513,92,16,285,233,52,33
7593,20240211,93,16,162,23,139,40
7594,20230716,94,16,217,148,69,58
7595,20231203,95,16,108,11,97,33
7596,20241102,96,16,141,138,3,32
7597,20230528,97,16,101,68,33,35
7598,20230919,98,16,270,80,190,21
7599,20230502,99,16,86,23,63,51
7600,20220416,100,16,179,140,39,40
7601,20240427,101,16,273,34,239,27
7602,20240810,102,16,106,78,28,34
7603,20230526,103,16,240,227,13,21
7604,20240909,104,16,111,39,72,58
7605,20230902,105,16,231,137,94,24
7606,20240505,106,16,242,22,220,42
7607,20241203,107,16,205,68,137,42
7608,20231215,108,16,136,56,80,37
7609,20220921,109,16,280,127,153,53
7610,20221024,110,16,145,26,119,21
7611,20240807,111,16,65,56,9,42
7612,20230419,112,16,92,67,25,31
7613,20240512,113,16,191,118,73,23
7614,20230106,114,16,300,58,242,36
7615,20241007,115,16,55,16,39,56
7616,20230513,116,16,164,163,1,57
7617,20230604,117,16,180,66,114,31
7618,20220819,118,16,297,72,225,31
7619,20221007,119,16,155,83,72,48
7620,20220827,120,16,143,62,81,23
7621,20230624,121,16,225,49,176,36
7622,20230202,122,16,285,130,155,44
7623,20220123,123,16,194,91,103,53
7624,20220918,124,16,96,66,30,55
7625,20221004,125,16,242,151,91,58
7626,20230709,126,16,151,124,27,21
7627,20221213,127,16,54,40,14,49
7628,20221118,128,16,300,50,250,52
7629,20231008,129,16,160,148,12,31
7630,20220510,130,16,119,32,87,33
7631,20220504,131,16,280,204,76,26
7632,20230202,132,16,225,164,61,53
7633,20241116,133,16,203,70,133,30
7634,20230628,134,16,71,37,34,37
7635,20240223,135,16,206,188,18,28
7636,20240422,136,16,204,82,122,44
7637,20230330,137,16,255,100,155,46
7638,20241215,138,16,297,225,72,24
7639,20241226,139,16,103,22,81,59
7640,20230316,140,16,54,52,2,54
7641,20221015,141,16,268,109,159,33
7642,20230715,142,16,286,277,9,30
7643,20230216,143,16,147,72,75,31
7644,20240416,144,16,286,129,157,50
7645,20230416,145,16,83,69,14,54
7646,20220701,146,16,279,24,255,45
7647,20241217,147,16,130,128,2,43
7648,20230406,148,16,50,49,1,25
7649,20231018,149,16,119,46,73,56
7650,20220905,150,16,195,186,9,35
7651,20240415,151,16,55,26,29,43
7652,20221105,152,16,254,180,74,43
7653,20241223,153,16,186,109,77,28
7654,20241026,154,16,73,65,8,41
7655,20230501,155,16,209,83,126,34
7656,20240713,156,16,282,230,52,36
7657,20240713,157,16,181,142,39,56
7658,20240730,158,16,289,198,91,57
7659,20240925,159,16,79,16,63,25
7660,20240722,160,16,246,114,132,25
7661,20230717,161,16,252,192,60,40
7662,20220706,162,16,129,109,20,35
7663,20241109,163,16,258,11,247,31
7664,20220718,164,16,65,56,9,20
7665,20220823,165,16,136,45,91,49
7666,20230802,166,16,242,212,30,35
7667,20220626,167,16,155,121,34,45
7668,20220226,168,16,272,76,196,29
7669,20240921,169,16,187,23,164,23
7670,20240323,170,16,105,67,38,48
7671,20230801,171,16,275,214,61,48
7672,20220309,172,16,52,14,38,50
7673,20241222,173,16,285,53,232,50
7674,20230907,174,16,279,214,65,50
7675,20231012,175,16,219,103,116,60
7676,20220424,176,16,169,133,36,25
7677,20240109,177,16,81,64,17,26
7678,20240828,178,16,173,167,6,58
7679,20220906,179,16,222,186,36,29
7680,20220507,180,16,80,49,31,37
7681,20241026,181,16,51,22,29,32
7682,20231211,182,16,153,14,139,59
7683,20240930,183,16,197,196,1,39
7684,20241219,184,16,97,69,28,43
7685,20230721,185,16,252,154,98,56
7686,20220923,186,16,287,177,110,41
7687,20221212,187,16,205,165,40,28
7688,20230316,188,16,191,70,121,37
7689,20230109,189,16,193,60,133,47
7690,20240323,190,16,209,133,76,48
7691,20231014,191,16,192,31,161,23
7692,20230717,192,16,300,199,101,24
7693,20230430,193,16,71,59,12,36
7694,20220330,194,16,168,75,93,44
7695,20240908,195,16,82,56,26,59
7696,20241204,196,16,293,275,18,29
7697,20231218,197,16,231,173,58,58
7698,20221213,198,16,56,16,40,35
7699,20240514,199,16,142,121,21,36
7700,20240925,200,16,158,69,89,52
7701,20220722,201,16,204,162,42,33
7702,20221030,202,16,215,104,111,26
7703,20230618,203,16,70,63,7,31
7704,20230421,204,16,264,256,8,45
7705,20230529,205,16,286,139,147,39
7706,20230727,206,16,158,74,84,33
7707,20230528,207,16,52,27,25,34
7708,20240313,208,16,214,59,155,33
7709,20231224,209,16,80,22,58,44
7710,20241129,210,16,228,14,214,33
7711,20240721,211,16,236,122,114,27
7712,20230306,212,16,137,91,46,41
7713,20220513,213,16,227,106,121,35
7714,20230330,214,16,149,128,21,60
7715,20240515,215,16,221,198,23,47
7716,20240325,216,16,92,34,58,35
7717,20230614,217,16,50,15,35,56
7718,20240929,218,16,243,78,165,27
7719,20241126,219,16,161,88,73,35
7720,20240606,220,16,150,116,34,21
7721,20220619,221,16,74,22,52,29
7722,20221115,222,16,280,53,227,29
7723,20230905,223,16,92,64,28,44
7724,20230407,224,16,172,130,42,37
7725,20220503,225,16,125,36,89,40
7726,20240114,226,16,129,19,110,38
7727,20230723,227,16,153,51,102,45
7728,20230409,228,16,91,76,15,54
7729,20230712,229,16,231,147,84,38
7730,20220827,230,16,250,156,94,39
7731,20230813,231,16,197,196,1,49
7732,20220603,232,16,274,219,55,21
7733,20230619,233,16,166,89,77,50
7734,20240821,234,16,95,38,57,49
7735,20220104,235,16,138,138,0,54
7736,20240703,236,16,270,108,162,30
7737,20231023,237,16,72,20,52,20
7738,20230530,238,16,198,55,143,59
7739,20221105,239,16,259,97,162,54
7740,20231112,240,16,267,58,209,55
7741,20231103,241,16,232,79,153,50
7742,20231224,242,16,207,29,178,49
7743,20241126,243,16,154,21,133,33
7744,20221128,244,16,52,45,7,28
7745,20240129,245,16,107,72,35,36
7746,20230629,246,16,290,244,46,35
7747,20221104,247,16,139,72,67,44
7748,20240316,248,16,193,123,70,36
7749,20241021,249,16,232,110,122,55
7750,20240728,250,16,225,33,192,22
7751,20221221,251,16,229,181,48,38
7752,20220717,252,16,203,194,9,35
7753,20230619,253,16,260,124,136,40
7754,20221217,254,16,140,91,49,28
7755,20220126,255,16,111,35,76,58
7756,20241202,256,16,300,172,128,32
7757,20230625,257,16,295,40,255,51
7758,20220813,258,16,69,15,54,37
7759,20230626,259,16,144,68,76,31
7760,20241017,260,16,141,114,27,45
7761,20220812,261,16,245,221,24,50
7762,20230126,262,16,55,41,14,25
7763,20241007,263,16,264,254,10,38
7764,20220302,264,16,200,127,73,30
7765,20220320,265,16,286,196,90,46
7766,20221216,266,16,61,23,38,29
7767,20240301,267,16,86,27,59,27
7768,20231006,268,16,193,39,154,48
7769,20230114,269,16,152,67,85,55
7770,20220202,270,16,251,149,102,58
7771,20231016,271,16,294,275,19,30
7772,20230421,272,16,88,49,39,40
7773,20241219,273,16,115,102,13,29
7774,20240713,274,16,271,163,108,42
7775,20220626,275,16,286,84,202,31
7776,20240817,276,16,166,78,88,56
7777,20240325,277,16,242,241,1,27
7778,20241121,278,16,228,166,62,30
7779,20221216,279,16,86,34,52,58
7780,20231201,280,16,272,214,58,44
7781,20230903,281,16,243,31,212,34
7782,20241113,282,16,87,53,34,53
7783,20231102,283,16,217,61,156,42
7784,20241214,284,16,163,55,108,37
7785,20220714,285,16,271,142,129,30
7786,20220831,286,16,196,62,134,22
7787,20231208,287,16,292,194,98,40
7788,20230910,288,16,150,60,90,30
7789,20240412,289,16,173,45,128,36
7790,20230724,290,16,188,89,99,44
7791,20230120,291,16,66,60,6,55
7792,20230103,292,16,103,48,55,29
7793,20220606,293,16,278,278,0,23
7794,20240627,294,16,146,120,26,57
7795,20221123,295,16,291,193,98,21
7796,20220202,296,16,226,91,135,47
7797,20230507,297,16,97,58,39,33
7798,20230311,298,16,241,211,30,41
7799,20240813,299,16,61,55,6,35
7800,20241223,300,16,295,150,145,59
7801,20230818,301,16,77,71,6,45
7802,20231219,302,16,95,25,70,56
7803,20220109,303,16,138,120,18,26
7804,20220921,304,16,65,56,9,55
7805,20240318,305,16,255,81,174,52
7806,20220204,306,16,214,167,47,49
7807,20220729,307,16,109,63,46,29
7808,20230806,308,16,133,36,97,45
7809,20240303,309,16,161,13,148,58
7810,20221212,310,16,219,52,167,52
7811,20230327,311,16,113,100,13,40
7812,20241223,312,16,50,46,4,40
7813,20230926,313,16,267,259,8,55
7814,20221030,314,16,223,170,53,38
7815,20230724,315,16,140,127,13,41
7816,20230624,316,16,267,230,37,29
7817,20230129,317,16,165,121,44,58
7818,20221014,318,16,261,146,115,33
7819,20240711,319,16,170,165,5,20
7820,20241220,320,16,230,229,1,25
7821,20221007,321,16,104,103,1,24
7822,20230411,322,16,167,35,132,25
7823,20241001,323,16,281,109,172,45
7824,20220831,324,16,58,29,29,29
7825,20220905,325,16,65,60,5,26
7826,20220415,326,16,160,62,98,39
7827,20230524,327,16,208,17,191,43
7828,20240816,328,16,297,261,36,32
7829,20220214,329,16,183,12,171,34
7830,20231002,330,16,225,176,49,29
7831,20230704,331,16,128,60,68,55
7832,20241126,332,16,75,12,63,57
7833,20220227,333,16,300,45,255,20
7834,20220306,334,16,74,47,27,51
7835,20240620,335,16,95,67,28,34
7836,20221211,336,16,183,147,36,47
7837,20230722,337,16,80,33,47,30
7838,20221231,338,16,175,140,35,32
7839,20240701,339,16,289,85,204,24
7840,20241022,340,16,221,41,180,33
7841,20240308,341,16,235,160,75,54
7842,20240820,342,16,159,119,40,46
7843,20230612,343,16,107,22,85,48
7844,20241117,344,16,164,29,135,44
7845,20220613,345,16,181,52,129,46
7846,20220913,346,16,64,58,6,32
7847,20230607,347,16,55,49,6,22
7848,20230424,348,16,103,11,92,31
7849,20230712,349,16,87,34,53,23
7850,20241213,350,16,226,98,128,30
7851,20220605,351,16,285,107,178,43
7852,20220706,352,16,274,215,59,23
7853,20230320,353,16,55,31,24,53
7854,20240624,354,16,156,82,74,36
7855,20220328,355,16,246,133,113,34
7856,20230327,356,16,277,92,185,22
7857,20240825,357,16,117,27,90,40
7858,20240821,358,16,69,67,2,28
7859,20221223,359,16,86,27,59,48
7860,20240115,360,16,125,17,108,41
7861,20230118,361,16,66,18,48,56
7862,20230920,362,16,292,206,86,29
7863,20230819,363,16,55,38,17,24
7864,20220605,364,16,93,14,79,55
7865,20220914,365,16,237,100,137,32
7866,20240529,366,16,97,77,20,26
7867,20221206,367,16,199,182,17,28
7868,20230705,368,16,130,72,58,44
7869,20220828,369,16,164,10,154,30
7870,20220805,370,16,65,29,36,43
7871,20240211,371,16,160,14,146,55
7872,20240528,372,16,279,235,44,23
7873,20221101,373,16,76,50,26,24
7874,20220112,374,16,145,78,67,20
7875,20221219,375,16,145,58,87,37
7876,20231109,376,16,101,63,38,20
7877,20230516,377,16,125,72,53,49
7878,20241123,378,16,283,283,0,23
7879,20240623,379,16,141,57,84,46
7880,20241025,380,16,115,99,16,29
7881,20240913,381,16,267,207,60,47
7882,20221020,382,16,122,99,23,55
7883,20230619,383,16,123,102,21,44
7884,20230310,384,16,98,33,65,25
7885,20230604,385,16,128,66,62,24
7886,20230715,386,16,175,137,38,43
7887,20240323,387,16,248,69,179,59
7888,20230927,388,16,244,82,162,42
7889,20221226,389,16,247,174,73,49
7890,20220319,390,16,116,109,7,36
7891,20231009,391,16,92,42,50,45
7892,20220112,392,16,282,40,242,43
7893,20240315,393,16,148,77,71,31
7894,20240828,394,16,264,83,181,48
7895,20241211,395,16,278,113,165,52
7896,20220203,396,16,288,203,85,54
7897,20220801,397,16,72,39,33,31
7898,20231005,398,16,117,85,32,47
7899,20231216,399,16,160,151,9,38
7900,20220424,400,16,77,37,40,59
7901,20230428,401,16,86,53,33,27
7902,20240122,402,16,286,13,273,46
7903,20221002,403,16,106,12,94,34
7904,20241118,404,16,91,28,63,49
7905,20221116,405,16,112,65,47,32
7906,20220120,406,16,86,69,17,29
7907,20240919,407,16,293,216,77,58
7908,20231023,408,16,118,30,88,24
7909,20220914,409,16,135,97,38,51
7910,20220529,410,16,282,232,50,57
7911,20230220,411,16,250,125,125,51
7912,20220429,412,16,119,28,91,41
7913,20220101,413,16,250,46,204,27
7914,20221029,414,16,121,113,8,25
7915,20240503,415,16,110,96,14,39
7916,20220908,416,16,165,138,27,20
7917,20241225,417,16,190,139,51,55
7918,20220212,418,16,203,133,70,21
7919,20220323,419,16,74,56,18,60
7920,20230207,420,16,294,153,141,42
7921,20240420,421,16,103,93,10,35
7922,20240514,422,16,162,109,53,24
7923,20230301,423,16,277,46,231,40
7924,20231214,424,16,128,28,100,54
7925,20230418,425,16,85,61,24,57
7926,20220603,426,16,201,120,81,30
7927,20230412,427,16,194,111,83,33
7928,20240915,428,16,229,218,11,47
7929,20240822,429,16,202,55,147,41
7930,20220422,430,16,123,71,52,58
7931,20241025,431,16,141,11,130,46
7932,20240101,432,16,161,103,58,22
7933,20221110,433,16,258,61,197,32
7934,20231020,434,16,75,75,0,57
7935,20230709,435,16,73,26,47,47
7936,20220816,436,16,61,61,0,59
7937,20230407,437,16,78,68,10,34
7938,20231120,438,16,120,15,105,31
7939,20240529,439,16,61,11,50,40
7940,20230806,440,16,110,92,18,36
7941,20230322,441,16,146,129,17,54
7942,20231225,442,16,293,285,8,49
7943,20241125,443,16,162,77,85,57
7944,20230916,444,16,260,198,62,33
7945,20240306,445,16,221,126,95,52
7946,20231110,446,16,133,109,24,43
7947,20220620,447,16,154,80,74,60
7948,20220318,448,16,80,75,5,28
7949,20221226,449,16,204,42,162,32
7950,20230618,450,16,255,180,75,20
7951,20231205,451,16,261,230,31,33
7952,20240108,452,16,98,27,71,53
7953,20220928,453,16,255,16,239,20
7954,20240123,454,16,70,66,4,38
7955,20240509,455,16,219,167,52,29
7956,20231019,456,16,266,66,200,28
7957,20220419,457,16,252,197,55,50
7958,20230618,458,16,135,130,5,59
7959,20241127,459,16,216,69,147,38
7960,20230211,460,16,225,201,24,57
7961,20230403,461,16,215,28,187,58
7962,20220920,462,16,225,134,91,54
7963,20220129,463,16,279,238,41,22
7964,20220719,464,16,261,183,78,33
7965,20240418,465,16,112,96,16,53
7966,20220720,466,16,101,62,39,53
7967,20230225,467,16,159,70,89,24
7968,20221231,468,16,236,36,200,46
7969,20220221,469,16,84,80,4,53
7970,20240316,470,16,143,100,43,36
7971,20240728,471,16,175,56,119,36
7972,20240314,472,16,239,223,16,25
7973,20231126,473,16,162,55,107,39
7974,20240427,474,16,241,239,2,41
7975,20220403,475,16,150,78,72,43
7976,20220117,476,16,92,81,11,40
7977,20220528,477,16,246,149,97,58
7978,20231108,478,16,273,270,3,59
7979,20220122,479,16,133,106,27,44
7980,20241103,480,16,179,124,55,20
7981,20220928,481,16,152,19,133,59
7982,20240331,482,16,289,180,109,36
7983,20220119,483,16,223,190,33,26
7984,20230428,484,16,259,81,178,47
7985,20240810,485,16,227,89,138,53
7986,20220521,486,16,208,84,124,25
7987,20240516,487,16,260,174,86,23
7988,20240407,488,16,200,139,61,54
7989,20241203,489,16,282,86,196,22
7990,20230106,490,16,114,41,73,58
7991,20230730,491,16,50,14,36,22
7992,20240509,492,16,155,111,44,36
7993,20220730,493,16,102,79,23,20
7994,20230101,494,16,100,37,63,45
7995,20231113,495,16,278,234,44,52
7996,20240911,496,16,204,125,79,21
7997,20220113,497,16,136,127,9,27
7998,20231108,498,16,295,51,244,38
7999,20231224,499,16,274,63,211,38
8000,20230201,500,16,61,31,30,31
8001,20240711,1,17,98,52,46,57
8002,20221009,2,17,153,24,129,26
8003,20241214,3,17,221,191,30,53
8004,20220910,4,17,52,38,14,52
8005,20240128,5,17,254,13,241,53
8006,20240120,6,17,297,33,264,46
8007,20230521,7,17,211,58,153,52
8008,20230413,8,17,203,74,129,35
8009,20220309,9,17,266,199,67,28
8010,20241223,10,17,125,13,112,57
8011,20230502,11,17,196,81,115,23
8012,20230111,12,17,217,189,28,43
8013,20221011,13,17,74,43,31,43
8014,20241207,14,17,69,61,8,48
8015,20240206,15,17,210,146,64,22
8016,20230115,16,17,147,76,71,30
8017,20240119,17,17,239,31,208,36
8018,20220808,18,17,128,69,59,28
8019,20230327,19,17,263,109,154,57
8020,20240906,20,17,210,34,176,22
8021,20230718,21,17,86,56,30,40
8022,20220329,22,17,236,51,185,46
8023,20231021,23,17,198,57,141,30
8024,20241020,24,17,128,74,54,47
8025,20230814,25,17,60,27,33,58
8026,20220320,26,17,61,34,27,59
8027,20230425,27,17,176,142,34,42
8028,20230721,28,17,134,109,25,47
8029,20230202,29,17,300,197,103,46
8030,20230528,30,17,93,72,21,23
8031,20231201,31,17,193,96,97,60
8032,20230805,32,17,66,25,41,23
8033,20230510,33,17,128,37,91,26
8034,20240202,34,17,101,89,12,59
8035,20221015,35,17,277,45,232,45
8036,20220318,36,17,264,231,33,21
8037,20230218,37,17,146,39,107,45
8038,20241001,38,17,140,18,122,40
8039,20240915,39,17,84,28,56,24
8040,20230929,40,17,194,84,110,24
8041,20221122,41,17,267,55,212,55
8042,20220809,42,17,67,17,50,46
8043,20240409,43,17,121,87,34,37
8044,20231223,44,17,90,26,64,34
8045,20220803,45,17,174,135,39,22
8046,20220716,46,17,108,79,29,22
8047,20230616,47,17,257,135,122,30
8048,20241008,48,17,233,15,218,36
8049,20230125,49,17,276,70,206,44
8050,20230314,50,17,207,23,184,21
8051,20231019,51,17,155,139,16,33
8052,20220425,52,17,291,249,42,47
8053,20230609,53,17,122,35,87,44
8054,20240504,54,17,176,108,68,58
8055,20240824,55,17,218,153,65,40
8056,20220707,56,17,270,70,200,21
8057,20220531,57,17,104,29,75,49
8058,20220401,58,17,230,221,9,34
8059,20230630,59,17,60,50,10,24
8060,20220825,60,17,235,104,131,29
8061,20220426,61,17,171,94,77,59
8062,20220118,62,17,244,99,145,28
8063,20230629,63,17,133,103,30,24
8064,20221017,64,17,75,53,22,24
8065,20230517,65,17,137,105,32,44
8066,20230711,66,17,112,59,53,55
8067,20240701,67,17,71,34,37,20
8068,20221124,68,17,138,36,102,52
8069,20230730,69,17,250,51,199,55
8070,20241210,70,17,184,30,154,48
8071,20230323,71,17,170,94,76,58
8072,20231211,72,17,211,122,89,37
8073,20241219,73,17,150,19,131,52
8074,20230305,74,17,160,126,34,28
8075,20220923,75,17,62,31,31,48
8076,20230123,76,17,200,106,94,35
8077,20240601,77,17,201,19,182,50
8078,20240222,78,17,79,22,57,54
8079,20230703,79,17,208,80,128,24
8080,20221205,80,17,84,28,56,45
8081,20240505,81,17,50,47,3,41
8082,20240515,82,17,279,60,219,57
8083,20241106,83,17,234,169,65,43
8084,20220303,84,17,162,97,65,37
8085,20230521,85,17,158,41,117,35
8086,20230221,86,17,148,115,33,33
8087,20240310,87,17,72,53,19,31
8088,20240714,88,17,71,68,3,24
8089,20220601,89,17,220,168,52,23
8090,20220407,90,17,257,233,24,21
8091,20230906,91,17,129,52,77,56
8092,20240303,92,17,235,188,47,48
8093,20220826,93,17,233,132,101,39
8094,20241229,94,17,235,120,115,21
8095,20230816,95,17,230,199,31,49
8096,20230326,96,17,101,93,8,24
8097,20230717,97,17,173,160,13,47
8098,20220926,98,17,163,86,77,57
8099,20241002,99,17,139,29,110,49
8100,20220216,100,17,99,55,44,53
8101,20231105,101,17,276,258,18,55
8102,20241205,102,17,246,34,212,30
8103,20240406,103,17,195,57,138,55
8104,20221204,104,17,177,174,3,55
8105,20220207,105,17,161,49,112,48
8106,20230511,106,17,190,64,126,56
8107,20240402,107,17,250,212,38,20
8108,20231127,108,17,151,54,97,60
8109,20240812,109,17,197,132,65,24
8110,20240112,110,17,220,102,118,60
8111,20221031,111,17,187,84,103,47
8112,20220814,112,17,83,40,43,31
8113,20220219,113,17,258,91,167,36
8114,20220602,114,17,107,30,77,27
8115,20231003,115,17,128,14,114,49
8116,20240612,116,17,209,198,11,58
8117,20220521,117,17,121,39,82,57
8118,20220420,118,17,127,88,39,20
8119,20230530,119,17,77,69,8,41
8120,20220512,120,17,156,115,41,51
8121,20221025,121,17,197,99,98,28
8122,20230319,122,17,145,70,75,29
8123,20220419,123,17,54,11,43,33
8124,20241119,124,17,219,129,90,41
8125,20220706,125,17,112,60,52,46
8126,20241215,126,17,173,11,162,51
8127,20221218,127,17,222,95,127,23
8128,20230506,128,17,87,76,11,54
8129,20240308,129,17,137,48,89,31
8130,20240328,130,17,146,38,108,43
8131,20230716,131,17,222,78,144,30
8132,20221109,132,17,98,78,20,56
8133,20220914,133,17,200,82,118,30
8134,20240118,134,17,196,157,39,46
8135,20220530,135,17,210,87,123,54
8136,20240813,136,17,90,20,70,59
8137,20220203,137,17,285,121,164,35
8138,20221227,138,17,194,70,124,57
8139,20230509,139,17,187,139,48,20
8140,20230626,140,17,97,16,81,31
8141,20220822,141,17,110,79,31,43
8142,20220206,142,17,136,17,119,41
8143,20230919,143,17,272,57,215,55
8144,20230211,144,17,126,52,74,32
8145,20241112,145,17,229,64,165,25
8146,20231026,146,17,148,67,81,21
8147,20240402,147,17,243,216,27,27
8148,20240730,148,17,73,38,35,45
8149,20220816,149,17,191,149,42,55
8150,20241126,150,17,192,190,2,22
8151,20231227,151,17,250,214,36,39
8152,20230530,152,17,211,121,90,45
8153,20220615,153,17,204,46,158,41
8154,20220419,154,17,287,227,60,42
8155,20230414,155,17,92,23,69,24
8156,20230813,156,17,67,31,36,38
8157,20230127,157,17,125,114,11,24
8158,20221004,158,17,243,237,6,30
8159,20230315,159,17,265,160,105,21
8160,20230319,160,17,81,73,8,32
8161,20231115,161,17,116,52,64,38
8162,20220918,162,17,223,20,203,52
8163,20240207,163,17,290,142,148,35
8164,20230127,164,17,154,16,138,45
8165,20230502,165,17,73,53,20,51
8166,20240124,166,17,130,25,105,40
8167,20221006,167,17,101,92,9,23
8168,20230309,168,17,103,90,13,28
8169,20241219,169,17,214,48,166,44
8170,20230404,170,17,153,79,74,39
8171,20220408,171,17,68,34,34,26
8172,20240524,172,17,77,28,49,56
8173,20240422,173,17,204,161,43,44
8174,20230408,174,17,289,228,61,45
8175,20220615,175,17,280,29,251,32
8176,20240825,176,17,77,21,56,42
8177,20240417,177,17,220,137,83,34
8178,20230128,178,17,107,95,12,26
8179,20230307,179,17,232,149,83,30
8180,20240721,180,17,108,50,58,48
8181,20221219,181,17,199,52,147,41
8182,20220422,182,17,242,228,14,34
8183,20240121,183,17,177,56,121,35
8184,20230205,184,17,179,159,20,43
8185,20230923,185,17,284,182,102,41
8186,20221224,186,17,220,109,111,53
8187,20230529,187,17,90,56,34,46
8188,20230901,188,17,97,24,73,48
8189,20230216,189,17,197,108,89,41
8190,20220329,190,17,271,64,207,20
8191,20240302,191,17,209,196,13,47
8192,20230711,192,17,87,41,46,31
8193,20231213,193,17,115,85,30,54
8194,20231223,194,17,219,51,168,24
8195,20241012,195,17,227,136,91,57
8196,20240512,196,17,74,54,20,40
8197,20220727,197,17,169,158,11,39
8198,20230208,198,17,172,108,64,56
8199,20220510,199,17,211,38,173,39
8200,20240706,200,17,231,26,205,21
8201,20220610,201,17,154,54,100,58
8202,20240725,202,17,181,144,37,45
8203,20241203,203,17,166,34,132,25
8204,20220124,204,17,286,115,171,20
8205,20230312,205,17,159,46,113,46
8206,20220212,206,17,113,107,6,54
8207,20220106,207,17,104,91,13,27
8208,20240729,208,17,297,284,13,50
8209,20240427,209,17,185,99,86,32
8210,20230620,210,17,225,39,186,28
8211,20220216,211,17,216,108,108,39
8212,20230521,212,17,171,50,121,58
8213,20220628,213,17,287,67,220,26
8214,20230719,214,17,179,149,30,40
8215,20241108,215,17,270,91,179,20
8216,20230422,216,17,159,85,74,25
8217,20240306,217,17,257,72,185,30
8218,20240516,218,17,181,109,72,25
8219,20230129,219,17,179,165,14,54
8220,20231226,220,17,112,107,5,47
8221,20221113,221,17,62,53,9,45
8222,20240226,222,17,81,65,16,58
8223,20230510,223,17,98,97,1,52
8224,20240615,224,17,92,58,34,36
8225,20240605,225,17,109,77,32,25
8226,20230204,226,17,101,48,53,24
8227,20220313,227,17,220,23,197,46
8228,20221208,228,17,259,148,111,57
8229,20230217,229,17,188,20,168,39
8230,20230521,230,17,134,65,69,54
8231,20220115,231,17,50,20,30,50
8232,20230125,232,17,245,27,218,39
8233,20220728,233,17,77,61,16,54
8234,20240305,234,17,189,110,79,38
8235,20230707,235,17,90,74,16,33
8236,20230719,236,17,144,120,24,46
8237,20230712,237,17,130,55,75,57
8238,20240613,238,17,102,15,87,37
8239,20240417,239,17,171,23,148,43
8240,20230601,240,17,254,179,75,37
8241,20240615,241,17,295,54,241,55
8242,20231027,242,17,131,24,107,46
8243,20220618,243,17,154,79,75,50
8244,20230607,244,17,249,58,191,22
8245,20230522,245,17,224,70,154,45
8246,20230424,246,17,165,139,26,44
8247,20241108,247,17,266,211,55,43
8248,20220219,248,17,125,92,33,52
8249,20221210,249,17,263,17,246,53
8250,20221221,250,17,144,61,83,42
8251,20220510,251,17,154,24,130,27
8252,20230705,252,17,112,60,52,54
8253,20230312,253,17,269,172,97,23
8254,20241031,254,17,209,177,32,52
8255,20231027,255,17,56,23,33,25
8256,20240103,256,17,140,121,19,24
8257,20230508,257,17,141,106,35,59
8258,20230119,258,17,88,83,5,35
8259,20230104,259,17,151,47,104,59
8260,20221230,260,17,180,27,153,59
8261,20230512,261,17,138,58,80,26
8262,20240123,262,17,99,50,49,56
8263,20220827,263,17,199,12,187,51
8264,20230523,264,17,117,80,37,39
8265,20240217,265,17,199,165,34,26
8266,20220113,266,17,246,177,69,54
8267,20220524,267,17,113,91,22,43
8268,20240210,268,17,134,77,57,24
8269,20230308,269,17,237,101,136,23
8270,20221205,270,17,96,11,85,43
8271,20231007,271,17,98,87,11,49
8272,20231106,272,17,58,50,8,43
8273,20241018,273,17,231,55,176,23
8274,20220317,274,17,167,139,28,20
8275,20240210,275,17,222,145,77,49
8276,20230706,276,17,299,23,276,55
8277,20241030,277,17,87,79,8,44
8278,20220708,278,17,225,176,49,50
8279,20221224,279,17,216,187,29,20
8280,20231017,280,17,173,73,100,42
8281,20240515,281,17,92,42,50,43
8282,20240407,282,17,74,40,34,55
8283,20240123,283,17,181,85,96,28
8284,20230925,284,17,176,41,135,49
8285,20231230,285,17,201,89,112,30
8286,20241017,286,17,133,128,5,35
8287,20241012,287,17,154,147,7,57
8288,20231020,288,17,256,240,16,47
8289,20220807,289,17,209,99,110,32
8290,20220816,290,17,70,27,43,27
8291,20230809,291,17,86,21,65,30
8292,20240411,292,17,91,80,11,53
8293,20231218,293,17,221,10,211,60
8294,20241130,294,17,156,134,22,43
8295,20230426,295,17,116,24,92,47
8296,20231220,296,17,83,56,27,49
8297,20220319,297,17,170,154,16,44
8298,20220917,298,17,212,93,119,56
8299,20231112,299,17,230,207,23,32
8300,20241220,300,17,275,101,174,39
8301,20231105,301,17,80,43,37,48
8302,20230328,302,17,243,132,111,22
8303,20230305,303,17,268,160,108,55
8304,20241029,304,17,243,70,173,32
8305,20220714,305,17,187,182,5,53
8306,20220213,306,17,275,30,245,60
8307,20220118,307,17,290,223,67,30
8308,20231128,308,17,225,200,25,57
8309,20221010,309,17,159,109,50,27
8310,20231209,310,17,111,20,91,42
8311,20241223,311,17,154,146,8,28
8312,20220526,312,17,137,25,112,22
8313,20240505,313,17,242,48,194,44
8314,20240305,314,17,137,129,8,35
8315,20240316,315,17,289,56,233,25
8316,20240717,316,17,220,137,83,45
8317,20220609,317,17,297,91,206,58
8318,20240112,318,17,298,14,284,56
8319,20240228,319,17,111,63,48,53
8320,20240828,320,17,300,139,161,29
8321,20220821,321,17,256,19,237,36
8322,20240228,322,17,63,31,32,25
8323,20230801,323,17,167,100,67,24
8324,20231119,324,17,237,190,47,50
8325,20240520,325,17,232,194,38,26
8326,20240810,326,17,107,12,95,23
8327,20230905,327,17,54,10,44,44
8328,20240328,328,17,273,257,16,20
8329,20230316,329,17,227,210,17,51
8330,20220914,330,17,284,189,95,40
8331,20221201,331,17,54,38,16,44
8332,20220527,332,17,278,164,114,44
8333,20240505,333,17,102,100,2,26
8334,20230704,334,17,247,33,214,22
8335,20241026,335,17,276,227,49,44
8336,20220703,336,17,61,51,10,43
8337,20230117,337,17,200,110,90,54
8338,20240724,338,17,114,23,91,51
8339,20230704,339,17,96,10,86,45
8340,20230122,340,17,154,141,13,35
8341,20220327,341,17,144,63,81,44
8342,20240221,342,17,162,151,11,29
8343,20231009,343,17,73,10,63,34
8344,20220528,344,17,211,137,74,49
8345,20231029,345,17,92,51,41,58
8346,20230712,346,17,89,14,75,35
8347,20220808,347,17,193,82,111,36
8348,20240530,348,17,143,17,126,59
8349,20230323,349,17,196,157,39,41
8350,20230526,350,17,197,34,163,57
8351,20240711,351,17,240,207,33,27
8352,20221012,352,17,116,39,77,30
8353,20230717,353,17,293,177,116,51
8354,20240925,354,17,74,62,12,37
8355,20221206,355,17,204,159,45,55
8356,20240704,356,17,52,36,16,37
8357,20240418,357,17,143,103,40,24
8358,20241202,358,17,220,220,0,54
8359,20240922,359,17,105,85,20,36
8360,20231020,360,17,56,19,37,41
8361,20220725,361,17,157,20,137,56
8362,20221028,362,17,225,118,107,32
8363,20241231,363,17,248,143,105,50
8364,20230405,364,17,73,66,7,22
8365,20230105,365,17,224,141,83,34
8366,20220320,366,17,192,45,147,56
8367,20230123,367,17,88,76,12,34
8368,20241227,368,17,174,33,141,26
8369,20240822,369,17,163,30,133,41
8370,20221226,370,17,96,66,30,38
8371,20221229,371,17,217,122,95,36
8372,20240825,372,17,262,231,31,29
8373,20240209,373,17,133,36,97,39
8374,20230419,374,17,94,57,37,27
8375,20221202,375,17,163,10,153,33
8376,20221120,376,17,284,156,128,48
8377,20241216,377,17,294,19,275,23
8378,20220908,378,17,208,114,94,25
8379,20220908,379,17,246,38,208,20
8380,20220502,380,17,173,45,128,57
8381,20240717,381,17,169,152,17,43
8382,20220830,382,17,104,14,90,46
8383,20231011,383,17,262,150,112,25
8384,20241225,384,17,73,65,8,25
8385,20230721,385,17,167,26,141,39
8386,20231114,386,17,230,134,96,28
8387,20230704,387,17,83,26,57,60
8388,20231127,388,17,99,19,80,23
8389,20230414,389,17,158,103,55,40
8390,20220124,390,17,227,117,110,49
8391,20230904,391,17,216,175,41,38
8392,20240804,392,17,133,72,61,27
8393,20220805,393,17,145,66,79,26
8394,20230708,394,17,256,167,89,33
8395,20230628,395,17,236,12,224,46
8396,20231225,396,17,131,10,121,23
8397,20240519,397,17,197,101,96,53
8398,20220212,398,17,276,255,21,40
8399,20220309,399,17,153,69,84,30
8400,20230210,400,17,262,36,226,50
8401,20230727,401,17,55,10,45,52
8402,20240315,402,17,229,17,212,43
8403,20231028,403,17,84,26,58,59
8404,20230219,404,17,280,270,10,28
8405,20221004,405,17,146,78,68,43
8406,20240114,406,17,86,22,64,45
8407,20220214,407,17,148,67,81,38
8408,20240709,408,17,135,116,19,47
8409,20240330,409,17,208,61,147,57
8410,20240828,410,17,289,103,186,40
8411,20240524,411,17,112,10,102,54
8412,20230617,412,17,74,36,38,23
8413,20230513,413,17,171,154,17,31
8414,20240131,414,17,208,10,198,23
8415,20220424,415,17,64,59,5,37
8416,20241017,416,17,231,106,125,60
8417,20230804,417,17,206,140,66,39
8418,20240325,418,17,268,124,144,48
8419,20240409,419,17,216,173,43,50
8420,20220727,420,17,108,33,75,56
8421,20240702,421,17,135,87,48,22
8422,20221208,422,17,50,32,18,48
8423,20241007,423,17,259,131,128,52
8424,20240628,424,17,121,76,45,21
8425,20240808,425,17,135,36,99,42
8426,20230507,426,17,239,82,157,46
8427,20230426,427,17,193,63,130,56
8428,20240329,428,17,210,148,62,41
8429,20240423,429,17,267,200,67,31
8430,20230221,430,17,63,26,37,53
8431,20230409,431,17,134,50,84,38
8432,20230407,432,17,252,145,107,52
8433,20221022,433,17,138,84,54,57
8434,20240201,434,17,172,58,114,22
8435,20220419,435,17,146,112,34,45
8436,20220221,436,17,121,87,34,47
8437,20220113,437,17,147,68,79,46
8438,20241019,438,17,186,29,157,56
8439,20220622,439,17,226,204,22,29
8440,20220620,440,17,276,229,47,22
8441,20230727,441,17,243,48,195,47
8442,20230329,442,17,267,260,7,34
8443,20230416,443,17,266,211,55,43
8444,20241029,444,17,123,26,97,52
8445,20220603,445,17,171,83,88,53
8446,20221022,446,17,108,67,41,22
8447,20220312,447,17,184,74,110,34
8448,20230502,448,17,293,50,243,54
8449,20231230,449,17,244,166,78,36
8450,20240319,450,17,61,14,47,22
8451,20240528,451,17,231,165,66,31
8452,20220719,452,17,152,146,6,28
8453,20240915,453,17,255,152,103,39
8454,20230213,454,17,107,95,12,58
8455,20240212,455,17,71,34,37,58
8456,20220527,456,17,142,110,32,41
8457,20241109,457,17,91,47,44,47
8458,20230508,458,17,262,94,168,29
8459,20230619,459,17,138,70,68,54
8460,20230606,460,17,287,101,186,36
8461,20220807,461,17,55,28,27,40
8462,20230427,462,17,66,65,1,56
8463,20231116,463,17,111,103,8,59
8464,20230626,464,17,203,82,121,51
8465,20230519,465,17,66,23,43,58
8466,20220520,466,17,168,24,144,59
8467,20220210,467,17,258,92,166,28
8468,20230407,468,17,85,30,55,23
8469,20220210,469,17,90,48,42,50
8470,20230530,470,17,146,62,84,31
8471,20220708,471,17,53,22,31,55
8472,20221215,472,17,57,33,24,39
8473,20230618,473,17,205,63,142,44
8474,20240524,474,17,121,37,84,48
8475,20220105,475,17,206,157,49,23
8476,20231105,476,17,139,101,38,35
8477,20220916,477,17,185,101,84,25
8478,20240608,478,17,95,73,22,52
8479,20220302,479,17,151,130,21,43
8480,20220916,480,17,102,53,49,34
8481,20240930,481,17,158,99,59,33
8482,20230109,482,17,117,83,34,40
8483,20230708,483,17,208,106,102,46
8484,20221206,484,17,178,135,43,42
8485,20230812,485,17,174,138,36,39
8486,20230401,486,17,107,46,61,39
8487,20220410,487,17,258,124,134,50
8488,20240102,488,17,70,60,10,53
8489,20230904,489,17,195,183,12,36
8490,20230702,490,17,200,175,25,56
8491,20240901,491,17,270,27,243,23
8492,20241125,492,17,244,189,55,41
8493,20240515,493,17,180,68,112,55
8494,20230512,494,17,242,134,108,59
8495,20221211,495,17,267,15,252,52
8496,20240612,496,17,211,56,155,46
8497,20220515,497,17,262,169,93,50
8498,20230901,498,17,270,214,56,26
8499,20240512,499,17,174,47,127,39
8500,20240326,500,17,256,192,64,39
8501,20240618,1,18,174,160,14,51
8502,20231225,2,18,279,21,258,23
8503,20220526,3,18,57,57,0,25
8504,20221227,4,18,197,176,21,32
8505,20231224,5,18,298,133,165,27
8506,20230430,6,18,263,112,151,40
8507,20240609,7,18,273,246,27,43
8508,20231230,8,18,135,133,2,25
8509,20220604,9,18,112,111,1,27
8510,20240622,10,18,95,22,73,46
8511,20220407,11,18,277,17,260,38
8512,20240430,12,18,103,91,12,48
8513,20231125,13,18,195,149,46,44
8514,20220301,14,18,167,122,45,28
8515,20240520,15,18,265,135,130,46
8516,20220623,16,18,126,83,43,58
8517,20220409,17,18,277,230,47,43
8518,20230921,18,18,195,143,52,58
8519,20240305,19,18,106,44,62,47
8520,20231204,20,18,147,86,61,57
8521,20221119,21,18,158,153,5,48
8522,20240121,22,18,229,128,101,58
8523,20221025,23,18,208,107,101,25
8524,20240921,24,18,269,241,28,57
8525,20220531,25,18,185,58,127,27
8526,20241016,26,18,220,158,62,35
8527,20240107,27,18,235,72,163,26
8528,20230821,28,18,251,126,125,53
8529,20220103,29,18,114,79,35,25
8530,20230730,30,18,149,67,82,51
8531,20230108,31,18,192,32,160,43
8532,20241126,32,18,124,58,66,27
8533,20230111,33,18,67,27,40,32
8534,20230301,34,18,277,77,200,21
8535,20240109,35,18,168,107,61,22
8536,20240420,36,18,106,100,6,47
8537,20240811,37,18,282,44,238,38
8538,20220213,38,18,289,80,209,34
8539,20220917,39,18,172,16,156,26
8540,20240418,40,18,99,71,28,38
8541,20220305,41,18,217,118,99,38
8542,20230304,42,18,146,124,22,30
8543,20230811,43,18,208,86,122,36
8544,20231023,44,18,280,112,168,58
8545,20221020,45,18,72,69,3,45
8546,20240827,46,18,73,44,29,22
8547,20230925,47,18,226,75,151,45
8548,20221014,48,18,279,234,45,49
8549,20220817,49,18,128,99,29,39
8550,20230920,50,18,113,20,93,47
8551,20231122,51,18,118,110,8,56
8552,20240818,52,18,189,119,70,39
8553,20220306,53,18,276,65,211,37
8554,20220307,54,18,237,139,98,28
8555,20231105,55,18,241,105,136,42
8556,20241115,56,18,300,283,17,57
8557,20220325,57,18,134,103,31,36
8558,20240627,58,18,166,85,81,20
8559,20240122,59,18,142,82,60,45
8560,20230508,60,18,165,108,57,39
8561,20231101,61,18,154,66,88,44
8562,20220213,62,18,277,162,115,26
8563,20220301,63,18,55,26,29,26
8564,20220624,64,18,94,21,73,44
8565,20220310,65,18,283,178,105,60
8566,20230403,66,18,97,46,51,29
8567,20220216,67,18,287,243,44,30
8568,20221013,68,18,176,123,53,22
8569,20220226,69,18,125,57,68,37
8570,20240202,70,18,183,52,131,50
8571,20231019,71,18,118,94,24,21
8572,20221230,72,18,287,163,124,30
8573,20220710,73,18,297,99,198,21
8574,20240822,74,18,212,72,140,42
8575,20230102,75,18,169,14,155,43
8576,20221026,76,18,224,119,105,40
8577,20220611,77,18,285,13,272,35
8578,20240202,78,18,113,49,64,57
8579,20220904,79,18,249,74,175,20
8580,20240104,80,18,196,38,158,41
8581,20241213,81,18,179,11,168,40
8582,20240123,82,18,180,35,145,54
8583,20221008,83,18,93,86,7,52
8584,20231208,84,18,166,156,10,43
8585,20220219,85,18,71,70,1,51
8586,20220803,86,18,240,74,166,57
8587,20230503,87,18,252,249,3,40
8588,20241021,88,18,57,31,26,33
8589,20240215,89,18,120,79,41,56
8590,20231209,90,18,69,15,54,36
8591,20240306,91,18,67,17,50,49
8592,20240204,92,18,50,22,28,56
8593,20230416,93,18,147,67,80,59
8594,20241012,94,18,89,22,67,27
8595,20220902,95,18,91,54,37,20
8596,20221126,96,18,138,26,112,47
8597,20221226,97,18,295,287,8,23
8598,20220203,98,18,287,242,45,56
8599,20240120,99,18,195,173,22,55
8600,20231122,100,18,75,34,41,55
8601,20220122,101,18,214,36,178,34
8602,20220520,102,18,180,71,109,50
8603,20230811,103,18,266,164,102,26
8604,20220423,104,18,182,99,83,28
8605,20220626,105,18,299,96,203,53
8606,20230304,106,18,70,29,41,33
8607,20230305,107,18,102,55,47,45
8608,20220104,108,18,213,30,183,59
8609,20241211,109,18,159,115,44,49
8610,20230903,110,18,129,25,104,44
8611,20240303,111,18,211,61,150,38
8612,20220309,112,18,299,287,12,20
8613,20220330,113,18,147,68,79,53
8614,20240322,114,18,249,47,202,44
8615,20221104,115,18,141,37,104,36
8616,20241104,116,18,90,44,46,41
8617,20230829,117,18,237,27,210,43
8618,20230416,118,18,158,12,146,43
8619,20240411,119,18,148,110,38,59
8620,20231116,120,18,254,189,65,24
8621,20230601,121,18,130,29,101,60
8622,20230916,122,18,81,56,25,50
8623,20240701,123,18,294,112,182,32
8624,20230312,124,18,129,98,31,47
8625,20241106,125,18,284,266,18,46
8626,20230804,126,18,198,74,124,48
8627,20221229,127,18,58,55,3,41
8628,20220130,128,18,227,178,49,38
8629,20220103,129,18,204,169,35,49
8630,20220716,130,18,298,123,175,50
8631,20221028,131,18,106,32,74,54
8632,20230808,132,18,195,47,148,24
8633,20230716,133,18,63,12,51,55
8634,20240130,134,18,124,76,48,56
8635,20241201,135,18,289,213,76,30
8636,20230514,136,18,181,130,51,23
8637,20230514,137,18,195,35,160,59
8638,20231223,138,18,180,113,67,32
8639,20240125,139,18,125,39,86,27
8640,20221130,140,18,127,91,36,45
8641,20230812,141,18,251,40,211,56
8642,20220507,142,18,105,41,64,55
8643,20240915,143,18,260,247,13,23
8644,20230902,144,18,86,63,23,30
8645,20231122,145,18,223,183,40,43
8646,20230214,146,18,58,31,27,38
8647,20240915,147,18,142,31,111,26
8648,20240415,148,18,72,55,17,50
8649,20230111,149,18,217,104,113,56
8650,20230202,150,18,252,196,56,20
8651,20220802,151,18,76,39,37,39
8652,20240104,152,18,282,215,67,54
8653,20220331,153,18,185,183,2,45
8654,20220205,154,18,161,106,55,27
8655,20240731,155,18,293,55,238,24
8656,20241017,156,18,136,38,98,46
8657,20240515,157,18,275,165,110,48
8658,20220701,158,18,58,24,34,23
8659,20230513,159,18,163,145,18,54
8660,20230223,160,18,140,131,9,59
8661,20240128,161,18,98,24,74,56
8662,20230714,162,18,264,258,6,38
8663,20240314,163,18,136,93,43,53
8664,20230621,164,18,205,17,188,32
8665,20220403,165,18,293,198,95,55
8666,20220802,166,18,172,134,38,51
8667,20230908,167,18,170,82,88,52
8668,20240121,168,18,202,95,107,38
8669,20230519,169,18,163,25,138,58
8670,20230124,170,18,241,207,34,54
8671,20231219,171,18,232,92,140,25
8672,20241116,172,18,174,170,4,56
8673,20240623,173,18,255,121,134,23
8674,20220727,174,18,112,96,16,37
8675,20231018,175,18,178,35,143,26
8676,20230618,176,18,103,102,1,23
8677,20231114,177,18,117,90,27,50
8678,20241004,178,18,248,238,10,57
8679,20220104,179,18,230,74,156,50
8680,20231016,180,18,205,100,105,26
8681,20220921,181,18,203,137,66,52
8682,20230126,182,18,69,41,28,43
8683,20241203,183,18,281,249,32,24
8684,20230824,184,18,263,161,102,50
8685,20240311,185,18,86,69,17,43
8686,20230507,186,18,105,29,76,49
8687,20230521,187,18,206,40,166,23
8688,20220331,188,18,193,50,143,45
8689,20230510,189,18,58,56,2,38
8690,20230105,190,18,136,42,94,48
8691,20240805,191,18,159,64,95,56
8692,20220228,192,18,216,168,48,21
8693,20241105,193,18,300,76,224,45
8694,20230714,194,18,68,15,53,33
8695,20230327,195,18,170,98,72,20
8696,20230204,196,18,145,26,119,41
8697,20241103,197,18,218,196,22,43
8698,20230219,198,18,71,52,19,37
8699,20220916,199,18,85,47,38,20
8700,20230804,200,18,114,104,10,29
8701,20230308,201,18,175,163,12,31
8702,20220722,202,18,179,86,93,51
8703,20230217,203,18,139,49,90,57
8704,20230910,204,18,76,45,31,33
8705,20230901,205,18,135,107,28,48
8706,20241126,206,18,278,238,40,30
8707,20240317,207,18,112,20,92,45
8708,20240117,208,18,277,185,92,29
8709,20240819,209,18,156,141,15,42
8710,20240605,210,18,223,133,90,53
8711,20221002,211,18,247,199,48,55
8712,20240918,212,18,175,59,116,42
8713,20231121,213,18,300,269,31,26
8714,20230406,214,18,149,20,129,35
8715,20221014,215,18,158,139,19,28
8716,20221201,216,18,276,96,180,52
8717,20240926,217,18,153,69,84,55
8718,20230717,218,18,243,202,41,33
8719,20240814,219,18,245,173,72,48
8720,20240326,220,18,148,12,136,49
8721,20231213,221,18,172,80,92,42
8722,20221001,222,18,72,26,46,59
8723,20220328,223,18,65,51,14,47
8724,20230922,224,18,171,49,122,43
8725,20230728,225,18,150,63,87,59
8726,20220405,226,18,61,41,20,54
8727,20220715,227,18,203,29,174,34
8728,20241119,228,18,228,206,22,46
8729,20240727,229,18,103,47,56,21
8730,20230223,230,18,171,93,78,30
8731,20240429,231,18,257,62,195,30
8732,20220808,232,18,127,100,27,33
8733,20240601,233,18,83,72,11,22
8734,20240525,234,18,58,16,42,47
8735,20230513,235,18,232,217,15,24
8736,20230830,236,18,133,118,15,33
8737,20241223,237,18,97,25,72,40
8738,20240908,238,18,78,72,6,42
8739,20220720,239,18,272,237,35,28
8740,20230621,240,18,155,76,79,33
8741,20230303,241,18,191,11,180,29
8742,20220714,242,18,265,201,64,48
8743,20220511,243,18,80,37,43,32
8744,20220303,244,18,144,22,122,56
8745,20240928,245,18,157,24,133,42
8746,20231202,246,18,275,108,167,46
8747,20230707,247,18,236,108,128,20
8748,20230830,248,18,50,38,12,24
8749,20240806,249,18,194,117,77,22
8750,20220307,250,18,299,125,174,43
8751,20220716,251,18,146,62,84,21
8752,20240114,252,18,99,56,43,40
8753,20240517,253,18,116,66,50,34
8754,20220921,254,18,182,113,69,34
8755,20241206,255,18,143,34,109,57
8756,20230315,256,18,188,169,19,28
8757,20230722,257,18,113,56,57,50
8758,20231201,258,18,137,49,88,22
8759,20221130,259,18,264,153,111,60
8760,20230321,260,18,253,141,112,39
8761,20241004,261,18,87,48,39,47
8762,20221019,262,18,197,31,166,50
8763,20230715,263,18,180,57,123,55
8764,20231115,264,18,54,32,22,60
8765,20231222,265,18,162,145,17,23
8766,20221228,266,18,245,180,65,53
8767,20220212,267,18,133,24,109,27
8768,20240306,268,18,110,78,32,46
8769,20220710,269,18,157,102,55,52
8770,20220123,270,18,279,13,266,57
8771,20240623,271,18,110,54,56,39
8772,20230925,272,18,119,81,38,44
8773,20231116,273,18,111,39,72,46
8774,20230419,274,18,133,49,84,55
8775,20221209,275,18,181,134,47,49
8776,20241004,276,18,248,205,43,57
8777,20220224,277,18,199,195,4,29
8778,20240109,278,18,59,30,29,39
8779,20220922,279,18,277,96,181,53
8780,20240929,280,18,274,253,21,34
8781,20221002,281,18,218,52,166,32
8782,20220723,282,18,233,123,110,43
8783,20240108,283,18,223,79,144,25
8784,20221028,284,18,133,105,28,29
8785,20230329,285,18,201,24,177,53
8786,20240401,286,18,109,48,61,35
8787,20241125,287,18,97,49,48,25
8788,20230522,288,18,103,70,33,33
8789,20230429,289,18,67,31,36,27
8790,20220411,290,18,268,100,168,23
8791,20240710,291,18,296,264,32,34
8792,20220113,292,18,178,79,99,60
8793,20221025,293,18,234,101,133,54
8794,20231230,294,18,74,21,53,49
8795,20220520,295,18,220,26,194,22
8796,20240129,296,18,87,46,41,22
8797,20221207,297,18,263,81,182,42
8798,20230811,298,18,190,11,179,46
8799,20221130,299,18,111,33,78,21
8800,20220627,300,18,216,179,37,24
8801,20241010,301,18,269,186,83,26
8802,20240421,302,18,115,56,59,52
8803,20220420,303,18,160,44,116,25
8804,20220129,304,18,244,109,135,39
8805,20230926,305,18,258,40,218,35
8806,20241225,306,18,265,166,99,39
8807,20221104,307,18,187,66,121,33
8808,20220906,308,18,277,257,20,45
8809,20221026,309,18,168,92,76,45
8810,20220922,310,18,76,30,46,35
8811,20230209,311,18,261,145,116,48
8812,20220914,312,18,266,140,126,49
8813,20230421,313,18,97,22,75,55
8814,20230205,314,18,193,81,112,20
8815,20230125,315,18,137,132,5,24
8816,20241117,316,18,82,46,36,41
8817,20220514,317,18,86,10,76,20
8818,20221213,318,18,234,52,182,32
8819,20240610,319,18,179,134,45,45
8820,20241113,320,18,73,50,23,38
8821,20240229,321,18,157,93,64,30
8822,20240720,322,18,283,65,218,26
8823,20240626,323,18,50,30,20,20
8824,20241116,324,18,101,81,20,29
8825,20230504,325,18,205,28,177,57
8826,20220615,326,18,225,80,145,59
8827,20230217,327,18,254,61,193,28
8828,20240721,328,18,200,52,148,34
8829,20240202,329,18,58,23,35,31
8830,20220311,330,18,187,11,176,60
8831,20221006,331,18,136,85,51,40
8832,20240414,332,18,252,204,48,32
8833,20240607,333,18,252,218,34,48
8834,20221121,334,18,73,28,45,60
8835,20230510,335,18,176,146,30,35
8836,20230517,336,18,79,27,52,55
8837,20240415,337,18,288,13,275,25
8838,20240412,338,18,231,221,10,37
8839,20230919,339,18,53,45,8,42
8840,20220209,340,18,144,71,73,55
8841,20230220,341,18,54,21,33,25
8842,20230810,342,18,186,50,136,20
8843,20241031,343,18,283,220,63,43
8844,20230118,344,18,59,35,24,55
8845,20230202,345,18,125,96,29,57
8846,20220509,346,18,123,64,59,54
8847,20220216,347,18,226,213,13,52
8848,20221012,348,18,105,77,28,31
8849,20230709,349,18,238,214,24,30
8850,20220109,350,18,117,62,55,31
8851,20241130,351,18,73,18,55,25
8852,20220406,352,18,161,89,72,44
8853,20231014,353,18,206,75,131,31
8854,20230516,354,18,222,59,163,24
8855,20221010,355,18,279,185,94,48
8856,20230405,356,18,136,99,37,42
8857,20230720,357,18,254,195,59,51
8858,20230603,358,18,176,102,74,32
8859,20240215,359,18,78,18,60,24
8860,20241228,360,18,294,138,156,49
8861,20230114,361,18,105,18,87,33
8862,20240604,362,18,245,94,151,48
8863,20240926,363,18,232,166,66,29
8864,20230707,364,18,123,29,94,39
8865,20231029,365,18,280,197,83,48
8866,20230627,366,18,225,160,65,49
8867,20240301,367,18,180,77,103,53
8868,20240710,368,18,133,68,65,47
8869,20220516,369,18,259,125,134,53
8870,20230512,370,18,166,121,45,51
8871,20241216,371,18,226,30,196,44
8872,20220610,372,18,162,161,1,36
8873,20220626,373,18,196,83,113,30
8874,20220607,374,18,236,40,196,20
8875,20241019,375,18,157,114,43,47
8876,20230428,376,18,97,61,36,46
8877,20230725,377,18,116,102,14,43
8878,20240727,378,18,100,37,63,37
8879,20240123,379,18,50,48,2,56
8880,20230326,380,18,61,39,22,21
8881,20240202,381,18,133,115,18,39
8882,20240119,382,18,194,23,171,21
8883,20220517,383,18,66,51,15,44
8884,20231006,384,18,85,32,53,49
8885,20230430,385,18,180,97,83,43
8886,20231105,386,18,179,137,42,50
8887,20230617,387,18,256,204,52,21
8888,20240620,388,18,164,128,36,50
8889,20230825,389,18,89,55,34,30
8890,20230514,390,18,286,90,196,36
8891,20241214,391,18,279,188,91,40
8892,20221107,392,18,93,77,16,30
8893,20240118,393,18,213,170,43,52
8894,20221124,394,18,146,84,62,42
8895,20230504,395,18,242,209,33,42
8896,20230108,396,18,62,20,42,24
8897,20230328,397,18,233,27,206,29
8898,20240610,398,18,292,164,128,35
8899,20230531,399,18,284,168,116,27
8900,20231114,400,18,228,65,163,56
8901,20230702,401,18,261,67,194,23
8902,20220402,402,18,72,16,56,20
8903,20230323,403,18,209,171,38,49
8904,20240910,404,18,241,87,154,42
8905,20230706,405,18,223,93,130,55
8906,20221028,406,18,127,62,65,45
8907,20240804,407,18,242,51,191,45
8908,20220426,408,18,154,145,9,56
8909,20220311,409,18,251,59,192,60
8910,20230628,410,18,147,26,121,23
8911,20221223,411,18,66,36,30,29
8912,20231021,412,18,161,154,7,32
8913,20241116,413,18,177,110,67,26
8914,20220101,414,18,168,48,120,28
8915,20231119,415,18,297,192,105,29
8916,20240305,416,18,222,138,84,52
8917,20231128,417,18,125,57,68,57
8918,20220521,418,18,151,71,80,34
8919,20220419,419,18,258,17,241,37
8920,20240908,420,18,138,16,122,31
8921,20240331,421,18,73,36,37,43
8922,20240921,422,18,186,124,62,27
8923,20240715,423,18,227,204,23,50
8924,20220818,424,18,276,93,183,25
8925,20220820,425,18,111,72,39,43
8926,20221018,426,18,137,50,87,59
8927,20240806,427,18,68,29,39,45
8928,20220913,428,18,153,118,35,22
8929,20221214,429,18,276,250,26,28
8930,20230123,430,18,126,122,4,60
8931,20220930,431,18,221,157,64,43
8932,20240728,432,18,232,92,140,30
8933,20231013,433,18,57,46,11,25
8934,20230625,434,18,192,87,105,57
8935,20230608,435,18,252,115,137,25
8936,20240818,436,18,240,94,146,35
8937,20230112,437,18,204,29,175,59
8938,20230609,438,18,110,84,26,51
8939,20230119,439,18,213,113,100,20
8940,20230518,440,18,81,68,13,33
8941,20230124,441,18,142,113,29,31
8942,20221017,442,18,240,26,214,38
8943,20240210,443,18,293,20,273,53
8944,20240110,444,18,87,19,68,45
8945,20230330,445,18,216,55,161,59
8946,20220324,446,18,180,65,115,23
8947,20230817,447,18,180,161,19,21
8948,20240101,448,18,54,16,38,40
8949,20220524,449,18,159,32,127,57
8950,20221205,450,18,269,25,244,23
8951,20230518,451,18,73,59,14,34
8952,20221202,452,18,154,124,30,29
8953,20230307,453,18,277,47,230,60
8954,20220709,454,18,296,71,225,59
8955,20230228,455,18,77,12,65,38
8956,20231204,456,18,73,48,25,35
8957,20240829,457,18,221,145,76,54
8958,20230620,458,18,256,217,39,36
8959,20220831,459,18,159,66,93,45
8960,20241231,460,18,108,95,13,33
8961,20241004,461,18,105,19,86,28
8962,20230101,462,18,108,90,18,29
8963,20230304,463,18,246,166,80,53
8964,20221208,464,18,220,83,137,42
8965,20230403,465,18,178,147,31,52
8966,20230926,466,18,119,43,76,33
8967,20241005,467,18,142,32,110,37
8968,20231118,468,18,197,192,5,24
8969,20231125,469,18,192,53,139,53
8970,20221226,470,18,298,223,75,20
8971,20220421,471,18,270,117,153,33
8972,20240601,472,18,51,33,18,33
8973,20240301,473,18,129,19,110,55
8974,20220807,474,18,228,188,40,21
8975,20240314,475,18,272,74,198,48
8976,20240616,476,18,216,161,55,59
8977,20241225,477,18,280,146,134,39
8978,20220423,478,18,101,54,47,40
8979,20230717,479,18,153,66,87,38
8980,20220620,480,18,58,19,39,26
8981,20240627,481,18,263,14,249,52
8982,20220720,482,18,140,120,20,50
8983,20220713,483,18,245,153,92,38
8984,20230617,484,18,295,51,244,54
8985,20230722,485,18,243,16,227,40
8986,20240621,486,18,262,257,5,43
8987,20230928,487,18,87,44,43,52
8988,20241220,488,18,168,147,21,27
8989,20241023,489,18,168,138,30,46
8990,20241218,490,18,63,32,31,38
8991,20240625,491,18,108,51,57,25
8992,20231212,492,18,133,128,5,50
8993,20221014,493,18,120,20,100,53
8994,20230708,494,18,153,71,82,43
8995,20240704,495,18,173,100,73,44
8996,20220907,496,18,267,88,179,22
8997,20241031,497,18,249,183,66,37
8998,20230812,498,18,157,92,65,44
8999,20230516,499,18,58,12,46,55
9000,20240509,500,18,218,104,114,51
9001,20240319,1,19,130,84,46,53
9002,20230804,2,19,267,25,242,28
9003,20230622,3,19,199,113,86,52
9004,20220409,4,19,205,179,26,23
9005,20220122,5,19,249,61,188,29
9006,20221008,6,19,84,12,72,58
9007,20230620,7,19,285,197,88,48
9008,20220129,8,19,92,18,74,48
9009,20231128,9,19,107,96,11,43
9010,20240207,10,19,68,25,43,50
9011,20220126,11,19,283,261,22,23
9012,20220729,12,19,109,67,42,29
9013,20230324,13,19,115,10,105,34
9014,20221101,14,19,98,53,45,33
9015,20231010,15,19,220,190,30,35
9016,20230711,16,19,129,90,39,33
9017,20230309,17,19,109,29,80,32
9018,20230309,18,19,111,28,83,25
9019,20241008,19,19,154,153,1,39
9020,20220609,20,19,175,139,36,22
9021,20240215,21,19,228,217,11,60
9022,20230224,22,19,119,18,101,44
9023,20230909,23,19,96,33,63,35
9024,20220925,24,19,56,27,29,27
9025,20240907,25,19,211,62,149,60
9026,20230609,26,19,81,19,62,22
9027,20240925,27,19,148,42,106,27
9028,20230924,28,19,76,40,36,55
9029,20240702,29,19,300,86,214,43
9030,20221130,30,19,54,34,20,43
9031,20230425,31,19,180,68,112,20
9032,20240413,32,19,207,10,197,33
9033,20230525,33,19,101,25,76,56
9034,20240910,34,19,187,179,8,39
9035,20220308,35,19,178,45,133,51
9036,20241026,36,19,257,179,78,20
9037,20231021,37,19,293,133,160,21
9038,20221018,38,19,272,61,211,32
9039,20221005,39,19,71,22,49,57
9040,20241021,40,19,253,10,243,51
9041,20220505,41,19,193,44,149,25
9042,20221017,42,19,123,33,90,23
9043,20230526,43,19,148,73,75,53
9044,20221001,44,19,194,187,7,60
9045,20221101,45,19,62,27,35,36
9046,20230222,46,19,143,60,83,20
9047,20230802,47,19,231,199,32,37
9048,20220613,48,19,187,139,48,47
9049,20221116,49,19,80,29,51,24
9050,20221221,50,19,189,150,39,30
9051,20240329,51,19,135,124,11,24
9052,20240623,52,19,253,79,174,36
9053,20240704,53,19,66,24,42,29
9054,20230615,54,19,116,116,0,48
9055,20240602,55,19,300,122,178,23
9056,20230520,56,19,216,204,12,31
9057,20220709,57,19,188,44,144,28
9058,20240417,58,19,185,132,53,48
9059,20230211,59,19,70,70,0,24
9060,20220910,60,19,118,11,107,30
9061,20240813,61,19,247,205,42,49
9062,20230304,62,19,255,140,115,26
9063,20220628,63,19,213,89,124,37
9064,20240803,64,19,201,16,185,60
9065,20221209,65,19,220,118,102,53
9066,20220520,66,19,147,34,113,51
9067,20220720,67,19,115,51,64,40
9068,20221217,68,19,245,178,67,56
9069,20240313,69,19,236,183,53,50
9070,20220213,70,19,97,95,2,25
9071,20240707,71,19,298,294,4,52
9072,20221123,72,19,160,156,4,30
9073,20220501,73,19,174,110,64,32
9074,20220227,74,19,61,58,3,38
9075,20230325,75,19,290,286,4,37
9076,20230330,76,19,280,259,21,40
9077,20241219,77,19,205,136,69,34
9078,20230201,78,19,285,86,199,34
9079,20240115,79,19,240,156,84,44
9080,20221111,80,19,275,243,32,45
9081,20241205,81,19,165,160,5,36
9082,20230719,82,19,167,140,27,30
9083,20220225,83,19,223,80,143,27
9084,20240117,84,19,112,89,23,20
9085,20220725,85,19,165,164,1,45
9086,20241121,86,19,170,149,21,52
9087,20240814,87,19,181,108,73,53
9088,20221106,88,19,174,168,6,24
9089,20230428,89,19,193,182,11,35
9090,20241019,90,19,238,204,34,38
9091,20220212,91,19,143,83,60,23
9092,20231010,92,19,297,42,255,44
9093,20221222,93,19,253,24,229,59
9094,20221007,94,19,131,102,29,44
9095,20230805,95,19,57,49,8,57
9096,20240805,96,19,55,22,33,50
9097,20220327,97,19,242,76,166,44
9098,20241216,98,19,121,53,68,46
9099,20220323,99,19,93,74,19,53
9100,20240404,100,19,273,221,52,28
9101,20231230,101,19,256,72,184,54
9102,20221112,102,19,83,69,14,52
9103,20231005,103,19,166,31,135,36
9104,20231123,104,19,187,61,126,59
9105,20220617,105,19,300,249,51,51
9106,20231025,106,19,291,179,112,21
9107,20220118,107,19,126,20,106,42
9108,20240711,108,19,252,98,154,33
9109,20220622,109,19,293,255,38,59
9110,20220902,110,19,94,42,52,40
9111,20240501,111,19,269,220,49,24
9112,20231226,112,19,101,61,40,29
9113,20230228,113,19,85,80,5,30
9114,20230913,114,19,62,15,47,46
9115,20220723,115,19,88,46,42,24
9116,20241115,116,19,75,73,2,22
9117,20230930,117,19,103,63,40,24
9118,20240523,118,19,140,42,98,29
9119,20230912,119,19,88,15,73,53
9120,20241206,120,19,188,183,5,42
9121,20240302,121,19,272,64,208,54
9122,20241120,122,19,85,81,4,46
9123,20220519,123,19,79,45,34,21
9124,20220929,124,19,66,22,44,20
9125,20240228,125,19,284,155,129,37
9126,20240107,126,19,147,79,68,27
9127,20230517,127,19,223,82,141,25
9128,20240725,128,19,250,48,202,33
9129,20240929,129,19,291,42,249,30
9130,20240310,130,19,262,91,171,27
9131,20230622,131,19,219,36,183,39
9132,20240926,132,19,246,152,94,34
9133,20220929,133,19,117,96,21,23
9134,20240729,134,19,92,72,20,59
9135,20240219,135,19,233,44,189,50
9136,20220814,136,19,67,28,39,48
9137,20230707,137,19,261,119,142,45
9138,20220918,138,19,127,32,95,53
9139,20230325,139,19,232,120,112,21
9140,20230923,140,19,87,64,23,28
9141,20221207,141,19,228,70,158,42
9142,20220207,142,19,273,172,101,55
9143,20240104,143,19,167,114,53,34
9144,20240612,144,19,220,142,78,22
9145,20240701,145,19,218,174,44,32
9146,20230226,146,19,300,32,268,30
9147,20241218,147,19,93,14,79,43
9148,20230614,148,19,169,140,29,26
9149,20231221,149,19,250,249,1,50
9150,20230224,150,19,115,29,86,20
9151,20230505,151,19,188,188,0,36
9152,20240826,152,19,230,155,75,37
9153,20221017,153,19,121,34,87,52
9154,20221016,154,19,88,87,1,42
9155,20230209,155,19,242,192,50,22
9156,20240921,156,19,67,35,32,54
9157,20241204,157,19,135,115,20,21
9158,20231217,158,19,181,139,42,53
9159,20240321,159,19,139,95,44,27
9160,20240116,160,19,93,48,45,28
9161,20230311,161,19,243,214,29,48
9162,20230814,162,19,170,167,3,51
9163,20220409,163,19,263,186,77,24
9164,20230128,164,19,91,48,43,38
9165,20230106,165,19,236,146,90,22
9166,20220220,166,19,296,52,244,36
9167,20220302,167,19,211,148,63,59
9168,20230512,168,19,136,20,116,44
9169,20241009,169,19,156,32,124,33
9170,20220322,170,19,186,66,120,34
9171,20241205,171,19,245,199,46,30
9172,20230312,172,19,269,95,174,27
9173,20241102,173,19,121,19,102,49
9174,20230116,174,19,243,131,112,45
9175,20231013,175,19,202,177,25,41
9176,20240708,176,19,239,60,179,43
9177,20241121,177,19,275,185,90,56
9178,20240221,178,19,200,29,171,44
9179,20220914,179,19,99,53,46,36
9180,20241013,180,19,253,80,173,60
9181,20221115,181,19,229,219,10,36
9182,20240201,182,19,85,68,17,46
9183,20221130,183,19,164,48,116,27
9184,20221124,184,19,269,83,186,21
9185,20230316,185,19,201,120,81,41
9186,20220315,186,19,292,288,4,41
9187,20230509,187,19,280,16,264,50
9188,20240901,188,19,82,64,18,58
9189,20240525,189,19,202,163,39,52
9190,20221209,190,19,59,24,35,33
9191,20230813,191,19,247,209,38,44
9192,20220303,192,19,134,20,114,50
9193,20230317,193,19,129,18,111,55
9194,20230701,194,19,243,43,200,42
9195,20230513,195,19,298,208,90,44
9196,20220831,196,19,185,112,73,34
9197,20230225,197,19,148,139,9,20
9198,20231019,198,19,54,28,26,60
9199,20241020,199,19,236,31,205,52
9200,20220830,200,19,127,29,98,54
9201,20220526,201,19,138,135,3,56
9202,20240129,202,19,168,56,112,40
9203,20230126,203,19,139,118,21,31
9204,20230306,204,19,291,99,192,54
9205,20230822,205,19,197,185,12,30
9206,20230131,206,19,242,164,78,25
9207,20220624,207,19,84,27,57,36
9208,20241015,208,19,275,79,196,55
9209,20220417,209,19,122,50,72,37
9210,20240406,210,19,252,194,58,32
9211,20220517,211,19,286,202,84,45
9212,20240605,212,19,191,70,121,57
9213,20220106,213,19,192,89,103,57
9214,20230330,214,19,71,34,37,48
9215,20240325,215,19,219,64,155,31
9216,20220927,216,19,155,149,6,53
9217,20220805,217,19,187,25,162,54
9218,20220603,218,19,54,11,43,26
9219,20230129,219,19,115,13,102,31
9220,20221119,220,19,236,23,213,58
9221,20220516,221,19,148,94,54,39
9222,20241203,222,19,100,24,76,35
9223,20231017,223,19,57,26,31,44
9224,20221223,224,19,238,203,35,50
9225,20230912,225,19,60,29,31,37
9226,20230615,226,19,141,76,65,46
9227,20231209,227,19,289,134,155,49
9228,20230212,228,19,152,109,43,36
9229,20221218,229,19,180,17,163,50
9230,20240422,230,19,244,74,170,35
9231,20220402,231,19,166,105,61,32
9232,20230523,232,19,282,85,197,39
9233,20230124,233,19,118,28,90,45
9234,20240501,234,19,178,29,149,50
9235,20220920,235,19,240,177,63,30
9236,20230408,236,19,73,46,27,20
9237,20230805,237,19,181,164,17,49
9238,20220414,238,19,192,150,42,43
9239,20230710,239,19,83,68,15,57
9240,20231116,240,19,193,61,132,24
9241,20241004,241,19,127,35,92,58
9242,20230815,242,19,133,50,83,30
9243,20221027,243,19,77,44,33,51
9244,20230818,244,19,75,55,20,29
9245,20240104,245,19,136,29,107,26
9246,20230720,246,19,262,128,134,41
9247,20220927,247,19,247,101,146,43
9248,20241226,248,19,97,84,13,24
9249,20221204,249,19,143,75,68,23
9250,20230611,250,19,123,98,25,25
9251,20220712,251,19,127,59,68,38
9252,20240410,252,19,270,80,190,42
9253,20221226,253,19,102,25,77,27
9254,20241121,254,19,82,80,2,58
9255,20240721,255,19,260,183,77,31
9256,20221105,256,19,267,53,214,42
9257,20241209,257,19,255,97,158,30
9258,20220310,258,19,267,159,108,59
9259,20220208,259,19,151,33,118,44
9260,20240806,260,19,216,14,202,23
9261,20221005,261,19,108,105,3,26
9262,20240601,262,19,227,132,95,49
9263,20230804,263,19,179,132,47,43
9264,20220701,264,19,297,222,75,54
9265,20241108,265,19,251,14,237,24
9266,20230929,266,19,196,58,138,37
9267,20241221,267,19,118,55,63,48
9268,20221018,268,19,141,112,29,35
9269,20230916,269,19,117,101,16,20
9270,20231223,270,19,119,55,64,57
9271,20241018,271,19,282,170,112,35
9272,20220307,272,19,269,253,16,46
9273,20231222,273,19,105,29,76,59
9274,20231118,274,19,205,85,120,51
9275,20230414,275,19,271,108,163,20
9276,20220610,276,19,270,226,44,23
9277,20220827,277,19,186,32,154,28
9278,20241029,278,19,118,45,73,27
9279,20231015,279,19,170,85,85,56
9280,20221018,280,19,175,13,162,29
9281,20230403,281,19,132,126,6,46
9282,20241230,282,19,198,192,6,56
9283,20240226,283,19,139,61,78,53
9284,20241125,284,19,102,68,34,42
9285,20221112,285,19,202,81,121,25
9286,20220228,286,19,240,88,152,50
9287,20231106,287,19,142,60,82,31
9288,20230408,288,19,136,108,28,28
9289,20220824,289,19,246,178,68,28
9290,20240802,290,19,96,53,43,41
9291,20240311,291,19,135,53,82,53
9292,20230413,292,19,108,23,85,57
9293,20230731,293,19,90,62,28,23
9294,20240910,294,19,75,44,31,57
9295,20220315,295,19,117,17,100,55
9296,20230821,296,19,116,21,95,39
9297,20220817,297,19,93,17,76,24
9298,20221028,298,19,150,127,23,20
9299,20240327,299,19,208,197,11,28
9300,20240102,300,19,111,53,58,37
9301,20240112,301,19,230,64,166,38
9302,20220505,302,19,193,127,66,26
9303,20220506,303,19,148,78,70,41
9304,20220326,304,19,152,151,1,39
9305,20240808,305,19,152,74,78,36
9306,20231207,306,19,285,153,132,54
9307,20220807,307,19,246,128,118,28
9308,20240916,308,19,243,154,89,35
9309,20220421,309,19,219,39,180,34
9310,20241001,310,19,225,197,28,33
9311,20240819,311,19,250,225,25,33
9312,20220226,312,19,139,48,91,27
9313,20241122,313,19,116,63,53,35
9314,20220715,314,19,198,50,148,26
9315,20220315,315,19,142,127,15,30
9316,20230414,316,19,268,112,156,43
9317,20240602,317,19,68,52,16,42
9318,20230413,318,19,115,71,44,56
9319,20241126,319,19,192,165,27,27
9320,20240605,320,19,157,76,81,26
9321,20220902,321,19,134,57,77,59
9322,20240324,322,19,171,21,150,38
9323,20220129,323,19,51,28,23,32
9324,20240803,324,19,169,128,41,38
9325,20231022,325,19,290,208,82,23
9326,20240901,326,19,164,127,37,42
9327,20221024,327,19,258,62,196,31
9328,20231229,328,19,268,263,5,46
9329,20220906,329,19,59,35,24,26
9330,20230812,330,19,293,215,78,24
9331,20230718,331,19,192,62,130,25
9332,20230808,332,19,265,237,28,59
9333,20241026,333,19,271,148,123,47
9334,20240415,334,19,142,14,128,33
9335,20240504,335,19,144,68,76,33
9336,20230606,336,19,207,23,184,39
9337,20221113,337,19,79,30,49,29
9338,20220406,338,19,260,222,38,57
9339,20241010,339,19,50,27,23,36
9340,20240227,340,19,70,17,53,31
9341,20241108,341,19,175,148,27,40
9342,20230911,342,19,54,28,26,54
9343,20230628,343,19,131,68,63,25
9344,20240519,344,19,63,31,32,44
9345,20230718,345,19,287,31,256,56
9346,20220827,346,19,83,52,31,60
9347,20231110,347,19,242,68,174,40
9348,20230909,348,19,134,117,17,30
9349,20240720,349,19,251,226,25,29
9350,20221014,350,19,107,60,47,40
9351,20240625,351,19,217,182,35,53
9352,20231114,352,19,54,40,14,55
9353,20230216,353,19,254,254,0,20
9354,20240729,354,19,144,41,103,36
9355,20220705,355,19,50,14,36,23
9356,20230617,356,19,105,59,46,26
9357,20220713,357,19,119,18,101,60
9358,20230103,358,19,213,52,161,51
9359,20230614,359,19,173,125,48,28
9360,20220402,360,19,279,134,145,56
9361,20230702,361,19,148,118,30,45
9362,20221004,362,19,114,70,44,37
9363,20230514,363,19,262,130,132,27
9364,20230606,364,19,160,140,20,47
9365,20220718,365,19,203,173,30,34
9366,20240217,366,19,199,154,45,55
9367,20240608,367,19,213,36,177,53
9368,20240703,368,19,67,46,21,59
9369,20221211,369,19,68,30,38,36
9370,20240101,370,19,62,28,34,34
9371,20231227,371,19,286,285,1,30
9372,20240331,372,19,231,227,4,32
9373,20220114,373,19,157,84,73,60
9374,20220802,374,19,70,52,18,50
9375,20220826,375,19,124,105,19,52
9376,20241227,376,19,90,36,54,32
9377,20240406,377,19,66,29,37,46
9378,20220923,378,19,92,78,14,31
9379,20220503,379,19,136,36,100,56
9380,20220910,380,19,137,95,42,56
9381,20230327,381,19,157,99,58,49
9382,20240421,382,19,183,174,9,29
9383,20230810,383,19,70,67,3,31
9384,20241229,384,19,189,10,179,26
9385,20240224,385,19,264,52,212,52
9386,20220423,386,19,236,46,190,58
9387,20241123,387,19,70,24,46,27
9388,20230308,388,19,284,165,119,29
9389,20220524,389,19,147,105,42,32
9390,20230617,390,19,67,22,45,24
9391,20230210,391,19,260,97,163,21
9392,20230215,392,19,230,24,206,60
9393,20230110,393,19,121,45,76,47
9394,20231125,394,19,220,169,51,58
9395,20241031,395,19,66,61,5,42
9396,20220718,396,19,294,135,159,58
9397,20220630,397,19,132,116,16,42
9398,20230915,398,19,235,228,7,47
9399,20240709,399,19,63,58,5,32
9400,20240814,400,19,175,137,38,33
9401,20221204,401,19,213,121,92,53
9402,20240319,402,19,259,214,45,32
9403,20240610,403,19,280,150,130,42
9404,20240729,404,19,274,82,192,43
9405,20240220,405,19,199,143,56,57
9406,20231024,406,19,300,86,214,21
9407,20240602,407,19,148,45,103,32
9408,20240831,408,19,257,14,243,26
9409,20240302,409,19,93,51,42,34
9410,20240216,410,19,73,70,3,32
9411,20230821,411,19,218,91,127,32
9412,20230623,412,19,138,34,104,21
9413,20241116,413,19,116,86,30,40
9414,20220504,414,19,236,74,162,41
9415,20231214,415,19,286,16,270,43
9416,20240308,416,19,204,18,186,38
9417,20220406,417,19,193,44,149,24
9418,20230915,418,19,284,251,33,51
9419,20230309,419,19,78,69,9,32
9420,20230830,420,19,97,25,72,47
9421,20241120,421,19,250,139,111,54
9422,20230801,422,19,178,112,66,22
9423,20220121,423,19,243,136,107,48
9424,20230302,424,19,211,158,53,47
9425,20220217,425,19,140,108,32,50
9426,20230627,426,19,189,186,3,56
9427,20220410,427,19,173,14,159,38
9428,20240406,428,19,181,26,155,30
9429,20241111,429,19,217,36,181,45
9430,20241221,430,19,242,188,54,25
9431,20230821,431,19,274,45,229,50
9432,20220730,432,19,60,14,46,37
9433,20230718,433,19,137,94,43,45
9434,20220616,434,19,173,90,83,53
9435,20220305,435,19,204,131,73,34
9436,20220514,436,19,111,34,77,44
9437,20240509,437,19,131,40,91,20
9438,20240223,438,19,71,37,34,21
9439,20221224,439,19,230,95,135,59
9440,20240526,440,19,267,173,94,21
9441,20240902,441,19,289,151,138,55
9442,20240403,442,19,56,53,3,32
9443,20240507,443,19,286,107,179,51
9444,20241109,444,19,110,84,26,59
9445,20220904,445,19,283,194,89,29
9446,20241010,446,19,256,92,164,31
9447,20241020,447,19,69,48,21,46
9448,20240712,448,19,233,119,114,32
9449,20220712,449,19,115,27,88,45
9450,20241023,450,19,225,189,36,59
9451,20221120,451,19,228,34,194,29
9452,20231102,452,19,276,108,168,30
9453,20220530,453,19,56,18,38,30
9454,20221028,454,19,124,41,83,55
9455,20241231,455,19,273,133,140,40
9456,20220216,456,19,237,129,108,47
9457,20220528,457,19,141,53,88,21
9458,20230428,458,19,236,179,57,50
9459,20230227,459,19,152,22,130,25
9460,20240529,460,19,127,44,83,37
9461,20240609,461,19,292,277,15,32
9462,20241123,462,19,232,28,204,46
9463,20241013,463,19,228,124,104,22
9464,20240723,464,19,167,57,110,53
9465,20231212,465,19,132,100,32,20
9466,20241227,466,19,139,23,116,35
9467,20221221,467,19,96,77,19,36
9468,20221105,468,19,221,138,83,52
9469,20240602,469,19,191,72,119,21
9470,20230713,470,19,173,86,87,41
9471,20220811,471,19,99,75,24,33
9472,20220206,472,19,102,69,33,50
9473,20220906,473,19,69,67,2,31
9474,20220322,474,19,253,180,73,49
9475,20240430,475,19,268,91,177,52
9476,20230201,476,19,144,40,104,45
9477,20220505,477,19,278,175,103,51
9478,20230223,478,19,114,112,2,26
9479,20240611,479,19,50,14,36,34
9480,20240327,480,19,127,24,103,47
9481,20231125,481,19,61,30,31,31
9482,20231205,482,19,219,189,30,32
9483,20230129,483,19,294,243,51,23
9484,20220925,484,19,221,204,17,55
9485,20240913,485,19,287,117,170,40
9486,20220817,486,19,144,139,5,31
9487,20241120,487,19,223,175,48,22
9488,20240415,488,19,248,91,157,34
9489,20240302,489,19,269,32,237,59
9490,20230305,490,19,185,136,49,60
9491,20220114,491,19,54,34,20,52
9492,20230816,492,19,260,97,163,60
9493,20230502,493,19,140,23,117,40
9494,20221028,494,19,65,37,28,26
9495,20220727,495,19,121,60,61,20
9496,20220902,496,19,293,187,106,59
9497,20220924,497,19,248,34,214,55
9498,20231102,498,19,169,36,133,38
9499,20220311,499,19,80,14,66,60
9500,20240123,500,19,104,52,52,22
9501,20220602,1,20,168,108,60,27
9502,20220408,2,20,246,58,188,22
9503,20230413,3,20,181,12,169,50
9504,20220721,4,20,127,102,25,31
9505,20240519,5,20,97,66,31,22
9506,20220310,6,20,197,116,81,59
9507,20230115,7,20,236,80,156,51
9508,20220908,8,20,209,151,58,40
9509,20220606,9,20,268,223,45,54
9510,20230122,10,20,174,158,16,36
9511,20230724,11,20,81,54,27,33
9512,20230328,12,20,246,38,208,47
9513,20230505,13,20,167,124,43,50
9514,20230701,14,20,198,35,163,50
9515,20230205,15,20,207,138,69,45
9516,20240604,16,20,204,124,80,38
9517,20221230,17,20,51,38,13,60
9518,20220127,18,20,217,32,185,55
9519,20240916,19,20,255,127,128,39
9520,20230620,20,20,105,96,9,36
9521,20230703,21,20,59,46,13,40
9522,20220923,22,20,128,41,87,35
9523,20240214,23,20,142,53,89,57
9524,20241121,24,20,291,25,266,50
9525,20240720,25,20,290,240,50,42
9526,20230303,26,20,287,261,26,37
9527,20230722,27,20,119,38,81,40
9528,20221201,28,20,58,53,5,30
9529,20231010,29,20,276,248,28,48
9530,20240203,30,20,179,81,98,34
9531,20240922,31,20,147,61,86,44
9532,20240129,32,20,111,106,5,47
9533,20221030,33,20,229,111,118,52
9534,20220627,34,20,192,13,179,25
9535,20231218,35,20,107,78,29,38
9536,20221121,36,20,199,149,50,20
9537,20220310,37,20,176,55,121,46
9538,20241206,38,20,138,35,103,54
9539,20230720,39,20,274,162,112,22
9540,20240413,40,20,196,136,60,43
9541,20230924,41,20,118,49,69,23
9542,20231005,42,20,198,86,112,43
9543,20231230,43,20,176,14,162,41
9544,20221221,44,20,104,64,40,43
9545,20221111,45,20,157,58,99,42
9546,20240928,46,20,140,37,103,59
9547,20240105,47,20,82,72,10,28
9548,20231227,48,20,282,109,173,31
9549,20240919,49,20,57,52,5,54
9550,20240817,50,20,269,196,73,41
9551,20221113,51,20,161,150,11,56
9552,20231208,52,20,75,50,25,30
9553,20220805,53,20,171,21,150,37
9554,20220701,54,20,287,44,243,29
9555,20220313,55,20,147,119,28,28
9556,20230827,56,20,123,115,8,47
9557,20231029,57,20,176,119,57,39
9558,20230326,58,20,176,174,2,31
9559,20241126,59,20,200,64,136,29
9560,20230404,60,20,229,128,101,30
9561,20220614,61,20,176,138,38,21
9562,20220914,62,20,185,81,104,52
9563,20241122,63,20,125,40,85,49
9564,20240930,64,20,145,95,50,43
9565,20220621,65,20,254,65,189,21
9566,20220912,66,20,102,67,35,22
9567,20220729,67,20,244,115,129,21
9568,20220704,68,20,96,54,42,27
9569,20221228,69,20,88,12,76,34
9570,20240915,70,20,88,11,77,27
9571,20241226,71,20,284,173,111,56
9572,20221205,72,20,162,133,29,23
9573,20230307,73,20,87,71,16,41
9574,20220308,74,20,186,163,23,43
9575,20230515,75,20,186,179,7,40
9576,20230223,76,20,239,74,165,29
9577,20241118,77,20,233,156,77,31
9578,20240904,78,20,207,192,15,29
9579,20241113,79,20,175,10,165,46
9580,20240403,80,20,107,63,44,41
9581,20241101,81,20,202,149,53,52
9582,20240517,82,20,241,240,1,37
9583,20230526,83,20,196,144,52,31
9584,20230104,84,20,132,95,37,44
9585,20241202,85,20,168,87,81,24
9586,20220331,86,20,51,20,31,40
9587,20240726,87,20,177,57,120,32
9588,20220704,88,20,71,10,61,46
9589,20241215,89,20,70,10,60,50
9590,20241017,90,20,87,59,28,30
9591,20230623,91,20,248,24,224,56
9592,20240818,92,20,123,31,92,30
9593,20230817,93,20,55,17,38,23
9594,20241207,94,20,160,160,0,24
9595,20240801,95,20,100,97,3,58
9596,20231030,96,20,200,71,129,44
9597,20220210,97,20,284,52,232,38
9598,20230604,98,20,267,43,224,49
9599,20221004,99,20,291,35,256,54
9600,20220725,100,20,183,107,76,58
9601,20221005,101,20,274,113,161,46
9602,20220108,102,20,166,48,118,33
9603,20230513,103,20,277,67,210,23
9604,20220218,104,20,87,48,39,29
9605,20230116,105,20,113,65,48,27
9606,20220928,106,20,275,24,251,34
9607,20230605,107,20,200,109,91,56
9608,20220309,108,20,191,176,15,47
9609,20240131,109,20,220,62,158,58
9610,20220108,110,20,196,72,124,24
9611,20231027,111,20,257,201,56,21
9612,20221109,112,20,155,111,44,31
9613,20220613,113,20,61,35,26,49
9614,20230929,114,20,272,91,181,25
9615,20220525,115,20,181,174,7,25
9616,20220903,116,20,287,177,110,37
9617,20241224,117,20,151,37,114,21
9618,20240501,118,20,245,244,1,30
9619,20240801,119,20,68,32,36,33
9620,20221213,120,20,114,79,35,22
9621,20230718,121,20,291,188,103,35
9622,20230810,122,20,179,27,152,21
9623,20220310,123,20,159,48,111,56
9624,20220423,124,20,147,122,25,48
9625,20230125,125,20,120,78,42,54
9626,20221117,126,20,241,110,131,32
9627,20220201,127,20,134,69,65,35
9628,20231119,128,20,122,13,109,44
9629,20240504,129,20,238,82,156,26
9630,20220615,130,20,161,61,100,33
9631,20231003,131,20,243,135,108,41
9632,20220625,132,20,127,118,9,23
9633,20230417,133,20,50,13,37,59
9634,20231123,134,20,96,28,68,24
9635,20231224,135,20,63,25,38,57
9636,20240827,136,20,180,143,37,39
9637,20240802,137,20,225,56,169,21
9638,20241213,138,20,237,154,83,45
9639,20240419,139,20,111,31,80,28
9640,20230502,140,20,179,70,109,57
9641,20230913,141,20,115,112,3,27
9642,20231016,142,20,201,90,111,37
9643,20220708,143,20,266,61,205,59
9644,20240307,144,20,165,133,32,59
9645,20240715,145,20,137,134,3,53
9646,20240213,146,20,110,71,39,37
9647,20241207,147,20,297,29,268,25
9648,20230824,148,20,263,209,54,21
9649,20230309,149,20,148,35,113,23
9650,20220122,150,20,93,22,71,47
9651,20220916,151,20,77,48,29,33
9652,20230120,152,20,100,22,78,46
9653,20240710,153,20,155,90,65,48
9654,20241222,154,20,56,41,15,45
9655,20220110,155,20,226,178,48,39
9656,20230713,156,20,261,36,225,49
9657,20221215,157,20,64,37,27,43
9658,20220224,158,20,53,50,3,52
9659,20240828,159,20,201,47,154,46
9660,20220819,160,20,296,11,285,30
9661,20230802,161,20,229,173,56,48
9662,20220417,162,20,126,63,63,45
9663,20231123,163,20,99,63,36,42
9664,20221026,164,20,215,200,15,57
9665,20220429,165,20,104,39,65,24
9666,20231008,166,20,191,45,146,40
9667,20220313,167,20,216,175,41,25
9668,20240430,168,20,227,151,76,31
9669,20241215,169,20,51,20,31,55
9670,20230129,170,20,133,80,53,60
9671,20230626,171,20,173,22,151,40
9672,20240226,172,20,141,63,78,21
9673,20231005,173,20,243,96,147,59
9674,20220408,174,20,117,73,44,60
9675,20241225,175,20,151,79,72,39
9676,20240512,176,20,98,72,26,55
9677,20220502,177,20,185,74,111,22
9678,20241126,178,20,105,67,38,51
9679,20221008,179,20,86,71,15,39
9680,20230312,180,20,95,25,70,47
9681,20220622,181,20,86,82,4,36
9682,20240502,182,20,283,114,169,50
9683,20220707,183,20,251,33,218,54
9684,20221127,184,20,261,12,249,59
9685,20230102,185,20,294,84,210,37
9686,20220303,186,20,163,19,144,41
9687,20240228,187,20,226,212,14,27
9688,20230709,188,20,113,97,16,51
9689,20231128,189,20,87,55,32,57
9690,20220321,190,20,95,51,44,34
9691,20220430,191,20,105,59,46,58
9692,20220305,192,20,79,31,48,42
9693,20220402,193,20,226,207,19,41
9694,20220217,194,20,199,106,93,36
9695,20240401,195,20,277,59,218,22
9696,20231012,196,20,294,194,100,43
9697,20231113,197,20,163,37,126,55
9698,20240904,198,20,180,129,51,49
9699,20240620,199,20,171,35,136,58
9700,20230817,200,20,148,12,136,27
9701,20230413,201,20,185,141,44,47
9702,20230111,202,20,208,23,185,30
9703,20230325,203,20,257,179,78,53
9704,20241204,204,20,80,10,70,39
9705,20230628,205,20,285,54,231,58
9706,20231122,206,20,287,191,96,21
9707,20230327,207,20,276,94,182,55
9708,20230506,208,20,275,175,100,50
9709,20220619,209,20,51,36,15,21
9710,20240729,210,20,285,248,37,27
9711,20230324,211,20,61,12,49,31
9712,20230404,212,20,214,203,11,39
9713,20220528,213,20,202,64,138,26
9714,20241013,214,20,126,88,38,43
9715,20221121,215,20,116,32,84,26
9716,20221215,216,20,103,28,75,60
9717,20240106,217,20,108,105,3,37
9718,20240812,218,20,187,20,167,36
9719,20240331,219,20,177,12,165,21
9720,20231116,220,20,81,67,14,35
9721,20220528,221,20,168,153,15,32
9722,20220703,222,20,138,112,26,34
9723,20240514,223,20,93,81,12,44
9724,20230504,224,20,53,53,0,23
9725,20241125,225,20,169,142,27,52
9726,20220828,226,20,244,68,176,57
9727,20220503,227,20,251,227,24,54
9728,20230116,228,20,188,83,105,38
9729,20230313,229,20,216,23,193,40
9730,20220727,230,20,160,117,43,50
9731,20230220,231,20,229,145,84,54
9732,20241205,232,20,75,11,64,47
9733,20241125,233,20,252,192,60,22
9734,20230914,234,20,269,215,54,43
9735,20240728,235,20,73,30,43,48
9736,20230523,236,20,86,76,10,43
9737,20241125,237,20,64,38,26,33
9738,20230127,238,20,93,70,23,52
9739,20221226,239,20,209,123,86,30
9740,20220901,240,20,67,66,1,56
9741,20240814,241,20,51,29,22,48
9742,20220913,242,20,253,185,68,42
9743,20220903,243,20,212,83,129,47
9744,20240125,244,20,116,115,1,33
9745,20220727,245,20,98,19,79,30
9746,20220513,246,20,259,56,203,24
9747,20230406,247,20,283,280,3,59
9748,20230528,248,20,148,54,94,50
9749,20230405,249,20,196,121,75,43
9750,20220718,250,20,200,139,61,21
9751,20220908,251,20,70,34,36,50
9752,20220616,252,20,217,70,147,40
9753,20230126,253,20,71,43,28,46
9754,20230412,254,20,191,109,82,53
9755,20240117,255,20,188,73,115,53
9756,20240824,256,20,272,167,105,20
9757,20241031,257,20,154,147,7,42
9758,20240203,258,20,181,147,34,37
9759,20220215,259,20,240,119,121,47
9760,20241108,260,20,67,23,44,34
9761,20240821,261,20,285,61,224,30
9762,20240515,262,20,99,35,64,47
9763,20220704,263,20,70,43,27,21
9764,20220224,264,20,230,80,150,53
9765,20221214,265,20,158,100,58,54
9766,20230714,266,20,174,103,71,54
9767,20230511,267,20,286,146,140,41
9768,20240907,268,20,122,103,19,34
9769,20230417,269,20,260,113,147,39
9770,20221228,270,20,199,93,106,27
9771,20220719,271,20,198,105,93,57
9772,20240309,272,20,166,116,50,36
9773,20240726,273,20,242,151,91,29
9774,20220828,274,20,272,118,154,46
9775,20230904,275,20,232,183,49,43
9776,20231218,276,20,55,54,1,52
9777,20240112,277,20,122,97,25,39
9778,20240417,278,20,103,99,4,41
9779,20241203,279,20,256,44,212,30
9780,20240805,280,20,219,39,180,45
9781,20230905,281,20,148,90,58,47
9782,20240319,282,20,187,44,143,21
9783,20240126,283,20,185,56,129,54
9784,20240329,284,20,260,143,117,36
9785,20241224,285,20,201,48,153,24
9786,20240331,286,20,208,163,45,30
9787,20230930,287,20,219,16,203,27
9788,20230414,288,20,109,68,41,41
9789,20230615,289,20,288,46,242,37
9790,20220915,290,20,222,25,197,22
9791,20240901,291,20,128,113,15,58
9792,20231231,292,20,182,170,12,39
9793,20240428,293,20,63,24,39,55
9794,20230216,294,20,284,170,114,34
9795,20221020,295,20,119,57,62,40
9796,20241106,296,20,284,250,34,58
9797,20220413,297,20,125,72,53,26
9798,20230329,298,20,215,10,205,46
9799,20230613,299,20,217,193,24,48
9800,20240707,300,20,215,207,8,37
9801,20230404,301,20,247,86,161,21
9802,20240823,302,20,217,42,175,54
9803,20231218,303,20,149,84,65,39
9804,20230820,304,20,286,88,198,55
9805,20220607,305,20,138,97,41,24
9806,20230313,306,20,233,75,158,59
9807,20231127,307,20,270,38,232,23
9808,20240109,308,20,95,67,28,60
9809,20230131,309,20,103,100,3,44
9810,20230308,310,20,204,198,6,54
9811,20230525,311,20,250,136,114,59
9812,20230718,312,20,236,202,34,55
9813,20220916,313,20,242,14,228,23
9814,20230526,314,20,99,34,65,36
9815,20221231,315,20,197,186,11,25
9816,20231218,316,20,135,73,62,24
9817,20221110,317,20,245,240,5,46
9818,20241230,318,20,81,71,10,43
9819,20220630,319,20,165,86,79,29
9820,20220531,320,20,270,135,135,24
9821,20231004,321,20,285,191,94,27
9822,20240707,322,20,289,63,226,49
9823,20221108,323,20,208,113,95,59
9824,20221008,324,20,162,135,27,43
9825,20240121,325,20,273,182,91,26
9826,20231227,326,20,291,258,33,26
9827,20240513,327,20,241,24,217,35
9828,20220916,328,20,255,191,64,38
9829,20240628,329,20,140,14,126,39
9830,20241231,330,20,239,72,167,46
9831,20241008,331,20,95,38,57,35
9832,20240917,332,20,76,13,63,58
9833,20240721,333,20,138,109,29,55
9834,20230513,334,20,277,79,198,33
9835,20221119,335,20,141,71,70,59
9836,20240703,336,20,129,123,6,40
9837,20220408,337,20,283,194,89,32
9838,20230509,338,20,74,36,38,23
9839,20220925,339,20,60,56,4,51
9840,20230613,340,20,177,164,13,53
9841,20240512,341,20,258,117,141,22
9842,20220411,342,20,60,55,5,23
9843,20241202,343,20,248,104,144,59
9844,20221101,344,20,138,123,15,32
9845,20240225,345,20,181,77,104,47
9846,20220309,346,20,203,173,30,48
9847,20240722,347,20,60,53,7,38
9848,20230519,348,20,56,37,19,45
9849,20240604,349,20,62,58,4,50
9850,20231106,350,20,109,28,81,25
9851,20221001,351,20,242,226,16,37
9852,20220223,352,20,189,130,59,54
9853,20231230,353,20,128,36,92,31
9854,20240312,354,20,136,17,119,57
9855,20230808,355,20,290,141,149,27
9856,20241113,356,20,207,70,137,54
9857,20220812,357,20,133,100,33,34
9858,20230505,358,20,73,45,28,21
9859,20241130,359,20,288,70,218,22
9860,20240417,360,20,249,218,31,59
9861,20231124,361,20,186,155,31,52
9862,20240925,362,20,55,45,10,56
9863,20230727,363,20,95,58,37,32
9864,20220424,364,20,245,45,200,48
9865,20240123,365,20,150,38,112,55
9866,20220426,366,20,63,49,14,58
9867,20220922,367,20,300,96,204,33
9868,20220413,368,20,264,184,80,52
9869,20220830,369,20,111,57,54,36
9870,20230403,370,20,248,57,191,50
9871,20230125,371,20,168,162,6,31
9872,20231111,372,20,157,25,132,36
9873,20240702,373,20,62,49,13,33
9874,20230214,374,20,295,138,157,39
9875,20220722,375,20,135,73,62,34
9876,20230925,376,20,56,30,26,51
9877,20240115,377,20,295,139,156,56
9878,20230518,378,20,245,243,2,50
9879,20241230,379,20,267,34,233,48
9880,20230427,380,20,151,91,60,29
9881,20240618,381,20,208,65,143,23
9882,20220210,382,20,254,251,3,41
9883,20230514,383,20,141,101,40,22
9884,20230829,384,20,91,63,28,56
9885,20241106,385,20,229,119,110,46
9886,20230621,386,20,217,182,35,58
9887,20230505,387,20,124,65,59,36
9888,20230208,388,20,241,22,219,24
9889,20240401,389,20,293,89,204,41
9890,20220704,390,20,142,76,66,44
9891,20221002,391,20,145,35,110,60
9892,20240309,392,20,89,86,3,37
9893,20220712,393,20,243,223,20,30
9894,20240804,394,20,197,12,185,56
9895,20231116,395,20,69,37,32,41
9896,20221216,396,20,139,63,76,57
9897,20220215,397,20,184,124,60,27
9898,20230913,398,20,277,136,141,51
9899,20240825,399,20,74,72,2,36
9900,20220113,400,20,244,62,182,55
9901,20220621,401,20,50,13,37,58
9902,20220303,402,20,274,256,18,43
9903,20220920,403,20,74,51,23,36
9904,20220727,404,20,251,76,175,42
9905,20240709,405,20,151,36,115,32
9906,20241223,406,20,186,54,132,34
9907,20240404,407,20,67,64,3,55
9908,20220813,408,20,105,52,53,23
9909,20240816,409,20,255,87,168,51
9910,20220105,410,20,135,14,121,42
9911,20240220,411,20,211,160,51,21
9912,20230102,412,20,244,60,184,43
9913,20240531,413,20,139,20,119,51
9914,20221130,414,20,297,131,166,27
9915,20221106,415,20,234,51,183,25
9916,20230103,416,20,59,51,8,53
9917,20230915,417,20,56,49,7,49
9918,20240620,418,20,152,112,40,39
9919,20231117,419,20,243,131,112,22
9920,20220721,420,20,159,148,11,21
9921,20220222,421,20,257,26,231,49
9922,20241021,422,20,204,12,192,44
9923,20240502,423,20,137,35,102,60
9924,20231208,424,20,292,268,24,48
9925,20230213,425,20,177,55,122,53
9926,20220906,426,20,265,73,192,34
9927,20230102,427,20,176,24,152,49
9928,20220414,428,20,137,91,46,20
9929,20240304,429,20,273,26,247,23
9930,20220818,430,20,145,31,114,27
9931,20221001,431,20,227,97,130,50
9932,20230609,432,20,231,167,64,24
9933,20240918,433,20,227,81,146,53
9934,20240813,434,20,193,59,134,43
9935,20230820,435,20,147,121,26,51
9936,20240704,436,20,69,19,50,34
9937,20220916,437,20,231,11,220,54
9938,20241116,438,20,82,46,36,20
9939,20230927,439,20,156,23,133,40
9940,20231005,440,20,247,186,61,60
9941,20220702,441,20,252,179,73,30
9942,20240713,442,20,54,40,14,32
9943,20230213,443,20,138,81,57,50
9944,20230826,444,20,224,216,8,48
9945,20220105,445,20,115,53,62,33
9946,20241110,446,20,66,17,49,55
9947,20230825,447,20,110,63,47,54
9948,20220710,448,20,208,34,174,49
9949,20220819,449,20,201,133,68,59
9950,20240825,450,20,258,23,235,30
9951,20241130,451,20,110,96,14,25
9952,20230223,452,20,61,51,10,55
9953,20240501,453,20,138,53,85,59
9954,20221017,454,20,83,77,6,39
9955,20240928,455,20,179,29,150,42
9956,20221206,456,20,198,177,21,49
9957,20241014,457,20,99,72,27,48
9958,20230308,458,20,129,120,9,58
9959,20240811,459,20,70,41,29,39
9960,20220219,460,20,122,41,81,48
9961,20240924,461,20,167,62,105,25
9962,20220727,462,20,266,165,101,35
9963,20230323,463,20,83,17,66,25
9964,20240730,464,20,61,56,5,34
9965,20230725,465,20,87,11,76,25
9966,20220330,466,20,196,188,8,43
9967,20221003,467,20,286,134,152,25
9968,20220910,468,20,79,37,42,54
9969,20240423,469,20,249,182,67,38
9970,20220507,470,20,80,62,18,44
9971,20240714,471,20,121,28,93,26
9972,20230618,472,20,166,65,101,25
9973,20240203,473,20,224,224,0,49
9974,20240220,474,20,183,143,40,38
9975,20230123,475,20,77,47,30,36
9976,20220314,476,20,98,65,33,26
9977,20240615,477,20,77,50,27,57
9978,20230508,478,20,137,112,25,31
9979,20230201,479,20,54,19,35,30
9980,20240318,480,20,287,113,174,20
9981,20220305,481,20,275,95,180,57
9982,20221102,482,20,98,52,46,53
9983,20240216,483,20,106,82,24,54
9984,20220325,484,20,264,140,124,51
9985,20220724,485,20,255,136,119,29
9986,20230408,486,20,112,106,6,51
9987,20220628,487,20,150,51,99,55
9988,20240318,488,20,122,86,36,26
9989,20220810,489,20,261,121,140,39
9990,20221218,490,20,160,31,129,25
9991,20221114,491,20,147,105,42,41
9992,20220217,492,20,245,148,97,23
9993,20240904,493,20,118,118,0,43
9994,20230728,494,20,180,77,103,50
9995,20230105,495,20,248,107,141,40
9996,20241213,496,20,261,14,247,25
9997,20231215,497,20,219,109,110,43
9998,20240317,498,20,211,191,20,26
9999,20240205,499,20,226,219,7,27
10000,20230118,500,20,109,33,76,57
